request_id,user_id,timestamp,priority
REQ000001,USER000213,45620,8
REQ000002,USER004506,10899,5
REQ000003,USER003163,40013,3
REQ000004,USER002383,3479,6
REQ000005,USER009884,12700,6
REQ000006,USER006709,49182,9
REQ000007,USER008003,53140,10
REQ000008,USER009692,14702,10
REQ000009,USER001158,12842,9
REQ000010,USER003251,80770,7
REQ000011,USER002209,67427,2
REQ000012,USER007853,48422,4
REQ000013,USER005733,83252,1
REQ000014,USER004563,44852,8
REQ000015,USER008310,40864,8
REQ000016,USER000014,6309,3
REQ000017,USER001857,45675,4
REQ000018,USER000381,68811,3
REQ000019,USER006883,48196,4
REQ000020,USER009645,76825,10
REQ000021,USER008450,14776,1
REQ000022,USER004040,71229,6
REQ000023,USER004113,40041,8
REQ000024,USER005853,84671,6
REQ000025,USER004136,59865,6
REQ000026,USER003441,66959,10
REQ000027,USER009484,84292,2
REQ000028,USER000001,43698,1
REQ000029,USER002740,19800,2
REQ000030,USER007705,75996,5
REQ000031,USER000260,83165,3
REQ000032,USER001534,1285,8
REQ000033,USER001101,58209,9
REQ000034,USER003072,74800,8
REQ000035,USER007937,14774,4
REQ000036,USER008104,73413,10
REQ000037,USER000772,81056,4
REQ000038,USER006225,21773,8
REQ000039,USER007361,21911,6
REQ000040,USER008526,31054,7
REQ000041,USER003614,62330,5
REQ000042,USER001237,3918,7
REQ000043,USER006097,56395,6
REQ000044,USER008338,70359,1
REQ000045,USER004299,36511,2
REQ000046,USER007153,84493,10
REQ000047,USER000691,72600,9
REQ000048,USER005376,53605,7
REQ000049,USER005159,54343,3
REQ000050,USER006744,46134,4
REQ000051,USER002945,19806,4
REQ000052,USER001574,43118,7
REQ000053,USER002999,7577,6
REQ000054,USER008794,47965,7
REQ000055,USER006404,7456,7
REQ000056,USER009637,69785,4
REQ000057,USER003511,7269,4
REQ000058,USER002637,78779,2
REQ000059,USER000642,40824,1
REQ000060,USER002568,86252,9
REQ000061,USER009774,54775,9
REQ000062,USER001779,66452,9
REQ000063,USER006212,21757,4
REQ000064,USER006646,15692,7
REQ000065,USER004752,14336,9
REQ000066,USER007667,22871,4
REQ000067,USER002326,57591,8
REQ000068,USER003978,67698,9
REQ000069,USER006018,32640,8
REQ000070,USER003305,6327,3
REQ000071,USER005592,74227,3
REQ000072,USER004956,8106,8
REQ000073,USER007389,66716,5
REQ000074,USER001620,49079,10
REQ000075,USER001974,4577,2
REQ000076,USER000798,15518,2
REQ000077,USER000757,82071,7
REQ000078,USER008298,65579,2
REQ000079,USER004720,299,8
REQ000080,USER001804,54198,4
REQ000081,USER006995,24740,8
REQ000082,USER008065,77608,8
REQ000083,USER001963,56885,8
REQ000084,USER007854,49827,5
REQ000085,USER002999,58705,7
REQ000086,USER001521,51895,1
REQ000087,USER002041,37095,5
REQ000088,USER009687,6547,10
REQ000089,USER006217,9277,3
REQ000090,USER007103,50475,9
REQ000091,USER006659,23522,2
REQ000092,USER001731,6765,4
REQ000093,USER008958,50940,6
REQ000094,USER005319,49801,10
REQ000095,USER007336,34908,10
REQ000096,USER004800,67931,8
REQ000097,USER001421,32917,7
REQ000098,USER007885,57683,4
REQ000099,USER004420,32005,10
REQ000100,USER003753,7408,1
REQ000101,USER007514,10024,9
REQ000102,USER001009,76169,5
REQ000103,USER001234,64000,4
REQ000104,USER006665,50433,4
REQ000105,USER008650,51251,1
REQ000106,USER009768,54122,7
REQ000107,USER007843,83685,10
REQ000108,USER005205,67619,6
REQ000109,USER003471,20515,8
REQ000110,USER008756,38832,9
REQ000111,USER009668,42445,3
REQ000112,USER000775,48459,2
REQ000113,USER003636,14265,9
REQ000114,USER001433,71504,6
REQ000115,USER007406,42420,5
REQ000116,USER005597,48412,8
REQ000117,USER008573,3035,7
REQ000118,USER003536,30280,6
REQ000119,USER003235,73629,9
REQ000120,USER009224,13059,4
REQ000121,USER006574,29072,3
REQ000122,USER009413,8088,5
REQ000123,USER009420,71427,9
REQ000124,USER008804,30553,2
REQ000125,USER005453,28548,8
REQ000126,USER005162,17353,6
REQ000127,USER002268,7947,5
REQ000128,USER008288,24255,9
REQ000129,USER007080,46271,4
REQ000130,USER000837,73281,2
REQ000131,USER007541,79602,4
REQ000132,USER002749,15633,7
REQ000133,USER002035,52495,3
REQ000134,USER009088,74831,5
REQ000135,USER007250,77539,9
REQ000136,USER006525,31257,4
REQ000137,USER005700,16187,6
REQ000138,USER000307,62717,1
REQ000139,USER003911,50777,2
REQ000140,USER004087,73861,4
REQ000141,USER003742,53103,3
REQ000142,USER008881,27654,3
REQ000143,USER000939,26199,3
REQ000144,USER001721,29824,7
REQ000145,USER004347,86307,5
REQ000146,USER007090,21187,7
REQ000147,USER007309,38360,7
REQ000148,USER003550,8325,3
REQ000149,USER002153,42249,4
REQ000150,USER006291,66099,9
REQ000151,USER005856,1471,9
REQ000152,USER001948,75722,4
REQ000153,USER002760,6679,6
REQ000154,USER007236,84795,9
REQ000155,USER006135,68315,6
REQ000156,USER002399,6095,5
REQ000157,USER007369,44501,8
REQ000158,USER006675,32557,8
REQ000159,USER001373,80982,5
REQ000160,USER001702,49150,8
REQ000161,USER006811,19485,9
REQ000162,USER007922,20575,5
REQ000163,USER004115,75625,8
REQ000164,USER002210,54510,10
REQ000165,USER007230,69788,2
REQ000166,USER005186,71787,6
REQ000167,USER004546,15483,10
REQ000168,USER002784,47200,6
REQ000169,USER005910,24869,10
REQ000170,USER009283,7186,9
REQ000171,USER009394,76745,4
REQ000172,USER001067,23676,7
REQ000173,USER003694,58506,7
REQ000174,USER007445,60333,10
REQ000175,USER006255,43447,1
REQ000176,USER000872,36979,4
REQ000177,USER004427,51965,9
REQ000178,USER003720,20796,9
REQ000179,USER004303,63692,8
REQ000180,USER002849,82101,6
REQ000181,USER006725,54028,8
REQ000182,USER003680,60682,4
REQ000183,USER007502,52019,9
REQ000184,USER005646,47124,7
REQ000185,USER003360,34568,5
REQ000186,USER009870,10286,8
REQ000187,USER006735,47941,3
REQ000188,USER001100,77426,1
REQ000189,USER004716,69219,3
REQ000190,USER002695,36679,3
REQ000191,USER007933,65085,2
REQ000192,USER008250,4533,8
REQ000193,USER005930,24758,9
REQ000194,USER001095,13762,10
REQ000195,USER002837,27158,4
REQ000196,USER004819,15918,8
REQ000197,USER007304,71727,8
REQ000198,USER007580,29387,2
REQ000199,USER000265,55526,8
REQ000200,USER005307,11623,4
REQ000201,USER005926,85457,3
REQ000202,USER002160,26406,9
REQ000203,USER000703,46395,4
REQ000204,USER007888,6951,2
REQ000205,USER007653,45304,3
REQ000206,USER008226,66851,3
REQ000207,USER008556,67520,8
REQ000208,USER005815,16464,3
REQ000209,USER002420,27171,5
REQ000210,USER006392,49307,1
REQ000211,USER004021,38286,9
REQ000212,USER004613,34964,3
REQ000213,USER005477,1003,1
REQ000214,USER003095,66833,5
REQ000215,USER008201,40523,4
REQ000216,USER000704,61850,4
REQ000217,USER009635,31593,7
REQ000218,USER008341,9605,1
REQ000219,USER001149,43067,2
REQ000220,USER004549,20339,2
REQ000221,USER002585,81859,2
REQ000222,USER008504,72193,4
REQ000223,USER000420,65502,1
REQ000224,USER002236,10822,9
REQ000225,USER004283,67485,1
REQ000226,USER005213,78863,5
REQ000227,USER005927,37293,7
REQ000228,USER007727,80479,3
REQ000229,USER002893,28778,4
REQ000230,USER002775,9229,9
REQ000231,USER001021,21251,3
REQ000232,USER008874,50906,3
REQ000233,USER009441,35225,5
REQ000234,USER000446,4237,7
REQ000235,USER000574,696,2
REQ000236,USER004666,66450,2
REQ000237,USER007665,39322,7
REQ000238,USER003213,40513,10
REQ000239,USER005899,81208,10
REQ000240,USER005906,49939,7
REQ000241,USER005383,71692,8
REQ000242,USER006457,84600,7
REQ000243,USER007285,72522,5
REQ000244,USER002501,11914,9
REQ000245,USER004441,59144,6
REQ000246,USER008072,85826,6
REQ000247,USER002233,10492,5
REQ000248,USER007438,27355,7
REQ000249,USER004167,3563,1
REQ000250,USER009312,27724,5
REQ000251,USER002304,50115,1
REQ000252,USER008469,81362,9
REQ000253,USER002993,50562,4
REQ000254,USER003586,82376,6
REQ000255,USER005363,18118,5
REQ000256,USER002212,34910,6
REQ000257,USER000245,66619,6
REQ000258,USER001397,18341,4
REQ000259,USER007490,60673,9
REQ000260,USER005498,11244,4
REQ000261,USER007297,77808,3
REQ000262,USER001765,30196,3
REQ000263,USER008225,30324,6
REQ000264,USER004429,23030,2
REQ000265,USER009743,52439,1
REQ000266,USER008091,43806,4
REQ000267,USER005344,30735,8
REQ000268,USER007677,73465,9
REQ000269,USER005954,61738,4
REQ000270,USER001565,61663,10
REQ000271,USER006941,79192,10
REQ000272,USER008972,24737,9
REQ000273,USER007884,71882,8
REQ000274,USER007231,42675,4
REQ000275,USER009519,17302,8
REQ000276,USER002779,73896,10
REQ000277,USER007298,54853,3
REQ000278,USER004320,71611,9
REQ000279,USER001366,82533,8
REQ000280,USER006226,24471,7
REQ000281,USER007691,34180,10
REQ000282,USER003548,28706,2
REQ000283,USER009952,568,7
REQ000284,USER007301,44287,6
REQ000285,USER008470,75536,6
REQ000286,USER001056,38700,9
REQ000287,USER002479,81517,4
REQ000288,USER005521,40203,1
REQ000289,USER009829,28950,2
REQ000290,USER003611,55141,2
REQ000291,USER002242,54129,1
REQ000292,USER000561,8321,2
REQ000293,USER009148,45340,10
REQ000294,USER003868,72706,3
REQ000295,USER001581,9038,9
REQ000296,USER003358,79323,10
REQ000297,USER008926,5053,4
REQ000298,USER009371,48798,4
REQ000299,USER002777,13105,1
REQ000300,USER006600,12339,10
REQ000301,USER009605,63405,5
REQ000302,USER001077,7659,2
REQ000303,USER003437,43678,10
REQ000304,USER003067,20794,1
REQ000305,USER007464,63803,10
REQ000306,USER007849,74177,6
REQ000307,USER006011,51831,1
REQ000308,USER005597,44322,7
REQ000309,USER008120,60882,6
REQ000310,USER002512,61878,2
REQ000311,USER007650,14600,8
REQ000312,USER009711,25545,8
REQ000313,USER003809,11318,7
REQ000314,USER005215,33967,3
REQ000315,USER009130,64849,3
REQ000316,USER006167,72722,4
REQ000317,USER007892,43819,4
REQ000318,USER008883,46243,9
REQ000319,USER005880,37181,6
REQ000320,USER008166,62523,4
REQ000321,USER008466,78718,4
REQ000322,USER007634,40250,7
REQ000323,USER000448,47701,8
REQ000324,USER001289,58335,1
REQ000325,USER001805,16194,7
REQ000326,USER001637,36944,4
REQ000327,USER000122,30929,7
REQ000328,USER004546,15309,4
REQ000329,USER000116,11500,1
REQ000330,USER009129,58053,4
REQ000331,USER004996,64811,10
REQ000332,USER001028,39665,4
REQ000333,USER002739,80641,7
REQ000334,USER004415,37575,4
REQ000335,USER001401,12144,3
REQ000336,USER007520,77958,1
REQ000337,USER002290,45791,10
REQ000338,USER000470,42964,5
REQ000339,USER003237,50006,7
REQ000340,USER003504,5977,10
REQ000341,USER000798,11941,6
REQ000342,USER001834,48582,4
REQ000343,USER009254,86076,1
REQ000344,USER003554,24990,2
REQ000345,USER007425,41613,6
REQ000346,USER006588,66237,5
REQ000347,USER003374,2323,3
REQ000348,USER005206,57345,2
REQ000349,USER009799,5254,7
REQ000350,USER000298,58560,8
REQ000351,USER002541,79891,1
REQ000352,USER004069,60290,5
REQ000353,USER005800,43171,4
REQ000354,USER006679,54609,7
REQ000355,USER006710,15377,6
REQ000356,USER000818,26867,2
REQ000357,USER002462,54501,7
REQ000358,USER005137,809,5
REQ000359,USER001514,43524,8
REQ000360,USER000342,46422,7
REQ000361,USER006583,82364,4
REQ000362,USER004203,81562,1
REQ000363,USER006643,15009,5
REQ000364,USER005997,22174,4
REQ000365,USER008258,73321,3
REQ000366,USER000535,47413,2
REQ000367,USER000356,29234,9
REQ000368,USER009617,1260,1
REQ000369,USER004651,27587,7
REQ000370,USER008955,41773,1
REQ000371,USER009419,79025,5
REQ000372,USER009057,18454,2
REQ000373,USER009238,7122,8
REQ000374,USER002307,49254,10
REQ000375,USER000936,72983,4
REQ000376,USER009509,82025,10
REQ000377,USER006782,41743,1
REQ000378,USER000244,65953,3
REQ000379,USER008185,48163,7
REQ000380,USER001545,69565,5
REQ000381,USER003287,59640,9
REQ000382,USER003178,52206,10
REQ000383,USER004624,58911,1
REQ000384,USER004533,80154,5
REQ000385,USER003117,38967,8
REQ000386,USER001426,53860,7
REQ000387,USER003553,45957,2
REQ000388,USER002418,38566,3
REQ000389,USER004707,49126,5
REQ000390,USER002095,47286,1
REQ000391,USER005902,28667,4
REQ000392,USER000409,71507,4
REQ000393,USER000247,49807,3
REQ000394,USER002971,3435,9
REQ000395,USER001697,5161,6
REQ000396,USER009322,23569,5
REQ000397,USER008992,13065,8
REQ000398,USER002629,84738,7
REQ000399,USER001562,61157,1
REQ000400,USER007183,84322,6
REQ000401,USER007289,85071,1
REQ000402,USER007136,18296,8
REQ000403,USER005638,30974,10
REQ000404,USER002425,48804,3
REQ000405,USER003577,37274,3
REQ000406,USER007990,35449,8
REQ000407,USER008515,43080,4
REQ000408,USER007920,57994,2
REQ000409,USER001320,46442,7
REQ000410,USER009259,83699,6
REQ000411,USER002245,38327,6
REQ000412,USER006172,19020,2
REQ000413,USER005129,1192,5
REQ000414,USER007740,41685,10
REQ000415,USER003624,75024,4
REQ000416,USER002834,29007,3
REQ000417,USER004448,36726,3
REQ000418,USER000102,7760,6
REQ000419,USER002505,19143,3
REQ000420,USER007112,77777,4
REQ000421,USER000457,57553,7
REQ000422,USER006639,53241,1
REQ000423,USER006381,34128,7
REQ000424,USER008909,48411,10
REQ000425,USER004229,67140,10
REQ000426,USER009082,3746,6
REQ000427,USER006696,34055,6
REQ000428,USER002741,86047,1
REQ000429,USER004595,9154,9
REQ000430,USER003097,73080,10
REQ000431,USER001350,74411,9
REQ000432,USER004729,63783,6
REQ000433,USER006945,2966,1
REQ000434,USER004616,22950,10
REQ000435,USER004309,69165,8
REQ000436,USER003457,32456,5
REQ000437,USER004446,28637,1
REQ000438,USER007397,34545,10
REQ000439,USER003202,23817,10
REQ000440,USER000321,85849,9
REQ000441,USER004448,62106,4
REQ000442,USER004751,54319,6
REQ000443,USER008749,7967,6
REQ000444,USER003023,55645,2
REQ000445,USER001746,60328,2
REQ000446,USER007357,41783,7
REQ000447,USER002158,65443,9
REQ000448,USER009582,68178,8
REQ000449,USER008954,23217,5
REQ000450,USER004956,18298,9
REQ000451,USER001818,17801,2
REQ000452,USER008144,37993,4
REQ000453,USER006177,85118,10
REQ000454,USER006830,56833,6
REQ000455,USER004394,37176,8
REQ000456,USER009300,30025,6
REQ000457,USER002876,4722,9
REQ000458,USER004914,31665,4
REQ000459,USER008680,43458,9
REQ000460,USER005238,24076,5
REQ000461,USER004931,53784,6
REQ000462,USER008924,33410,1
REQ000463,USER007048,3580,7
REQ000464,USER001587,34067,5
REQ000465,USER006968,31390,9
REQ000466,USER006873,7965,2
REQ000467,USER008958,68906,2
REQ000468,USER006087,12258,4
REQ000469,USER000401,59257,6
REQ000470,USER000647,52105,5
REQ000471,USER001911,3868,8
REQ000472,USER005941,54209,1
REQ000473,USER005239,23923,7
REQ000474,USER007626,51871,6
REQ000475,USER002610,20790,5
REQ000476,USER007591,82467,3
REQ000477,USER003375,37183,5
REQ000478,USER009819,61961,8
REQ000479,USER003152,60262,9
REQ000480,USER005278,15075,8
REQ000481,USER003489,297,5
REQ000482,USER009055,23163,9
REQ000483,USER006348,46614,1
REQ000484,USER005138,82340,3
REQ000485,USER005405,15514,9
REQ000486,USER009801,74096,9
REQ000487,USER000592,55726,1
REQ000488,USER005553,10955,8
REQ000489,USER003286,63363,9
REQ000490,USER008476,42574,9
REQ000491,USER000188,48962,2
REQ000492,USER000067,1060,4
REQ000493,USER005825,76216,3
REQ000494,USER004083,6731,7
REQ000495,USER003869,72849,1
REQ000496,USER006018,31132,2
REQ000497,USER003096,69285,6
REQ000498,USER008255,65178,1
REQ000499,USER006609,80467,5
REQ000500,USER008417,23128,7
REQ000501,USER000016,84207,8
REQ000502,USER005477,1493,1
REQ000503,USER002619,18806,3
REQ000504,USER006603,76699,2
REQ000505,USER001985,58264,8
REQ000506,USER009855,57484,4
REQ000507,USER001151,57133,2
REQ000508,USER004563,26388,10
REQ000509,USER006678,85421,9
REQ000510,USER001446,3846,3
REQ000511,USER003509,64361,10
REQ000512,USER009966,25723,6
REQ000513,USER005206,30330,6
REQ000514,USER004994,25207,1
REQ000515,USER002461,45036,8
REQ000516,USER001014,52197,4
REQ000517,USER003915,62004,5
REQ000518,USER006237,39205,3
REQ000519,USER006721,31812,5
REQ000520,USER006831,12431,4
REQ000521,USER005776,65266,3
REQ000522,USER008348,81735,2
REQ000523,USER005735,75879,7
REQ000524,USER003084,8941,1
REQ000525,USER009950,79833,8
REQ000526,USER008487,63428,2
REQ000527,USER002332,45765,5
REQ000528,USER003563,21733,6
REQ000529,USER008754,72375,4
REQ000530,USER000530,65669,1
REQ000531,USER007213,17175,6
REQ000532,USER009692,78885,8
REQ000533,USER003889,59202,5
REQ000534,USER002283,1620,6
REQ000535,USER003754,11689,9
REQ000536,USER004028,77513,9
REQ000537,USER000187,37577,4
REQ000538,USER006654,18906,3
REQ000539,USER003177,48302,3
REQ000540,USER006263,822,7
REQ000541,USER006962,12438,2
REQ000542,USER006849,66155,3
REQ000543,USER004242,2173,8
REQ000544,USER001810,49716,4
REQ000545,USER004137,3299,6
REQ000546,USER003992,72370,3
REQ000547,USER006067,84496,9
REQ000548,USER000236,76283,3
REQ000549,USER003038,67935,1
REQ000550,USER001479,30710,9
REQ000551,USER007389,39051,6
REQ000552,USER005326,84960,8
REQ000553,USER002327,69319,2
REQ000554,USER009601,12874,2
REQ000555,USER008741,79764,2
REQ000556,USER005657,78788,2
REQ000557,USER009077,80675,8
REQ000558,USER005271,17202,9
REQ000559,USER002819,32567,6
REQ000560,USER003711,76271,6
REQ000561,USER007238,33292,6
REQ000562,USER003342,732,8
REQ000563,USER002113,52966,9
REQ000564,USER009852,55854,4
REQ000565,USER008846,29712,8
REQ000566,USER000156,43734,7
REQ000567,USER006124,73270,3
REQ000568,USER004162,62443,4
REQ000569,USER002835,78760,3
REQ000570,USER005435,15343,4
REQ000571,USER000707,6059,8
REQ000572,USER007407,26604,10
REQ000573,USER008894,82729,9
REQ000574,USER003976,32283,5
REQ000575,USER004859,65674,7
REQ000576,USER006068,24977,3
REQ000577,USER007084,76654,7
REQ000578,USER007318,75603,10
REQ000579,USER008430,85719,4
REQ000580,USER005683,43136,10
REQ000581,USER005748,35282,6
REQ000582,USER007612,57411,4
REQ000583,USER003542,9148,7
REQ000584,USER009720,44333,10
REQ000585,USER008314,18798,10
REQ000586,USER004333,79646,1
REQ000587,USER002271,5729,5
REQ000588,USER008127,43032,9
REQ000589,USER008853,52948,1
REQ000590,USER003047,6091,10
REQ000591,USER002717,22287,3
REQ000592,USER006660,26575,8
REQ000593,USER001028,13818,2
REQ000594,USER003907,18581,10
REQ000595,USER004377,66982,10
REQ000596,USER005600,9560,3
REQ000597,USER004134,47953,9
REQ000598,USER001548,14982,3
REQ000599,USER004004,30970,8
REQ000600,USER009339,76892,9
REQ000601,USER004012,77491,8
REQ000602,USER008085,45901,2
REQ000603,USER000056,3239,10
REQ000604,USER003464,72321,7
REQ000605,USER006584,61539,1
REQ000606,USER006511,66181,8
REQ000607,USER004821,56602,1
REQ000608,USER001510,55438,2
REQ000609,USER006990,61953,8
REQ000610,USER003948,16550,10
REQ000611,USER007170,68667,9
REQ000612,USER002619,7277,5
REQ000613,USER003135,32318,6
REQ000614,USER003247,2117,2
REQ000615,USER000417,32425,9
REQ000616,USER009239,500,1
REQ000617,USER003605,16846,5
REQ000618,USER007836,29576,7
REQ000619,USER006764,45655,1
REQ000620,USER008891,82418,7
REQ000621,USER007370,35535,2
REQ000622,USER005475,4903,1
REQ000623,USER001036,63840,2
REQ000624,USER005301,54974,7
REQ000625,USER005132,22705,2
REQ000626,USER003556,39069,6
REQ000627,USER002984,30684,9
REQ000628,USER007058,20048,1
REQ000629,USER001657,23147,6
REQ000630,USER003198,15560,10
REQ000631,USER004074,7387,10
REQ000632,USER003012,29028,8
REQ000633,USER007724,40564,1
REQ000634,USER003571,83024,10
REQ000635,USER003016,18197,3
REQ000636,USER004618,85330,5
REQ000637,USER007711,66928,4
REQ000638,USER004056,63010,6
REQ000639,USER003148,60860,2
REQ000640,USER008252,38417,6
REQ000641,USER003477,40137,6
REQ000642,USER001385,32170,1
REQ000643,USER002742,24622,10
REQ000644,USER001208,46986,6
REQ000645,USER006021,36149,5
REQ000646,USER007874,69550,5
REQ000647,USER006580,286,9
REQ000648,USER007082,14771,5
REQ000649,USER006551,75682,4
REQ000650,USER004416,14930,3
REQ000651,USER003879,9343,3
REQ000652,USER007229,30935,10
REQ000653,USER004376,38672,4
REQ000654,USER004903,24286,2
REQ000655,USER001622,7339,8
REQ000656,USER003609,52798,10
REQ000657,USER008699,39713,8
REQ000658,USER005474,19306,2
REQ000659,USER001136,54670,3
REQ000660,USER001640,70586,1
REQ000661,USER009020,26947,1
REQ000662,USER001078,2646,10
REQ000663,USER001017,23957,2
REQ000664,USER002870,78825,5
REQ000665,USER004011,25923,9
REQ000666,USER001078,4245,5
REQ000667,USER001181,44544,10
REQ000668,USER001448,59100,7
REQ000669,USER009738,26872,5
REQ000670,USER000925,32964,3
REQ000671,USER005291,36865,2
REQ000672,USER003567,38775,2
REQ000673,USER000514,33840,7
REQ000674,USER008522,57520,4
REQ000675,USER005640,39087,9
REQ000676,USER004808,51605,4
REQ000677,USER006893,86052,3
REQ000678,USER008864,15630,1
REQ000679,USER004790,7453,2
REQ000680,USER007803,13222,5
REQ000681,USER006669,5845,10
REQ000682,USER006352,34038,3
REQ000683,USER008803,27015,7
REQ000684,USER002905,12756,4
REQ000685,USER002067,57921,4
REQ000686,USER009256,35361,1
REQ000687,USER005461,65833,4
REQ000688,USER007123,23517,2
REQ000689,USER002496,21812,4
REQ000690,USER003762,73846,4
REQ000691,USER009457,68704,8
REQ000692,USER003480,84926,8
REQ000693,USER008644,4146,3
REQ000694,USER008391,18546,9
REQ000695,USER006434,62031,2
REQ000696,USER000103,57005,9
REQ000697,USER005866,1406,1
REQ000698,USER000160,35420,8
REQ000699,USER002630,37981,1
REQ000700,USER003849,20567,4
REQ000701,USER005941,7139,1
REQ000702,USER003651,38125,1
REQ000703,USER005576,50937,6
REQ000704,USER004127,7642,6
REQ000705,USER004462,77495,3
REQ000706,USER003893,18878,5
REQ000707,USER002367,54492,8
REQ000708,USER003213,32157,7
REQ000709,USER000742,51907,9
REQ000710,USER000818,72150,4
REQ000711,USER006976,42342,9
REQ000712,USER006914,67571,8
REQ000713,USER004840,84475,1
REQ000714,USER005410,59274,2
REQ000715,USER005308,37684,9
REQ000716,USER000117,14366,5
REQ000717,USER005397,13216,1
REQ000718,USER007197,47961,5
REQ000719,USER007022,61860,2
REQ000720,USER003465,1916,5
REQ000721,USER002008,22247,1
REQ000722,USER003795,66121,1
REQ000723,USER001476,39418,5
REQ000724,USER007544,63237,3
REQ000725,USER006056,28502,4
REQ000726,USER005955,48071,8
REQ000727,USER004828,12677,2
REQ000728,USER005236,26965,7
REQ000729,USER008322,37059,1
REQ000730,USER001626,12627,6
REQ000731,USER003600,81274,9
REQ000732,USER006918,62581,3
REQ000733,USER005400,29565,8
REQ000734,USER002756,22272,1
REQ000735,USER002165,6814,10
REQ000736,USER006837,50713,8
REQ000737,USER002924,1367,7
REQ000738,USER009732,5084,7
REQ000739,USER008808,55569,4
REQ000740,USER007303,1616,5
REQ000741,USER003280,17829,5
REQ000742,USER005353,77819,5
REQ000743,USER005761,74034,6
REQ000744,USER007656,46950,1
REQ000745,USER000723,80409,3
REQ000746,USER002357,48928,1
REQ000747,USER003879,33599,1
REQ000748,USER001897,9456,2
REQ000749,USER008883,12900,3
REQ000750,USER009336,20893,8
REQ000751,USER001025,15226,4
REQ000752,USER002765,28734,10
REQ000753,USER008395,3036,1
REQ000754,USER007209,37317,8
REQ000755,USER004368,64623,9
REQ000756,USER007282,25956,10
REQ000757,USER005248,24117,7
REQ000758,USER000417,70001,10
REQ000759,USER006692,75475,5
REQ000760,USER001763,66511,7
REQ000761,USER004232,46323,5
REQ000762,USER002142,54059,6
REQ000763,USER001079,51389,2
REQ000764,USER004650,9968,2
REQ000765,USER006713,82834,2
REQ000766,USER006061,35204,2
REQ000767,USER006198,14032,3
REQ000768,USER004016,54364,8
REQ000769,USER009060,39088,10
REQ000770,USER003352,1630,1
REQ000771,USER000471,61384,7
REQ000772,USER009683,15229,7
REQ000773,USER002753,11462,1
REQ000774,USER005600,50265,7
REQ000775,USER005462,23901,9
REQ000776,USER008827,21059,10
REQ000777,USER007562,37861,2
REQ000778,USER000079,15410,9
REQ000779,USER009305,18869,8
REQ000780,USER005974,46941,7
REQ000781,USER005108,51149,2
REQ000782,USER007811,14367,3
REQ000783,USER008785,3682,5
REQ000784,USER009752,17474,6
REQ000785,USER007323,20850,6
REQ000786,USER005527,70974,9
REQ000787,USER003105,75538,1
REQ000788,USER005196,72393,3
REQ000789,USER000025,74558,4
REQ000790,USER007171,28140,5
REQ000791,USER007414,47934,1
REQ000792,USER000770,25728,10
REQ000793,USER008534,22715,6
REQ000794,USER002514,31551,9
REQ000795,USER008005,33480,1
REQ000796,USER000406,73677,8
REQ000797,USER003584,665,8
REQ000798,USER001473,27971,4
REQ000799,USER001360,75828,8
REQ000800,USER002523,53007,3
REQ000801,USER007190,15501,10
REQ000802,USER003624,77465,4
REQ000803,USER008987,42264,7
REQ000804,USER008633,6507,7
REQ000805,USER000780,83509,6
REQ000806,USER008618,15870,10
REQ000807,USER008344,62945,10
REQ000808,USER003376,50211,4
REQ000809,USER000480,39032,1
REQ000810,USER008543,34205,9
REQ000811,USER007967,55413,2
REQ000812,USER007550,55928,3
REQ000813,USER003330,44660,1
REQ000814,USER009042,641,3
REQ000815,USER007578,30787,7
REQ000816,USER009384,26995,4
REQ000817,USER002982,63090,2
REQ000818,USER005079,62209,7
REQ000819,USER003600,36246,1
REQ000820,USER006880,85032,7
REQ000821,USER008322,40033,2
REQ000822,USER000369,55273,6
REQ000823,USER008842,58438,3
REQ000824,USER008819,67545,10
REQ000825,USER007907,51392,3
REQ000826,USER001527,8378,7
REQ000827,USER006485,35490,1
REQ000828,USER004279,10763,5
REQ000829,USER006258,26869,10
REQ000830,USER002130,19902,5
REQ000831,USER001247,61365,1
REQ000832,USER006505,47927,4
REQ000833,USER009752,46245,1
REQ000834,USER005911,72369,10
REQ000835,USER006247,4382,5
REQ000836,USER008345,83171,4
REQ000837,USER000929,255,2
REQ000838,USER007541,22539,2
REQ000839,USER003939,32176,8
REQ000840,USER008682,78676,1
REQ000841,USER009256,6558,2
REQ000842,USER004480,11229,10
REQ000843,USER007644,53208,6
REQ000844,USER000194,43698,10
REQ000845,USER008190,22880,8
REQ000846,USER006773,27115,4
REQ000847,USER000703,71413,4
REQ000848,USER001845,61856,5
REQ000849,USER006091,33654,2
REQ000850,USER007278,36366,1
REQ000851,USER008025,79088,1
REQ000852,USER006995,55111,2
REQ000853,USER007894,76524,2
REQ000854,USER009995,19232,1
REQ000855,USER005625,63049,5
REQ000856,USER001038,17414,5
REQ000857,USER003374,39807,4
REQ000858,USER004984,79691,3
REQ000859,USER001232,85886,8
REQ000860,USER001213,80640,2
REQ000861,USER001581,54428,3
REQ000862,USER007572,24371,8
REQ000863,USER004125,45255,2
REQ000864,USER000953,55250,5
REQ000865,USER002958,33830,1
REQ000866,USER005965,15417,6
REQ000867,USER003864,62561,4
REQ000868,USER006292,12191,7
REQ000869,USER003008,17906,6
REQ000870,USER001824,32903,5
REQ000871,USER008914,60677,1
REQ000872,USER002358,51575,10
REQ000873,USER001355,80976,9
REQ000874,USER004520,23549,1
REQ000875,USER003951,16633,5
REQ000876,USER008992,5853,5
REQ000877,USER007672,39111,7
REQ000878,USER003492,46084,4
REQ000879,USER000452,71369,3
REQ000880,USER008829,26668,4
REQ000881,USER007785,54702,3
REQ000882,USER006511,20027,5
REQ000883,USER005046,67382,8
REQ000884,USER008040,29226,6
REQ000885,USER003592,14189,1
REQ000886,USER001175,49251,6
REQ000887,USER002138,39730,8
REQ000888,USER009266,38332,5
REQ000889,USER000994,65777,6
REQ000890,USER008414,51915,6
REQ000891,USER008633,36675,7
REQ000892,USER002891,51168,7
REQ000893,USER006979,33842,9
REQ000894,USER006957,72149,10
REQ000895,USER000250,67704,2
REQ000896,USER003226,40761,4
REQ000897,USER000270,4695,5
REQ000898,USER008961,38008,8
REQ000899,USER007808,76110,8
REQ000900,USER005818,56104,3
REQ000901,USER000068,43099,4
REQ000902,USER008415,82262,7
REQ000903,USER004915,42499,2
REQ000904,USER007280,45553,3
REQ000905,USER009618,70822,3
REQ000906,USER009607,76410,8
REQ000907,USER001391,16324,7
REQ000908,USER006648,67960,8
REQ000909,USER000019,47592,9
REQ000910,USER007080,73845,3
REQ000911,USER009914,71873,6
REQ000912,USER003680,20111,4
REQ000913,USER009224,21166,5
REQ000914,USER004543,42317,5
REQ000915,USER004290,79228,6
REQ000916,USER002668,58110,8
REQ000917,USER005919,64611,6
REQ000918,USER001997,12541,9
REQ000919,USER002018,78097,10
REQ000920,USER004163,39959,4
REQ000921,USER007573,15090,8
REQ000922,USER008426,69800,9
REQ000923,USER007228,67352,2
REQ000924,USER005339,49480,8
REQ000925,USER005668,56062,10
REQ000926,USER003441,21529,5
REQ000927,USER003546,2562,8
REQ000928,USER003382,4380,9
REQ000929,USER009356,54459,4
REQ000930,USER003013,56347,9
REQ000931,USER005714,4042,8
REQ000932,USER001148,56869,9
REQ000933,USER009393,27605,5
REQ000934,USER004927,42379,7
REQ000935,USER003429,82771,6
REQ000936,USER000814,46293,2
REQ000937,USER002728,64166,7
REQ000938,USER001467,51619,7
REQ000939,USER006373,13948,6
REQ000940,USER002529,85334,2
REQ000941,USER006987,47071,6
REQ000942,USER004092,5243,2
REQ000943,USER006461,63042,6
REQ000944,USER004410,85412,7
REQ000945,USER009734,52504,8
REQ000946,USER003763,35612,5
REQ000947,USER004216,80894,10
REQ000948,USER007436,75677,1
REQ000949,USER006955,26567,9
REQ000950,USER001073,73762,7
REQ000951,USER005313,6361,7
REQ000952,USER000679,34340,4
REQ000953,USER009125,51493,5
REQ000954,USER009424,78691,8
REQ000955,USER003545,73654,6
REQ000956,USER000958,30292,10
REQ000957,USER009111,69902,9
REQ000958,USER008809,39043,10
REQ000959,USER005396,73321,8
REQ000960,USER001492,8209,3
REQ000961,USER006821,78170,5
REQ000962,USER009737,47315,9
REQ000963,USER005498,34005,7
REQ000964,USER003092,39270,1
REQ000965,USER004924,70795,3
REQ000966,USER002054,62377,3
REQ000967,USER007969,52993,10
REQ000968,USER000172,68061,6
REQ000969,USER004926,18917,8
REQ000970,USER001325,27660,1
REQ000971,USER009457,42721,7
REQ000972,USER002377,55179,1
REQ000973,USER008457,49819,4
REQ000974,USER001618,61084,1
REQ000975,USER005229,33844,7
REQ000976,USER009735,3004,2
REQ000977,USER008348,7343,4
REQ000978,USER001377,35095,3
REQ000979,USER004372,28618,1
REQ000980,USER009563,61999,6
REQ000981,USER003175,3222,1
REQ000982,USER009125,45937,10
REQ000983,USER007159,32824,3
REQ000984,USER008195,82396,2
REQ000985,USER006559,34175,6
REQ000986,USER001370,26,6
REQ000987,USER009172,85230,7
REQ000988,USER002786,44825,10
REQ000989,USER008304,86298,8
REQ000990,USER004747,15445,4
REQ000991,USER008402,58225,8
REQ000992,USER002626,44429,9
REQ000993,USER007386,25728,8
REQ000994,USER007010,76002,8
REQ000995,USER006300,79738,2
REQ000996,USER005277,40533,10
REQ000997,USER007957,67037,3
REQ000998,USER002522,71220,10
REQ000999,USER004633,45634,8
REQ001000,USER006467,76644,8
REQ001001,USER000617,80238,2
REQ001002,USER003083,84318,4
REQ001003,USER003792,52152,4
REQ001004,USER001508,26640,9
REQ001005,USER009651,83671,3
REQ001006,USER006686,43934,9
REQ001007,USER004032,12321,2
REQ001008,USER002429,52244,1
REQ001009,USER007586,2570,7
REQ001010,USER008547,45345,1
REQ001011,USER007424,15698,5
REQ001012,USER002006,68057,1
REQ001013,USER005674,6245,8
REQ001014,USER004253,59121,5
REQ001015,USER004418,68496,6
REQ001016,USER009516,17366,1
REQ001017,USER003566,46955,8
REQ001018,USER003624,11503,1
REQ001019,USER003175,27494,9
REQ001020,USER008227,73633,5
REQ001021,USER003392,27612,7
REQ001022,USER000798,60379,3
REQ001023,USER008173,19464,7
REQ001024,USER004552,75312,6
REQ001025,USER005602,45530,3
REQ001026,USER003814,20017,8
REQ001027,USER007570,67577,2
REQ001028,USER006606,43013,9
REQ001029,USER003371,69885,3
REQ001030,USER005129,73518,6
REQ001031,USER004728,39447,8
REQ001032,USER007785,51249,8
REQ001033,USER008774,67216,8
REQ001034,USER009857,45991,4
REQ001035,USER001339,45791,8
REQ001036,USER006486,38486,4
REQ001037,USER009292,71085,10
REQ001038,USER004811,71761,9
REQ001039,USER002076,27952,9
REQ001040,USER008944,80946,5
REQ001041,USER000220,50493,7
REQ001042,USER001579,80552,4
REQ001043,USER001443,82470,4
REQ001044,USER002852,54745,3
REQ001045,USER009480,34383,2
REQ001046,USER006329,26628,3
REQ001047,USER000568,24350,5
REQ001048,USER008697,5420,1
REQ001049,USER004630,58700,7
REQ001050,USER007977,75581,3
REQ001051,USER004439,70615,10
REQ001052,USER005623,75247,2
REQ001053,USER007809,40606,2
REQ001054,USER002652,2448,9
REQ001055,USER004408,80610,6
REQ001056,USER007833,49318,3
REQ001057,USER003643,63495,2
REQ001058,USER008315,27446,2
REQ001059,USER008150,48326,8
REQ001060,USER000438,79155,7
REQ001061,USER001523,52155,6
REQ001062,USER007006,579,1
REQ001063,USER003635,51725,4
REQ001064,USER008380,13527,1
REQ001065,USER003896,52788,5
REQ001066,USER003402,26314,5
REQ001067,USER005065,69837,1
REQ001068,USER003798,44544,6
REQ001069,USER001302,849,9
REQ001070,USER004391,71230,9
REQ001071,USER004668,4127,10
REQ001072,USER003741,52412,6
REQ001073,USER004415,74402,1
REQ001074,USER009786,9603,5
REQ001075,USER006951,41040,1
REQ001076,USER006990,75319,5
REQ001077,USER002490,74011,7
REQ001078,USER000322,78743,10
REQ001079,USER009060,78020,2
REQ001080,USER003377,71054,9
REQ001081,USER004639,12822,3
REQ001082,USER009243,27909,7
REQ001083,USER006744,58793,7
REQ001084,USER003682,60574,10
REQ001085,USER006522,40537,10
REQ001086,USER009222,69297,2
REQ001087,USER000005,34610,1
REQ001088,USER000510,79067,5
REQ001089,USER004820,27032,5
REQ001090,USER002403,25099,7
REQ001091,USER004896,83313,3
REQ001092,USER001880,4263,1
REQ001093,USER007755,7688,2
REQ001094,USER000165,29913,6
REQ001095,USER009294,38959,2
REQ001096,USER008551,60347,1
REQ001097,USER000492,52101,1
REQ001098,USER008735,46118,10
REQ001099,USER004982,41530,6
REQ001100,USER003609,48654,5
REQ001101,USER001264,66207,2
REQ001102,USER007297,47811,5
REQ001103,USER001971,58613,8
REQ001104,USER004651,11159,5
REQ001105,USER005113,65360,10
REQ001106,USER005171,10896,8
REQ001107,USER007733,28390,1
REQ001108,USER006596,63998,4
REQ001109,USER007036,84975,1
REQ001110,USER008079,34300,2
REQ001111,USER005420,48758,5
REQ001112,USER001718,25832,7
REQ001113,USER004283,26641,3
REQ001114,USER005451,24711,6
REQ001115,USER007003,2683,5
REQ001116,USER001228,1787,4
REQ001117,USER004568,9673,1
REQ001118,USER003099,74957,10
REQ001119,USER005988,28676,5
REQ001120,USER008275,72445,8
REQ001121,USER005417,19398,4
REQ001122,USER003860,15152,9
REQ001123,USER004847,53810,6
REQ001124,USER009590,20033,4
REQ001125,USER007225,27110,6
REQ001126,USER004628,24986,10
REQ001127,USER001132,50885,7
REQ001128,USER002382,38230,3
REQ001129,USER001462,71347,8
REQ001130,USER003177,73795,5
REQ001131,USER002482,4344,7
REQ001132,USER005289,80855,9
REQ001133,USER009466,52882,6
REQ001134,USER005491,21829,8
REQ001135,USER001094,3021,1
REQ001136,USER001633,11757,4
REQ001137,USER004734,57766,2
REQ001138,USER000593,73039,7
REQ001139,USER009280,82463,5
REQ001140,USER000359,12671,1
REQ001141,USER007309,40151,6
REQ001142,USER003831,79317,5
REQ001143,USER005580,70813,5
REQ001144,USER008139,83198,7
REQ001145,USER003869,64772,2
REQ001146,USER000834,28519,10
REQ001147,USER002796,12084,7
REQ001148,USER006332,31357,3
REQ001149,USER006025,71562,1
REQ001150,USER006413,24638,7
REQ001151,USER000121,3139,3
REQ001152,USER001706,54309,7
REQ001153,USER008547,54244,8
REQ001154,USER000749,59012,9
REQ001155,USER004016,69338,2
REQ001156,USER003400,52701,6
REQ001157,USER004425,45001,2
REQ001158,USER003200,29726,2
REQ001159,USER006752,14145,4
REQ001160,USER006450,68106,4
REQ001161,USER009110,68761,10
REQ001162,USER002019,79328,10
REQ001163,USER002302,59569,6
REQ001164,USER001603,9959,4
REQ001165,USER004651,50552,7
REQ001166,USER009887,69943,8
REQ001167,USER001209,18889,2
REQ001168,USER000738,18135,8
REQ001169,USER005298,84031,7
REQ001170,USER009985,1672,6
REQ001171,USER005596,44601,9
REQ001172,USER009612,24353,2
REQ001173,USER008217,56440,10
REQ001174,USER007704,25109,7
REQ001175,USER001804,67280,2
REQ001176,USER001662,45027,4
REQ001177,USER000221,47830,6
REQ001178,USER008948,28348,3
REQ001179,USER000644,61150,2
REQ001180,USER000502,52918,8
REQ001181,USER003495,74587,9
REQ001182,USER006949,68974,5
REQ001183,USER005027,79193,3
REQ001184,USER009079,22985,5
REQ001185,USER006840,45851,1
REQ001186,USER005369,75900,6
REQ001187,USER007606,10555,6
REQ001188,USER001239,59540,2
REQ001189,USER003586,50488,9
REQ001190,USER004768,79810,9
REQ001191,USER006395,47953,10
REQ001192,USER003685,25667,2
REQ001193,USER008947,22726,6
REQ001194,USER004002,34530,3
REQ001195,USER003712,67304,6
REQ001196,USER007598,55244,6
REQ001197,USER006168,14361,6
REQ001198,USER007166,16860,5
REQ001199,USER003549,20004,10
REQ001200,USER002530,25504,8
REQ001201,USER009280,62132,7
REQ001202,USER003808,49150,8
REQ001203,USER001043,47477,3
REQ001204,USER008902,15801,6
REQ001205,USER009313,39320,6
REQ001206,USER008168,64043,1
REQ001207,USER001766,7980,8
REQ001208,USER009755,18579,2
REQ001209,USER004787,69138,10
REQ001210,USER000860,41444,1
REQ001211,USER007175,28279,9
REQ001212,USER007099,52732,7
REQ001213,USER005092,84607,7
REQ001214,USER002289,34775,2
REQ001215,USER009193,64915,8
REQ001216,USER007530,57965,2
REQ001217,USER002912,82171,6
REQ001218,USER001921,64904,5
REQ001219,USER005619,41740,5
REQ001220,USER008933,53131,9
REQ001221,USER006418,47149,9
REQ001222,USER001539,65871,4
REQ001223,USER003697,18539,10
REQ001224,USER006103,29745,5
REQ001225,USER001450,17369,3
REQ001226,USER004265,67911,8
REQ001227,USER006543,80925,9
REQ001228,USER000764,27777,5
REQ001229,USER008866,77008,9
REQ001230,USER004539,33580,9
REQ001231,USER006962,41582,5
REQ001232,USER009629,28615,4
REQ001233,USER005041,65144,9
REQ001234,USER006905,2627,8
REQ001235,USER006342,14205,8
REQ001236,USER005991,29905,7
REQ001237,USER000713,38548,9
REQ001238,USER008406,67161,4
REQ001239,USER003071,85229,6
REQ001240,USER003250,7982,8
REQ001241,USER004085,73717,3
REQ001242,USER002346,72477,3
REQ001243,USER001571,17042,10
REQ001244,USER004512,60493,7
REQ001245,USER007638,44547,8
REQ001246,USER000376,63542,8
REQ001247,USER005435,68441,4
REQ001248,USER009138,84195,5
REQ001249,USER005354,34886,4
REQ001250,USER007336,78187,6
REQ001251,USER006555,73742,8
REQ001252,USER007011,52487,7
REQ001253,USER000486,51851,7
REQ001254,USER004110,84941,8
REQ001255,USER009648,81582,2
REQ001256,USER008908,83652,1
REQ001257,USER009995,23748,4
REQ001258,USER002297,5794,6
REQ001259,USER001752,53627,6
REQ001260,USER009349,84820,3
REQ001261,USER009936,54608,5
REQ001262,USER007782,78030,6
REQ001263,USER006248,43487,3
REQ001264,USER002900,63596,7
REQ001265,USER000403,72176,9
REQ001266,USER005559,7793,5
REQ001267,USER007751,22015,3
REQ001268,USER009496,37971,9
REQ001269,USER003059,37141,1
REQ001270,USER009055,34126,10
REQ001271,USER007648,56677,10
REQ001272,USER008855,38251,6
REQ001273,USER000988,40254,10
REQ001274,USER007278,20492,4
REQ001275,USER009497,60852,6
REQ001276,USER006583,48047,7
REQ001277,USER009656,44415,3
REQ001278,USER002665,34582,10
REQ001279,USER001230,79207,9
REQ001280,USER006235,79845,9
REQ001281,USER005788,19200,7
REQ001282,USER007364,64863,3
REQ001283,USER009451,17262,7
REQ001284,USER002415,74654,7
REQ001285,USER004849,35464,2
REQ001286,USER004646,66368,9
REQ001287,USER006024,36142,3
REQ001288,USER000946,77176,5
REQ001289,USER001214,62569,6
REQ001290,USER006201,27713,4
REQ001291,USER000697,8028,2
REQ001292,USER002823,7403,1
REQ001293,USER003637,21519,5
REQ001294,USER008127,62622,2
REQ001295,USER001144,22820,6
REQ001296,USER002119,20979,7
REQ001297,USER003647,40359,4
REQ001298,USER001021,32909,10
REQ001299,USER003054,83452,1
REQ001300,USER009223,73718,9
REQ001301,USER007169,12802,6
REQ001302,USER001543,70874,6
REQ001303,USER008955,74932,6
REQ001304,USER003997,80959,1
REQ001305,USER007896,62636,1
REQ001306,USER006151,72211,4
REQ001307,USER000388,73025,6
REQ001308,USER004721,10485,7
REQ001309,USER003464,37111,7
REQ001310,USER008275,32627,7
REQ001311,USER002026,18319,5
REQ001312,USER004633,30400,1
REQ001313,USER002133,73226,7
REQ001314,USER002625,67624,10
REQ001315,USER000074,25809,9
REQ001316,USER000497,60377,5
REQ001317,USER008999,27248,3
REQ001318,USER005351,85495,8
REQ001319,USER005773,49332,7
REQ001320,USER008639,27104,8
REQ001321,USER001001,3974,10
REQ001322,USER004654,51607,5
REQ001323,USER009334,83367,3
REQ001324,USER008992,26544,8
REQ001325,USER001197,24797,10
REQ001326,USER007154,86398,7
REQ001327,USER000420,21315,4
REQ001328,USER002291,63962,3
REQ001329,USER004674,45731,5
REQ001330,USER003253,7765,1
REQ001331,USER002961,12365,6
REQ001332,USER006890,28054,4
REQ001333,USER005787,64004,2
REQ001334,USER007627,61881,3
REQ001335,USER003133,20370,2
REQ001336,USER002344,27087,3
REQ001337,USER003193,46997,4
REQ001338,USER009086,23548,1
REQ001339,USER000337,42690,2
REQ001340,USER006261,23684,9
REQ001341,USER006410,38576,4
REQ001342,USER001814,73970,3
REQ001343,USER009414,42179,10
REQ001344,USER002087,7673,9
REQ001345,USER004813,34071,8
REQ001346,USER003540,17775,4
REQ001347,USER001512,16296,8
REQ001348,USER001271,59494,9
REQ001349,USER006050,66894,4
REQ001350,USER004673,64330,7
REQ001351,USER006449,13569,3
REQ001352,USER004215,27371,2
REQ001353,USER007852,36413,5
REQ001354,USER000761,82197,6
REQ001355,USER002880,65443,4
REQ001356,USER009612,67605,3
REQ001357,USER001660,36737,1
REQ001358,USER002039,60783,9
REQ001359,USER008309,41398,7
REQ001360,USER002277,64634,10
REQ001361,USER002217,25644,6
REQ001362,USER002267,26195,8
REQ001363,USER004957,64364,2
REQ001364,USER001359,85616,2
REQ001365,USER007227,54308,4
REQ001366,USER003045,82041,10
REQ001367,USER000036,74978,8
REQ001368,USER002771,23219,5
REQ001369,USER008178,5743,5
REQ001370,USER000515,25023,2
REQ001371,USER009553,23066,8
REQ001372,USER005260,54137,6
REQ001373,USER004175,26487,2
REQ001374,USER006564,68813,1
REQ001375,USER009798,38221,10
REQ001376,USER008395,69167,2
REQ001377,USER001986,45256,10
REQ001378,USER008918,15670,1
REQ001379,USER000704,74572,10
REQ001380,USER005300,32995,3
REQ001381,USER002015,80461,6
REQ001382,USER009489,28112,7
REQ001383,USER005240,5336,4
REQ001384,USER003171,32680,6
REQ001385,USER004309,3359,8
REQ001386,USER000909,78220,5
REQ001387,USER002661,78553,4
REQ001388,USER009493,4592,9
REQ001389,USER006260,82210,8
REQ001390,USER008126,25956,4
REQ001391,USER008031,18681,3
REQ001392,USER005913,19937,5
REQ001393,USER006450,66001,5
REQ001394,USER009232,57899,1
REQ001395,USER000509,24465,4
REQ001396,USER009818,41953,10
REQ001397,USER001928,73927,3
REQ001398,USER004907,12952,8
REQ001399,USER001010,24396,10
REQ001400,USER008843,71564,1
REQ001401,USER004675,83528,5
REQ001402,USER004171,73447,8
REQ001403,USER003948,64005,8
REQ001404,USER008798,64431,2
REQ001405,USER000905,55521,10
REQ001406,USER009343,18927,2
REQ001407,USER009100,77955,1
REQ001408,USER005992,40833,10
REQ001409,USER008594,74494,10
REQ001410,USER000141,38540,7
REQ001411,USER002822,65046,2
REQ001412,USER007843,42235,10
REQ001413,USER008698,54410,7
REQ001414,USER001171,11507,2
REQ001415,USER001825,4841,5
REQ001416,USER004976,49740,5
REQ001417,USER000082,54093,6
REQ001418,USER009314,37884,8
REQ001419,USER002432,36334,1
REQ001420,USER002201,13819,4
REQ001421,USER009305,34872,7
REQ001422,USER003124,77304,9
REQ001423,USER000229,25656,3
REQ001424,USER001053,46618,3
REQ001425,USER008228,75652,6
REQ001426,USER003435,11942,7
REQ001427,USER003697,48387,5
REQ001428,USER002729,48109,3
REQ001429,USER007507,64576,5
REQ001430,USER004999,64342,10
REQ001431,USER005260,75757,2
REQ001432,USER002831,27326,8
REQ001433,USER008905,54803,2
REQ001434,USER003746,4875,4
REQ001435,USER007342,19788,8
REQ001436,USER001603,16416,2
REQ001437,USER003828,74846,3
REQ001438,USER009357,45727,5
REQ001439,USER008115,45618,6
REQ001440,USER007041,74494,4
REQ001441,USER009600,21050,3
REQ001442,USER000531,7708,8
REQ001443,USER005548,7501,10
REQ001444,USER005799,14545,3
REQ001445,USER009198,18392,7
REQ001446,USER000797,65487,4
REQ001447,USER006633,68127,8
REQ001448,USER006154,9975,9
REQ001449,USER002301,29975,9
REQ001450,USER003895,37625,7
REQ001451,USER007258,17695,1
REQ001452,USER005774,76924,7
REQ001453,USER001891,80251,1
REQ001454,USER000908,65510,6
REQ001455,USER004581,58526,5
REQ001456,USER007375,84263,6
REQ001457,USER008751,49174,10
REQ001458,USER003389,7663,4
REQ001459,USER004084,13522,8
REQ001460,USER001664,45695,10
REQ001461,USER008707,51829,7
REQ001462,USER003913,63196,6
REQ001463,USER002286,21372,8
REQ001464,USER001840,81963,6
REQ001465,USER008618,36302,1
REQ001466,USER006399,14496,5
REQ001467,USER009691,63520,7
REQ001468,USER000332,37776,3
REQ001469,USER009299,59266,9
REQ001470,USER009617,60157,2
REQ001471,USER007201,63441,5
REQ001472,USER000203,17833,3
REQ001473,USER002744,14584,9
REQ001474,USER009940,69437,7
REQ001475,USER003837,53873,8
REQ001476,USER000222,18424,1
REQ001477,USER009654,52085,3
REQ001478,USER003309,17385,6
REQ001479,USER008725,59520,1
REQ001480,USER005686,25328,8
REQ001481,USER008307,155,8
REQ001482,USER004785,66377,4
REQ001483,USER002877,54706,6
REQ001484,USER007330,1197,3
REQ001485,USER001907,16916,7
REQ001486,USER008113,85949,10
REQ001487,USER006067,73589,7
REQ001488,USER009041,12451,3
REQ001489,USER008766,74841,6
REQ001490,USER009605,75218,2
REQ001491,USER002992,61363,10
REQ001492,USER001936,14926,7
REQ001493,USER006733,16671,7
REQ001494,USER007864,15623,2
REQ001495,USER005550,16570,2
REQ001496,USER002487,10764,6
REQ001497,USER002607,62573,2
REQ001498,USER001149,2862,3
REQ001499,USER009361,41187,4
REQ001500,USER000760,9408,1
REQ001501,USER004363,30286,10
REQ001502,USER003521,14012,8
REQ001503,USER008914,68479,6
REQ001504,USER009411,30297,4
REQ001505,USER006473,71239,2
REQ001506,USER003901,83057,6
REQ001507,USER001823,32513,5
REQ001508,USER006749,38807,9
REQ001509,USER001587,33351,9
REQ001510,USER003313,85995,1
REQ001511,USER000905,36780,1
REQ001512,USER009619,76833,2
REQ001513,USER001404,33378,8
REQ001514,USER009655,21441,9
REQ001515,USER001201,7906,7
REQ001516,USER006035,84868,1
REQ001517,USER004104,85318,10
REQ001518,USER007801,60486,8
REQ001519,USER004948,1092,1
REQ001520,USER002861,24788,6
REQ001521,USER002984,22895,9
REQ001522,USER007706,5620,10
REQ001523,USER006724,55380,10
REQ001524,USER009253,22690,7
REQ001525,USER004944,28191,9
REQ001526,USER009995,52389,8
REQ001527,USER007132,49670,9
REQ001528,USER005976,21441,7
REQ001529,USER009308,77675,10
REQ001530,USER006975,72443,9
REQ001531,USER007862,67205,7
REQ001532,USER009292,15747,5
REQ001533,USER007042,71586,2
REQ001534,USER006470,955,4
REQ001535,USER001485,22161,9
REQ001536,USER006797,13415,2
REQ001537,USER006964,10800,6
REQ001538,USER009143,34190,5
REQ001539,USER008304,50156,3
REQ001540,USER004404,38866,7
REQ001541,USER007258,70561,2
REQ001542,USER006904,16614,2
REQ001543,USER008737,53546,1
REQ001544,USER005414,12001,1
REQ001545,USER004463,25973,8
REQ001546,USER006034,19283,2
REQ001547,USER002098,60234,2
REQ001548,USER003647,78899,7
REQ001549,USER006805,79921,1
REQ001550,USER001505,49712,1
REQ001551,USER001247,46701,1
REQ001552,USER002105,72296,9
REQ001553,USER008831,55018,9
REQ001554,USER000530,28674,4
REQ001555,USER000296,70848,7
REQ001556,USER006824,13672,4
REQ001557,USER005869,1761,3
REQ001558,USER009239,67051,9
REQ001559,USER001136,73489,10
REQ001560,USER008123,63028,8
REQ001561,USER006898,47296,9
REQ001562,USER005660,42052,8
REQ001563,USER000224,42718,5
REQ001564,USER000975,72723,2
REQ001565,USER001402,23258,8
REQ001566,USER004513,69577,1
REQ001567,USER001332,17665,7
REQ001568,USER003316,67543,10
REQ001569,USER000265,41860,10
REQ001570,USER005684,38555,7
REQ001571,USER008206,5082,3
REQ001572,USER004451,52277,4
REQ001573,USER009003,84015,5
REQ001574,USER003363,52950,2
REQ001575,USER002368,55726,6
REQ001576,USER009415,18917,3
REQ001577,USER001404,21419,2
REQ001578,USER008779,17419,8
REQ001579,USER000535,13868,7
REQ001580,USER006646,64675,9
REQ001581,USER003686,27331,9
REQ001582,USER008188,3758,7
REQ001583,USER005138,18485,6
REQ001584,USER001990,48945,10
REQ001585,USER001931,25194,8
REQ001586,USER001405,24295,4
REQ001587,USER004285,25600,7
REQ001588,USER001900,53117,4
REQ001589,USER001678,38772,1
REQ001590,USER001173,43586,4
REQ001591,USER000041,3525,4
REQ001592,USER008053,73487,10
REQ001593,USER001935,33852,9
REQ001594,USER007936,69452,9
REQ001595,USER004313,77448,3
REQ001596,USER004529,52579,5
REQ001597,USER000102,72711,2
REQ001598,USER005705,237,10
REQ001599,USER001405,23040,9
REQ001600,USER007413,66521,3
REQ001601,USER008246,11784,8
REQ001602,USER001715,22264,2
REQ001603,USER009066,49125,3
REQ001604,USER005996,78457,6
REQ001605,USER002446,56648,5
REQ001606,USER005328,63921,2
REQ001607,USER008447,72715,9
REQ001608,USER007582,66168,6
REQ001609,USER002770,75677,4
REQ001610,USER004261,7125,1
REQ001611,USER000816,1443,9
REQ001612,USER009795,71546,6
REQ001613,USER006247,14017,10
REQ001614,USER004849,52863,9
REQ001615,USER009328,60987,8
REQ001616,USER001856,233,5
REQ001617,USER000509,62001,1
REQ001618,USER001637,61207,6
REQ001619,USER008545,63144,6
REQ001620,USER001275,34656,6
REQ001621,USER009551,30063,4
REQ001622,USER001190,66117,7
REQ001623,USER005633,16297,5
REQ001624,USER003449,12998,8
REQ001625,USER000503,5496,5
REQ001626,USER003142,29602,8
REQ001627,USER004713,73780,5
REQ001628,USER002465,70050,1
REQ001629,USER007782,60958,5
REQ001630,USER000637,141,6
REQ001631,USER007684,70861,5
REQ001632,USER009326,14764,10
REQ001633,USER003452,85865,2
REQ001634,USER001601,33324,8
REQ001635,USER000818,48805,1
REQ001636,USER005253,2873,6
REQ001637,USER002391,60463,1
REQ001638,USER009807,59019,6
REQ001639,USER001901,17674,4
REQ001640,USER003173,5251,7
REQ001641,USER003568,38190,3
REQ001642,USER009478,18094,5
REQ001643,USER005047,22863,7
REQ001644,USER004891,82522,1
REQ001645,USER000384,34370,8
REQ001646,USER009437,63844,1
REQ001647,USER001629,52824,6
REQ001648,USER002090,45534,3
REQ001649,USER007726,35192,6
REQ001650,USER006144,13146,2
REQ001651,USER000572,37758,10
REQ001652,USER002877,64817,4
REQ001653,USER008242,9429,7
REQ001654,USER002288,25176,4
REQ001655,USER001796,30367,10
REQ001656,USER000516,49906,1
REQ001657,USER007428,40114,3
REQ001658,USER009943,64897,1
REQ001659,USER008866,72528,9
REQ001660,USER009974,66219,3
REQ001661,USER007073,74061,2
REQ001662,USER003852,84863,8
REQ001663,USER004775,15948,1
REQ001664,USER003662,13373,2
REQ001665,USER000547,24218,9
REQ001666,USER001818,46773,7
REQ001667,USER005640,35611,2
REQ001668,USER005525,74491,6
REQ001669,USER002153,61609,9
REQ001670,USER001116,61387,3
REQ001671,USER004790,32056,6
REQ001672,USER001549,54396,1
REQ001673,USER004222,2575,1
REQ001674,USER004746,18031,3
REQ001675,USER002308,3407,10
REQ001676,USER005672,40142,2
REQ001677,USER000841,71140,7
REQ001678,USER002060,31854,2
REQ001679,USER000192,47728,7
REQ001680,USER002526,4190,8
REQ001681,USER004001,20798,3
REQ001682,USER006629,18280,9
REQ001683,USER001214,61004,10
REQ001684,USER009652,47211,7
REQ001685,USER002789,59319,3
REQ001686,USER003077,44374,10
REQ001687,USER005953,77112,6
REQ001688,USER008894,73091,2
REQ001689,USER004966,28753,7
REQ001690,USER002277,17692,5
REQ001691,USER004602,64683,3
REQ001692,USER006171,73836,10
REQ001693,USER005435,25770,2
REQ001694,USER004226,262,10
REQ001695,USER000807,25320,7
REQ001696,USER009995,66382,1
REQ001697,USER006597,52969,3
REQ001698,USER005773,54611,6
REQ001699,USER000889,66798,2
REQ001700,USER008270,33476,4
REQ001701,USER005130,64259,10
REQ001702,USER006788,29474,1
REQ001703,USER006975,58785,8
REQ001704,USER005425,56824,9
REQ001705,USER000584,35990,1
REQ001706,USER002234,8036,6
REQ001707,USER008137,5968,2
REQ001708,USER000337,8527,3
REQ001709,USER002666,32516,1
REQ001710,USER009818,73108,10
REQ001711,USER004010,22104,6
REQ001712,USER009247,49623,2
REQ001713,USER006610,21833,10
REQ001714,USER005213,14790,5
REQ001715,USER001673,18351,7
REQ001716,USER009178,30461,4
REQ001717,USER009063,41262,2
REQ001718,USER001554,9953,4
REQ001719,USER008796,49981,8
REQ001720,USER009268,55835,1
REQ001721,USER009803,68856,10
REQ001722,USER000630,36201,9
REQ001723,USER009292,9278,7
REQ001724,USER009317,61218,4
REQ001725,USER007725,51865,4
REQ001726,USER006683,74561,4
REQ001727,USER000620,61271,4
REQ001728,USER004232,68203,9
REQ001729,USER000883,57527,10
REQ001730,USER002191,21880,3
REQ001731,USER001130,56941,1
REQ001732,USER008816,53312,1
REQ001733,USER005439,49109,4
REQ001734,USER000077,9542,4
REQ001735,USER001936,56947,3
REQ001736,USER001033,47247,3
REQ001737,USER002557,62429,10
REQ001738,USER008840,18171,4
REQ001739,USER004167,24602,1
REQ001740,USER007059,24624,3
REQ001741,USER007111,69186,3
REQ001742,USER009006,43024,3
REQ001743,USER002742,3048,2
REQ001744,USER000882,18312,4
REQ001745,USER008966,59016,2
REQ001746,USER008572,61996,8
REQ001747,USER003773,37816,9
REQ001748,USER007372,33058,4
REQ001749,USER004620,7730,2
REQ001750,USER006653,6729,2
REQ001751,USER001666,51981,8
REQ001752,USER007674,77348,10
REQ001753,USER009857,67999,3
REQ001754,USER004094,1155,6
REQ001755,USER002922,16180,8
REQ001756,USER008226,51435,7
REQ001757,USER005870,75554,4
REQ001758,USER006633,13179,4
REQ001759,USER003211,25211,8
REQ001760,USER004813,37910,5
REQ001761,USER008761,26065,6
REQ001762,USER005761,56727,3
REQ001763,USER008808,52364,10
REQ001764,USER006327,32453,9
REQ001765,USER006927,49988,4
REQ001766,USER008390,47251,10
REQ001767,USER007326,73943,2
REQ001768,USER002921,32736,3
REQ001769,USER001766,24104,6
REQ001770,USER004688,2474,4
REQ001771,USER005890,77212,2
REQ001772,USER008332,9097,9
REQ001773,USER009005,70833,4
REQ001774,USER004936,25094,8
REQ001775,USER003605,17449,3
REQ001776,USER003452,3401,7
REQ001777,USER006307,74573,5
REQ001778,USER006503,31332,10
REQ001779,USER000026,67925,6
REQ001780,USER009890,53521,1
REQ001781,USER000805,26736,8
REQ001782,USER005974,72334,10
REQ001783,USER000877,45415,1
REQ001784,USER006882,29297,7
REQ001785,USER002064,40573,3
REQ001786,USER003532,59574,4
REQ001787,USER004507,13615,3
REQ001788,USER008223,66577,5
REQ001789,USER007434,24941,1
REQ001790,USER008448,37124,6
REQ001791,USER007920,32564,6
REQ001792,USER002869,57094,4
REQ001793,USER003860,38870,10
REQ001794,USER008288,50288,1
REQ001795,USER006776,16742,8
REQ001796,USER000421,59171,6
REQ001797,USER000575,31348,5
REQ001798,USER003587,31928,2
REQ001799,USER005784,17963,2
REQ001800,USER008229,21813,2
REQ001801,USER000053,53774,5
REQ001802,USER006969,78545,10
REQ001803,USER009904,56756,4
REQ001804,USER009968,3607,7
REQ001805,USER000380,43776,5
REQ001806,USER008394,69109,7
REQ001807,USER007469,82476,10
REQ001808,USER005927,64612,10
REQ001809,USER002530,62905,7
REQ001810,USER000244,2149,9
REQ001811,USER003226,539,6
REQ001812,USER008227,54591,10
REQ001813,USER000878,50909,5
REQ001814,USER001066,22966,7
REQ001815,USER000660,83044,3
REQ001816,USER007131,27312,8
REQ001817,USER007479,53311,2
REQ001818,USER003505,50296,5
REQ001819,USER000421,64547,4
REQ001820,USER002785,12359,1
REQ001821,USER007171,494,9
REQ001822,USER008642,46390,8
REQ001823,USER008058,36087,3
REQ001824,USER007358,51358,5
REQ001825,USER005447,7226,9
REQ001826,USER004531,61299,8
REQ001827,USER001874,15865,3
REQ001828,USER007587,74186,7
REQ001829,USER001359,46577,2
REQ001830,USER009317,4351,7
REQ001831,USER004065,66252,4
REQ001832,USER008296,35101,2
REQ001833,USER004277,31338,7
REQ001834,USER004438,56478,4
REQ001835,USER003031,82508,1
REQ001836,USER000384,1672,7
REQ001837,USER002037,46087,5
REQ001838,USER006170,47503,9
REQ001839,USER004138,60299,10
REQ001840,USER004639,225,5
REQ001841,USER003423,6379,7
REQ001842,USER003749,52867,10
REQ001843,USER002118,21801,6
REQ001844,USER007907,23503,8
REQ001845,USER003962,32765,9
REQ001846,USER005424,57451,8
REQ001847,USER007136,63392,4
REQ001848,USER007280,15341,10
REQ001849,USER004880,54851,8
REQ001850,USER006314,1445,4
REQ001851,USER002641,53102,4
REQ001852,USER004960,56813,8
REQ001853,USER009375,15366,2
REQ001854,USER009782,47024,7
REQ001855,USER009422,22684,3
REQ001856,USER002902,37482,8
REQ001857,USER009024,62713,9
REQ001858,USER005013,16465,10
REQ001859,USER000545,68174,4
REQ001860,USER005524,38088,1
REQ001861,USER009711,64612,9
REQ001862,USER009734,53366,10
REQ001863,USER005315,15942,7
REQ001864,USER007072,56053,2
REQ001865,USER007903,8188,2
REQ001866,USER009163,30381,2
REQ001867,USER000300,63127,10
REQ001868,USER008083,41658,4
REQ001869,USER002038,61518,10
REQ001870,USER002611,82639,1
REQ001871,USER000022,5114,4
REQ001872,USER005253,6986,4
REQ001873,USER008739,20217,4
REQ001874,USER002528,53128,8
REQ001875,USER005662,53608,1
REQ001876,USER002787,33313,4
REQ001877,USER003332,54492,1
REQ001878,USER001932,43946,3
REQ001879,USER007350,22418,7
REQ001880,USER003652,39184,10
REQ001881,USER004006,77169,10
REQ001882,USER001252,810,1
REQ001883,USER008291,24834,4
REQ001884,USER001420,45708,2
REQ001885,USER008744,9543,5
REQ001886,USER000608,35855,4
REQ001887,USER002715,80831,9
REQ001888,USER004423,83615,2
REQ001889,USER005581,58241,5
REQ001890,USER005379,63507,3
REQ001891,USER007188,40000,9
REQ001892,USER003924,71636,5
REQ001893,USER009790,70902,3
REQ001894,USER005246,67783,8
REQ001895,USER005789,83885,2
REQ001896,USER004631,42906,4
REQ001897,USER001289,19180,10
REQ001898,USER006636,19766,2
REQ001899,USER005408,27825,10
REQ001900,USER002268,4496,7
REQ001901,USER007823,74557,10
REQ001902,USER001315,72975,4
REQ001903,USER006739,83569,5
REQ001904,USER007751,53459,7
REQ001905,USER007654,67303,6
REQ001906,USER007740,822,5
REQ001907,USER008514,29046,10
REQ001908,USER008292,62438,4
REQ001909,USER006157,54891,2
REQ001910,USER004683,18160,6
REQ001911,USER009075,21753,10
REQ001912,USER001861,63911,9
REQ001913,USER007795,29050,6
REQ001914,USER004375,43635,10
REQ001915,USER007320,70387,6
REQ001916,USER009177,62551,9
REQ001917,USER005619,48737,1
REQ001918,USER000355,31127,6
REQ001919,USER007796,33158,2
REQ001920,USER005847,54569,9
REQ001921,USER003137,14067,9
REQ001922,USER002597,86303,10
REQ001923,USER000583,11442,10
REQ001924,USER000221,70027,9
REQ001925,USER003003,53618,6
REQ001926,USER006094,67382,7
REQ001927,USER002667,52044,10
REQ001928,USER007170,66441,8
REQ001929,USER009327,72420,2
REQ001930,USER004334,41140,8
REQ001931,USER000429,11842,2
REQ001932,USER009916,11456,8
REQ001933,USER009185,17477,4
REQ001934,USER001358,11530,1
REQ001935,USER005207,28649,3
REQ001936,USER000888,34791,8
REQ001937,USER006611,24273,3
REQ001938,USER001014,9758,1
REQ001939,USER006478,24517,2
REQ001940,USER009645,55458,7
REQ001941,USER008682,72003,7
REQ001942,USER002689,25532,3
REQ001943,USER008545,71456,9
REQ001944,USER007868,17876,9
REQ001945,USER006262,80866,8
REQ001946,USER007267,25365,9
REQ001947,USER002018,46149,9
REQ001948,USER007391,31676,9
REQ001949,USER001136,3706,10
REQ001950,USER008679,41604,4
REQ001951,USER002940,77876,4
REQ001952,USER000529,18585,1
REQ001953,USER001883,42103,10
REQ001954,USER003116,61240,2
REQ001955,USER002137,71063,4
REQ001956,USER001694,51768,10
REQ001957,USER002529,83840,7
REQ001958,USER004694,57872,5
REQ001959,USER008212,23519,9
REQ001960,USER005328,77668,3
REQ001961,USER005836,58948,9
REQ001962,USER005150,46701,6
REQ001963,USER008558,17389,5
REQ001964,USER008404,53329,3
REQ001965,USER000688,32561,2
REQ001966,USER007955,6354,2
REQ001967,USER002864,81120,1
REQ001968,USER008201,7082,2
REQ001969,USER000173,18690,3
REQ001970,USER000895,57001,4
REQ001971,USER001332,19741,5
REQ001972,USER005046,45604,7
REQ001973,USER006848,20218,8
REQ001974,USER003458,79631,5
REQ001975,USER009538,12700,2
REQ001976,USER007877,76287,5
REQ001977,USER008895,48944,3
REQ001978,USER005191,55074,5
REQ001979,USER006637,29589,7
REQ001980,USER008480,46606,4
REQ001981,USER001084,16158,3
REQ001982,USER008520,33060,10
REQ001983,USER009494,19599,7
REQ001984,USER007965,3441,9
REQ001985,USER002489,34105,3
REQ001986,USER001083,43957,9
REQ001987,USER006559,32211,3
REQ001988,USER005772,15544,8
REQ001989,USER001478,65468,6
REQ001990,USER009121,25340,3
REQ001991,USER009921,65495,9
REQ001992,USER008407,33967,4
REQ001993,USER009840,18376,7
REQ001994,USER009155,46769,3
REQ001995,USER002110,57724,10
REQ001996,USER002268,39061,8
REQ001997,USER008646,7088,10
REQ001998,USER003477,41622,7
REQ001999,USER008230,18901,6
REQ002000,USER004679,18122,5
REQ002001,USER008544,42589,5
REQ002002,USER004482,41182,10
REQ002003,USER007410,22447,3
REQ002004,USER001544,70003,3
REQ002005,USER007069,38141,9
REQ002006,USER008200,54948,8
REQ002007,USER004794,20256,3
REQ002008,USER000491,51757,5
REQ002009,USER002693,35344,4
REQ002010,USER007991,24421,10
REQ002011,USER000348,35782,8
REQ002012,USER009762,44989,3
REQ002013,USER006424,67282,9
REQ002014,USER001174,72680,10
REQ002015,USER005974,50123,5
REQ002016,USER001549,85813,2
REQ002017,USER001625,22947,8
REQ002018,USER009341,35052,2
REQ002019,USER000462,47484,10
REQ002020,USER008105,66862,4
REQ002021,USER004814,46992,4
REQ002022,USER007723,3108,9
REQ002023,USER001766,56478,6
REQ002024,USER009097,23993,1
REQ002025,USER000042,68150,9
REQ002026,USER002387,32236,8
REQ002027,USER004261,10448,3
REQ002028,USER004649,43319,10
REQ002029,USER009891,7743,6
REQ002030,USER009050,13593,4
REQ002031,USER000187,83116,10
REQ002032,USER001599,15300,10
REQ002033,USER000899,18116,3
REQ002034,USER009030,22773,6
REQ002035,USER002525,85041,1
REQ002036,USER008881,80047,8
REQ002037,USER003596,37953,8
REQ002038,USER006424,28359,6
REQ002039,USER008746,82886,8
REQ002040,USER003933,2646,3
REQ002041,USER004970,6967,4
REQ002042,USER000984,75794,5
REQ002043,USER001799,72766,5
REQ002044,USER000070,55808,7
REQ002045,USER006404,44611,9
REQ002046,USER005331,78875,10
REQ002047,USER001291,30040,9
REQ002048,USER002721,37679,4
REQ002049,USER002258,15193,8
REQ002050,USER007932,12353,5
REQ002051,USER007500,1778,10
REQ002052,USER004758,21101,5
REQ002053,USER005581,15675,1
REQ002054,USER008556,3694,8
REQ002055,USER003708,75332,9
REQ002056,USER000366,69215,10
REQ002057,USER009998,72657,8
REQ002058,USER003164,76756,7
REQ002059,USER002488,2306,10
REQ002060,USER001940,70196,9
REQ002061,USER009610,45189,9
REQ002062,USER006449,85643,5
REQ002063,USER007108,20638,4
REQ002064,USER009327,8974,7
REQ002065,USER000447,19991,9
REQ002066,USER006730,13443,4
REQ002067,USER007872,73985,2
REQ002068,USER006164,28380,1
REQ002069,USER009426,56400,3
REQ002070,USER007712,62783,1
REQ002071,USER000547,77704,10
REQ002072,USER002164,17609,1
REQ002073,USER008421,52998,6
REQ002074,USER004102,25159,10
REQ002075,USER008298,60675,7
REQ002076,USER004927,71778,3
REQ002077,USER006769,81443,5
REQ002078,USER001924,32784,7
REQ002079,USER004371,44226,7
REQ002080,USER000281,50420,7
REQ002081,USER003432,1953,9
REQ002082,USER007076,23824,4
REQ002083,USER001768,72668,6
REQ002084,USER008035,13373,8
REQ002085,USER005037,14289,10
REQ002086,USER008300,49447,4
REQ002087,USER000773,16934,2
REQ002088,USER006635,49945,1
REQ002089,USER009310,20594,2
REQ002090,USER002516,70884,7
REQ002091,USER007765,66405,8
REQ002092,USER008786,26204,8
REQ002093,USER003382,17524,4
REQ002094,USER009172,26593,5
REQ002095,USER004032,36002,7
REQ002096,USER008433,64115,5
REQ002097,USER006119,30999,8
REQ002098,USER006357,72649,7
REQ002099,USER004886,1354,9
REQ002100,USER002736,12513,7
REQ002101,USER006435,74548,3
REQ002102,USER000658,86146,5
REQ002103,USER008514,15214,6
REQ002104,USER003922,32357,1
REQ002105,USER005266,75033,4
REQ002106,USER000699,86080,3
REQ002107,USER008607,66423,4
REQ002108,USER000443,55928,6
REQ002109,USER000336,63085,1
REQ002110,USER004873,8058,10
REQ002111,USER007304,72202,9
REQ002112,USER005003,76988,3
REQ002113,USER005700,74094,2
REQ002114,USER009470,77261,4
REQ002115,USER006718,30436,5
REQ002116,USER007022,10622,1
REQ002117,USER005510,59889,8
REQ002118,USER006068,39975,2
REQ002119,USER001555,80103,2
REQ002120,USER006150,38742,2
REQ002121,USER008701,74379,10
REQ002122,USER007123,72109,2
REQ002123,USER008068,3775,3
REQ002124,USER006587,32691,6
REQ002125,USER003329,64525,5
REQ002126,USER005108,17089,7
REQ002127,USER007897,51279,6
REQ002128,USER009233,23934,1
REQ002129,USER009975,44312,8
REQ002130,USER008771,63075,9
REQ002131,USER009361,12588,6
REQ002132,USER007278,39719,9
REQ002133,USER007383,56735,3
REQ002134,USER006818,59511,5
REQ002135,USER003301,43002,7
REQ002136,USER002086,5185,7
REQ002137,USER005111,39012,10
REQ002138,USER009310,56733,6
REQ002139,USER006175,11157,9
REQ002140,USER009090,78320,4
REQ002141,USER005779,41342,4
REQ002142,USER009494,11180,8
REQ002143,USER007353,4759,5
REQ002144,USER003863,53517,2
REQ002145,USER008905,46001,7
REQ002146,USER002307,41897,3
REQ002147,USER005649,62720,5
REQ002148,USER002392,63483,2
REQ002149,USER007207,29549,2
REQ002150,USER007204,74687,2
REQ002151,USER001438,21681,5
REQ002152,USER008937,78650,7
REQ002153,USER005115,4835,7
REQ002154,USER007195,49647,9
REQ002155,USER005727,16556,7
REQ002156,USER003498,43499,2
REQ002157,USER006740,36714,10
REQ002158,USER003633,71612,4
REQ002159,USER000062,6961,1
REQ002160,USER003060,68587,1
REQ002161,USER006035,33478,8
REQ002162,USER002800,57830,5
REQ002163,USER000387,24550,5
REQ002164,USER000363,50923,10
REQ002165,USER007310,7651,8
REQ002166,USER000756,53271,6
REQ002167,USER001305,50245,2
REQ002168,USER008815,60234,8
REQ002169,USER003731,26635,10
REQ002170,USER005297,75333,5
REQ002171,USER004222,62421,1
REQ002172,USER006902,106,9
REQ002173,USER005284,25146,10
REQ002174,USER007419,64035,1
REQ002175,USER003306,53401,4
REQ002176,USER006819,77186,2
REQ002177,USER003083,23083,2
REQ002178,USER003280,77614,9
REQ002179,USER000824,2778,10
REQ002180,USER008907,60058,3
REQ002181,USER002553,51792,4
REQ002182,USER009537,43551,10
REQ002183,USER006328,17587,10
REQ002184,USER005730,37391,10
REQ002185,USER008193,38308,5
REQ002186,USER004126,66836,10
REQ002187,USER004469,45209,7
REQ002188,USER009471,51292,7
REQ002189,USER009710,7966,9
REQ002190,USER003874,86054,10
REQ002191,USER007523,18808,1
REQ002192,USER000686,75636,5
REQ002193,USER000803,35720,2
REQ002194,USER004632,86343,8
REQ002195,USER004911,1166,2
REQ002196,USER009424,78969,2
REQ002197,USER007496,74745,9
REQ002198,USER003867,242,2
REQ002199,USER007595,5275,8
REQ002200,USER000856,212,4
REQ002201,USER001891,13409,1
REQ002202,USER006740,70405,4
REQ002203,USER000943,28345,10
REQ002204,USER000978,25166,1
REQ002205,USER003141,23120,5
REQ002206,USER003047,15348,10
REQ002207,USER000470,68883,9
REQ002208,USER006125,65698,8
REQ002209,USER007543,65387,5
REQ002210,USER004299,77555,5
REQ002211,USER006188,36204,4
REQ002212,USER003516,75189,8
REQ002213,USER007254,25234,1
REQ002214,USER002245,148,8
REQ002215,USER008606,12154,10
REQ002216,USER009915,23190,7
REQ002217,USER001010,44659,6
REQ002218,USER005255,68123,7
REQ002219,USER001007,44140,9
REQ002220,USER004694,2266,3
REQ002221,USER000248,75930,3
REQ002222,USER009867,44353,3
REQ002223,USER008212,44272,9
REQ002224,USER005747,31866,2
REQ002225,USER008076,80138,7
REQ002226,USER000272,43852,9
REQ002227,USER003187,78065,6
REQ002228,USER007723,25628,7
REQ002229,USER006648,69893,2
REQ002230,USER000534,86391,3
REQ002231,USER000394,20038,3
REQ002232,USER006693,17937,1
REQ002233,USER007611,34443,6
REQ002234,USER007532,41360,3
REQ002235,USER004843,53008,3
REQ002236,USER003941,31946,7
REQ002237,USER008297,23303,5
REQ002238,USER004985,32817,4
REQ002239,USER006264,49696,5
REQ002240,USER006617,21608,10
REQ002241,USER006096,38047,3
REQ002242,USER002211,17727,5
REQ002243,USER007472,12996,9
REQ002244,USER008708,5963,2
REQ002245,USER008233,24237,8
REQ002246,USER000633,62288,7
REQ002247,USER008129,29358,9
REQ002248,USER006668,9742,8
REQ002249,USER000921,19492,7
REQ002250,USER000163,4442,3
REQ002251,USER008173,79622,9
REQ002252,USER009507,52892,6
REQ002253,USER000943,773,8
REQ002254,USER008070,22393,5
REQ002255,USER002683,35459,10
REQ002256,USER001253,75003,8
REQ002257,USER007007,58941,9
REQ002258,USER001537,40693,10
REQ002259,USER007782,7430,9
REQ002260,USER006545,8220,8
REQ002261,USER006799,54820,6
REQ002262,USER000254,51145,2
REQ002263,USER000606,15449,8
REQ002264,USER000777,67276,8
REQ002265,USER006382,56060,7
REQ002266,USER000809,2606,3
REQ002267,USER006060,23449,8
REQ002268,USER007064,34439,7
REQ002269,USER006905,15569,8
REQ002270,USER000682,30955,8
REQ002271,USER004621,48772,10
REQ002272,USER000498,75101,9
REQ002273,USER005435,71300,4
REQ002274,USER001343,38683,5
REQ002275,USER009963,1224,5
REQ002276,USER006671,5895,5
REQ002277,USER007243,18445,7
REQ002278,USER003925,48432,1
REQ002279,USER000792,30474,8
REQ002280,USER000263,70598,9
REQ002281,USER003392,22075,9
REQ002282,USER002956,36686,5
REQ002283,USER001000,33594,8
REQ002284,USER003807,32723,6
REQ002285,USER009886,46657,8
REQ002286,USER002499,14197,1
REQ002287,USER004568,81557,5
REQ002288,USER000027,44636,9
REQ002289,USER002782,47450,6
REQ002290,USER003984,36257,1
REQ002291,USER003154,22025,3
REQ002292,USER008003,79157,5
REQ002293,USER000160,60506,6
REQ002294,USER000233,35723,1
REQ002295,USER008210,80923,7
REQ002296,USER000377,35044,3
REQ002297,USER009955,15207,7
REQ002298,USER001353,7206,8
REQ002299,USER000854,64029,6
REQ002300,USER005637,17401,10
REQ002301,USER005297,66432,5
REQ002302,USER008147,26548,8
REQ002303,USER002096,10562,6
REQ002304,USER006300,40279,8
REQ002305,USER002625,33771,2
REQ002306,USER004313,52720,9
REQ002307,USER001686,19657,8
REQ002308,USER008351,3292,7
REQ002309,USER000116,41573,2
REQ002310,USER005293,9150,2
REQ002311,USER002865,81047,5
REQ002312,USER002744,28333,3
REQ002313,USER007150,34350,1
REQ002314,USER003487,24695,9
REQ002315,USER005498,12747,1
REQ002316,USER006785,55236,2
REQ002317,USER004704,12800,9
REQ002318,USER004481,51790,6
REQ002319,USER001440,959,3
REQ002320,USER003207,30509,3
REQ002321,USER003942,35644,9
REQ002322,USER004488,17628,1
REQ002323,USER008112,11788,3
REQ002324,USER008564,11334,3
REQ002325,USER008204,35666,2
REQ002326,USER000348,63510,4
REQ002327,USER008655,52100,10
REQ002328,USER003676,10808,10
REQ002329,USER008807,13020,10
REQ002330,USER002523,37126,6
REQ002331,USER005615,26749,2
REQ002332,USER006791,67294,6
REQ002333,USER005160,13136,4
REQ002334,USER007856,69320,5
REQ002335,USER004875,30018,3
REQ002336,USER005928,10503,10
REQ002337,USER005229,83658,2
REQ002338,USER007658,5600,7
REQ002339,USER005446,6539,5
REQ002340,USER000317,71895,7
REQ002341,USER002592,29354,1
REQ002342,USER002991,56523,2
REQ002343,USER004206,63243,9
REQ002344,USER001674,78925,6
REQ002345,USER004047,41068,10
REQ002346,USER003080,71637,6
REQ002347,USER005074,14107,7
REQ002348,USER000336,43842,7
REQ002349,USER001734,48837,3
REQ002350,USER001482,62508,4
REQ002351,USER001732,69555,8
REQ002352,USER004726,23363,4
REQ002353,USER008354,17275,5
REQ002354,USER004833,62715,8
REQ002355,USER001208,14619,4
REQ002356,USER009503,21617,5
REQ002357,USER004730,1111,3
REQ002358,USER001919,29269,1
REQ002359,USER007000,23385,9
REQ002360,USER005041,10675,1
REQ002361,USER006775,26899,9
REQ002362,USER005221,70051,7
REQ002363,USER007855,55697,1
REQ002364,USER001875,54295,3
REQ002365,USER008919,45225,5
REQ002366,USER006952,81956,3
REQ002367,USER001505,5161,1
REQ002368,USER005021,85869,4
REQ002369,USER002338,14468,4
REQ002370,USER009759,35336,5
REQ002371,USER005491,57837,4
REQ002372,USER000938,31059,7
REQ002373,USER009385,82836,3
REQ002374,USER006712,61094,6
REQ002375,USER006618,63829,4
REQ002376,USER006799,11731,5
REQ002377,USER007629,12210,4
REQ002378,USER001033,59972,4
REQ002379,USER008084,55178,5
REQ002380,USER002737,55679,9
REQ002381,USER007581,38251,1
REQ002382,USER007330,41842,3
REQ002383,USER004003,26504,1
REQ002384,USER008991,61962,4
REQ002385,USER008029,45845,7
REQ002386,USER003432,11165,2
REQ002387,USER008316,48403,9
REQ002388,USER006071,24484,5
REQ002389,USER007477,63295,8
REQ002390,USER008685,79135,4
REQ002391,USER005786,76442,2
REQ002392,USER008990,44225,7
REQ002393,USER009760,55815,10
REQ002394,USER004435,34163,2
REQ002395,USER003953,30656,1
REQ002396,USER007667,48945,1
REQ002397,USER005526,75359,6
REQ002398,USER002050,67581,7
REQ002399,USER000006,12733,1
REQ002400,USER006393,14276,4
REQ002401,USER008840,12189,6
REQ002402,USER003135,39119,7
REQ002403,USER002277,40091,1
REQ002404,USER009879,84040,7
REQ002405,USER008668,18044,8
REQ002406,USER006243,64622,1
REQ002407,USER006810,9654,7
REQ002408,USER001293,6228,2
REQ002409,USER001913,20154,6
REQ002410,USER007096,12840,1
REQ002411,USER005507,19915,10
REQ002412,USER003380,69735,8
REQ002413,USER003616,72269,3
REQ002414,USER006362,3544,5
REQ002415,USER002738,25870,7
REQ002416,USER004932,29072,5
REQ002417,USER007464,81445,5
REQ002418,USER006983,26710,1
REQ002419,USER009646,32885,5
REQ002420,USER003402,36000,5
REQ002421,USER005646,45144,2
REQ002422,USER007335,3757,9
REQ002423,USER005493,6567,9
REQ002424,USER001333,62871,10
REQ002425,USER001935,53149,7
REQ002426,USER003425,31588,3
REQ002427,USER001799,46118,9
REQ002428,USER006709,38540,9
REQ002429,USER008947,49380,1
REQ002430,USER005636,2346,2
REQ002431,USER001124,54041,1
REQ002432,USER009208,83220,1
REQ002433,USER009077,40338,2
REQ002434,USER001679,25313,9
REQ002435,USER000781,29908,7
REQ002436,USER005299,85626,7
REQ002437,USER003630,14814,5
REQ002438,USER002112,49896,5
REQ002439,USER004601,2228,2
REQ002440,USER003216,78289,4
REQ002441,USER000701,25040,9
REQ002442,USER005296,8921,2
REQ002443,USER004315,45917,2
REQ002444,USER005469,13068,3
REQ002445,USER001394,57634,1
REQ002446,USER006248,80671,1
REQ002447,USER000224,84724,7
REQ002448,USER006867,67111,10
REQ002449,USER004151,57516,1
REQ002450,USER004820,62888,9
REQ002451,USER006726,72355,3
REQ002452,USER006483,79527,9
REQ002453,USER008702,71427,9
REQ002454,USER002020,44532,2
REQ002455,USER008091,14673,1
REQ002456,USER007359,80578,8
REQ002457,USER007906,9317,3
REQ002458,USER007289,43793,4
REQ002459,USER004708,50581,8
REQ002460,USER000297,19599,1
REQ002461,USER008058,55515,6
REQ002462,USER009858,27465,7
REQ002463,USER009387,7711,2
REQ002464,USER001710,78376,1
REQ002465,USER004610,72276,9
REQ002466,USER000412,21302,6
REQ002467,USER008500,32786,1
REQ002468,USER000550,46,7
REQ002469,USER008571,18777,8
REQ002470,USER008006,81367,4
REQ002471,USER003776,3581,5
REQ002472,USER008612,14365,7
REQ002473,USER006709,19149,4
REQ002474,USER001111,86303,10
REQ002475,USER001181,80354,8
REQ002476,USER005966,31878,5
REQ002477,USER002214,63770,10
REQ002478,USER004639,51482,3
REQ002479,USER006523,40743,7
REQ002480,USER009641,52594,2
REQ002481,USER006563,32811,9
REQ002482,USER002058,25422,10
REQ002483,USER006432,56835,2
REQ002484,USER009004,65534,5
REQ002485,USER004765,84639,2
REQ002486,USER009091,54700,7
REQ002487,USER001032,84251,8
REQ002488,USER008961,49748,5
REQ002489,USER001179,12366,2
REQ002490,USER001512,73452,2
REQ002491,USER002310,24419,7
REQ002492,USER008345,51471,7
REQ002493,USER001176,40354,8
REQ002494,USER008745,49539,5
REQ002495,USER003089,70948,9
REQ002496,USER004758,82375,10
REQ002497,USER005043,36295,5
REQ002498,USER002080,61688,7
REQ002499,USER006464,62409,9
REQ002500,USER008188,159,7
REQ002501,USER005733,29433,5
REQ002502,USER001431,44929,8
REQ002503,USER007734,30494,2
REQ002504,USER005398,50643,8
REQ002505,USER001286,68269,4
REQ002506,USER003101,7845,7
REQ002507,USER004812,68739,1
REQ002508,USER004646,31510,10
REQ002509,USER002275,8263,8
REQ002510,USER003243,65926,6
REQ002511,USER003175,46141,1
REQ002512,USER002212,6356,9
REQ002513,USER001129,62799,3
REQ002514,USER002725,14842,6
REQ002515,USER009013,75427,1
REQ002516,USER000655,80613,9
REQ002517,USER003088,62783,9
REQ002518,USER004799,79834,6
REQ002519,USER005383,50751,7
REQ002520,USER005306,82071,10
REQ002521,USER002475,18770,5
REQ002522,USER001027,80218,3
REQ002523,USER000334,49196,10
REQ002524,USER002737,60181,2
REQ002525,USER009680,32368,6
REQ002526,USER003300,24580,6
REQ002527,USER001440,28514,7
REQ002528,USER002346,82529,8
REQ002529,USER003674,53751,4
REQ002530,USER003693,84524,1
REQ002531,USER008130,61258,8
REQ002532,USER006695,85730,10
REQ002533,USER001639,55869,1
REQ002534,USER008020,36087,5
REQ002535,USER002878,46341,4
REQ002536,USER001277,39351,6
REQ002537,USER003778,41036,6
REQ002538,USER009483,45444,2
REQ002539,USER004269,9412,2
REQ002540,USER003344,20540,5
REQ002541,USER001758,65939,9
REQ002542,USER007388,31052,2
REQ002543,USER004541,8818,7
REQ002544,USER002145,58641,2
REQ002545,USER009900,67580,8
REQ002546,USER002408,82795,2
REQ002547,USER000027,37189,9
REQ002548,USER003168,65777,10
REQ002549,USER001807,55251,3
REQ002550,USER009428,55839,1
REQ002551,USER005581,45500,6
REQ002552,USER003492,84148,10
REQ002553,USER006254,10622,1
REQ002554,USER004077,16000,10
REQ002555,USER000004,84455,7
REQ002556,USER008973,15515,5
REQ002557,USER000607,69467,7
REQ002558,USER004929,75075,9
REQ002559,USER007760,27924,3
REQ002560,USER008752,25876,3
REQ002561,USER002131,73144,8
REQ002562,USER001920,81944,10
REQ002563,USER001287,23260,10
REQ002564,USER002286,13005,10
REQ002565,USER004081,16999,6
REQ002566,USER002434,7123,10
REQ002567,USER005547,66787,4
REQ002568,USER000500,27554,2
REQ002569,USER004700,14985,7
REQ002570,USER007244,73724,6
REQ002571,USER006564,6747,8
REQ002572,USER006055,39973,6
REQ002573,USER007999,62085,5
REQ002574,USER008114,61054,8
REQ002575,USER006101,46210,3
REQ002576,USER008304,56990,8
REQ002577,USER004661,85749,10
REQ002578,USER003765,15820,2
REQ002579,USER001542,14737,7
REQ002580,USER002076,66103,3
REQ002581,USER005140,46292,5
REQ002582,USER005823,37839,3
REQ002583,USER002473,44775,4
REQ002584,USER000480,16882,8
REQ002585,USER009331,52511,10
REQ002586,USER007368,78527,4
REQ002587,USER002981,17719,2
REQ002588,USER008107,73530,9
REQ002589,USER009006,79524,10
REQ002590,USER007010,8963,8
REQ002591,USER004293,4037,7
REQ002592,USER003393,82633,9
REQ002593,USER007337,10397,8
REQ002594,USER008383,19206,5
REQ002595,USER006156,17781,10
REQ002596,USER006652,12986,10
REQ002597,USER008845,42325,2
REQ002598,USER006451,76471,3
REQ002599,USER002931,62018,4
REQ002600,USER000281,18374,4
REQ002601,USER007514,70197,2
REQ002602,USER007653,21704,1
REQ002603,USER007604,46070,3
REQ002604,USER007260,46226,5
REQ002605,USER004851,40041,6
REQ002606,USER006442,51041,9
REQ002607,USER006220,11439,10
REQ002608,USER001271,22459,1
REQ002609,USER006931,31904,2
REQ002610,USER005616,74455,8
REQ002611,USER000820,13826,9
REQ002612,USER000933,63756,4
REQ002613,USER006576,79849,4
REQ002614,USER005255,73813,9
REQ002615,USER006193,13062,4
REQ002616,USER008323,9295,9
REQ002617,USER009281,50177,5
REQ002618,USER007746,84129,1
REQ002619,USER005186,63442,8
REQ002620,USER009595,70559,9
REQ002621,USER001302,55727,6
REQ002622,USER007760,76514,8
REQ002623,USER009585,48580,7
REQ002624,USER000474,42172,4
REQ002625,USER006808,2625,3
REQ002626,USER008344,22906,6
REQ002627,USER004480,5124,5
REQ002628,USER005988,5237,10
REQ002629,USER007367,42286,8
REQ002630,USER004582,78731,2
REQ002631,USER003224,33963,4
REQ002632,USER006954,35462,5
REQ002633,USER007075,33792,4
REQ002634,USER007264,56228,8
REQ002635,USER002412,54826,4
REQ002636,USER006982,57213,9
REQ002637,USER008262,6059,9
REQ002638,USER005908,47391,5
REQ002639,USER005514,81644,1
REQ002640,USER008046,42559,5
REQ002641,USER009217,65837,3
REQ002642,USER008148,78088,4
REQ002643,USER007759,83261,5
REQ002644,USER008705,69047,4
REQ002645,USER000100,23849,3
REQ002646,USER003321,9665,9
REQ002647,USER007044,39960,10
REQ002648,USER005400,81965,3
REQ002649,USER003773,4153,7
REQ002650,USER002890,15910,3
REQ002651,USER003065,77926,3
REQ002652,USER000372,6177,10
REQ002653,USER008820,33904,7
REQ002654,USER006568,47615,2
REQ002655,USER005934,84788,10
REQ002656,USER004959,20433,1
REQ002657,USER005465,15025,4
REQ002658,USER005786,48683,8
REQ002659,USER007582,54197,4
REQ002660,USER007676,16653,6
REQ002661,USER005272,17989,3
REQ002662,USER007352,25710,10
REQ002663,USER009944,43794,8
REQ002664,USER006669,2800,10
REQ002665,USER001791,83061,10
REQ002666,USER002672,49195,7
REQ002667,USER000681,38837,2
REQ002668,USER001282,3816,8
REQ002669,USER005194,834,3
REQ002670,USER004962,79502,8
REQ002671,USER006404,70322,6
REQ002672,USER003372,65136,5
REQ002673,USER008132,29027,3
REQ002674,USER002634,48867,1
REQ002675,USER008032,31978,6
REQ002676,USER000810,39282,8
REQ002677,USER007987,17305,9
REQ002678,USER004804,36715,4
REQ002679,USER003902,11221,9
REQ002680,USER009679,84453,5
REQ002681,USER004736,50574,2
REQ002682,USER007442,472,6
REQ002683,USER004442,9558,4
REQ002684,USER009797,16338,3
REQ002685,USER001042,84708,6
REQ002686,USER002829,51939,8
REQ002687,USER007714,52482,3
REQ002688,USER007505,44893,1
REQ002689,USER008179,83812,1
REQ002690,USER007415,29732,9
REQ002691,USER000035,54829,1
REQ002692,USER009661,52376,5
REQ002693,USER008609,36109,8
REQ002694,USER007420,70733,2
REQ002695,USER003424,71685,3
REQ002696,USER007518,34011,5
REQ002697,USER005942,50301,4
REQ002698,USER001697,62142,10
REQ002699,USER005052,58298,10
REQ002700,USER004526,52324,6
REQ002701,USER008868,45518,7
REQ002702,USER003150,76093,6
REQ002703,USER004591,6200,9
REQ002704,USER006241,22985,6
REQ002705,USER005798,12493,3
REQ002706,USER009074,16091,10
REQ002707,USER009706,24063,8
REQ002708,USER001429,61704,7
REQ002709,USER008267,65767,8
REQ002710,USER004428,40773,4
REQ002711,USER002289,52239,8
REQ002712,USER004363,8669,1
REQ002713,USER001825,13029,4
REQ002714,USER004765,73687,10
REQ002715,USER007944,76371,6
REQ002716,USER005194,67090,1
REQ002717,USER002791,33326,9
REQ002718,USER009019,74269,3
REQ002719,USER001922,53337,6
REQ002720,USER005908,60727,1
REQ002721,USER003573,30870,2
REQ002722,USER006364,83372,2
REQ002723,USER000109,45463,9
REQ002724,USER004678,72462,6
REQ002725,USER003092,80342,4
REQ002726,USER005540,47854,7
REQ002727,USER007440,65657,4
REQ002728,USER002230,19661,1
REQ002729,USER008949,82773,3
REQ002730,USER003832,60226,3
REQ002731,USER009622,62331,5
REQ002732,USER004493,75864,6
REQ002733,USER002271,64032,10
REQ002734,USER009223,42648,6
REQ002735,USER006307,83719,1
REQ002736,USER003825,72380,7
REQ002737,USER007506,48909,2
REQ002738,USER003111,4427,10
REQ002739,USER002341,19209,4
REQ002740,USER005862,81314,9
REQ002741,USER008338,21904,9
REQ002742,USER000237,46837,3
REQ002743,USER007245,43622,6
REQ002744,USER005303,8915,5
REQ002745,USER009502,68517,10
REQ002746,USER001384,72744,4
REQ002747,USER000092,41077,7
REQ002748,USER002045,69368,10
REQ002749,USER007817,58493,8
REQ002750,USER001646,77342,1
REQ002751,USER004187,48811,7
REQ002752,USER009955,31537,8
REQ002753,USER003841,73215,1
REQ002754,USER008309,26727,9
REQ002755,USER005685,20733,5
REQ002756,USER002060,22401,2
REQ002757,USER006292,71735,4
REQ002758,USER002267,38428,3
REQ002759,USER008094,12597,5
REQ002760,USER006583,14332,9
REQ002761,USER000801,53878,1
REQ002762,USER006966,85020,8
REQ002763,USER000435,26946,9
REQ002764,USER001420,45268,9
REQ002765,USER005348,47750,5
REQ002766,USER005700,24624,5
REQ002767,USER001798,45127,2
REQ002768,USER006502,41121,4
REQ002769,USER009752,52527,2
REQ002770,USER001114,58352,9
REQ002771,USER007791,51526,6
REQ002772,USER002696,53147,2
REQ002773,USER000823,38271,6
REQ002774,USER008109,29786,7
REQ002775,USER009639,5746,2
REQ002776,USER005808,32477,7
REQ002777,USER006893,64030,10
REQ002778,USER006213,40724,1
REQ002779,USER004615,80875,2
REQ002780,USER004178,30557,9
REQ002781,USER002200,13571,7
REQ002782,USER002178,20580,7
REQ002783,USER003824,70936,2
REQ002784,USER009489,1564,9
REQ002785,USER006849,85785,7
REQ002786,USER008615,77978,5
REQ002787,USER008440,57030,7
REQ002788,USER003515,85215,6
REQ002789,USER003398,74187,10
REQ002790,USER007453,43265,4
REQ002791,USER001361,67772,8
REQ002792,USER007919,2910,1
REQ002793,USER006720,84841,1
REQ002794,USER002572,46568,7
REQ002795,USER005304,1193,1
REQ002796,USER006393,29835,8
REQ002797,USER009999,61091,10
REQ002798,USER004232,17016,1
REQ002799,USER002517,59143,10
REQ002800,USER005943,13119,10
REQ002801,USER000417,74323,6
REQ002802,USER006221,52175,1
REQ002803,USER006899,66184,6
REQ002804,USER005150,34973,8
REQ002805,USER004112,41764,9
REQ002806,USER005774,79545,4
REQ002807,USER007288,50202,1
REQ002808,USER004472,68700,8
REQ002809,USER007641,41038,1
REQ002810,USER006534,71616,7
REQ002811,USER002152,80471,2
REQ002812,USER005776,45619,9
REQ002813,USER008390,1915,5
REQ002814,USER001771,75876,5
REQ002815,USER007172,26429,3
REQ002816,USER006093,60501,9
REQ002817,USER009333,11803,1
REQ002818,USER007802,11603,10
REQ002819,USER003641,36003,9
REQ002820,USER003610,73067,3
REQ002821,USER005476,6659,8
REQ002822,USER002803,76316,4
REQ002823,USER008453,38077,8
REQ002824,USER005804,31361,8
REQ002825,USER004722,56287,2
REQ002826,USER000943,73683,8
REQ002827,USER000693,58424,6
REQ002828,USER003505,83286,4
REQ002829,USER005118,28916,4
REQ002830,USER009426,71227,10
REQ002831,USER003152,2094,10
REQ002832,USER007268,38352,5
REQ002833,USER009151,81789,5
REQ002834,USER009774,24640,8
REQ002835,USER006915,61819,5
REQ002836,USER005846,20084,7
REQ002837,USER009083,73146,5
REQ002838,USER006000,3177,2
REQ002839,USER008312,71759,7
REQ002840,USER002548,55420,3
REQ002841,USER006266,44969,2
REQ002842,USER002865,70219,7
REQ002843,USER001584,42327,7
REQ002844,USER001770,4728,9
REQ002845,USER000517,41344,5
REQ002846,USER008233,39409,2
REQ002847,USER003199,38618,3
REQ002848,USER008895,60603,3
REQ002849,USER009260,60012,9
REQ002850,USER003222,78112,3
REQ002851,USER004329,73631,5
REQ002852,USER009968,46963,1
REQ002853,USER007578,5429,10
REQ002854,USER008768,19389,4
REQ002855,USER006682,82230,7
REQ002856,USER005138,15361,6
REQ002857,USER009514,84248,10
REQ002858,USER001732,48298,6
REQ002859,USER002919,26605,1
REQ002860,USER009897,23221,5
REQ002861,USER000558,69584,1
REQ002862,USER000379,37455,2
REQ002863,USER000043,62623,9
REQ002864,USER006470,15489,1
REQ002865,USER000207,53224,7
REQ002866,USER001870,17054,3
REQ002867,USER004902,47694,8
REQ002868,USER007796,36864,2
REQ002869,USER000194,71881,6
REQ002870,USER001581,12147,10
REQ002871,USER001086,35985,7
REQ002872,USER000368,440,7
REQ002873,USER001570,2628,4
REQ002874,USER000983,59799,2
REQ002875,USER007230,7812,5
REQ002876,USER007996,22953,8
REQ002877,USER007643,33236,7
REQ002878,USER003723,74143,5
REQ002879,USER002057,38471,5
REQ002880,USER006145,9376,3
REQ002881,USER004684,10898,6
REQ002882,USER000655,46048,7
REQ002883,USER004680,69515,9
REQ002884,USER007283,5454,7
REQ002885,USER005059,24911,9
REQ002886,USER008578,11872,10
REQ002887,USER002581,2042,1
REQ002888,USER000958,38538,8
REQ002889,USER003368,30222,1
REQ002890,USER009091,79276,1
REQ002891,USER005956,42425,5
REQ002892,USER004662,57121,10
REQ002893,USER008644,16936,5
REQ002894,USER001931,56431,9
REQ002895,USER002568,57315,5
REQ002896,USER008269,83250,10
REQ002897,USER006764,50337,3
REQ002898,USER005168,856,9
REQ002899,USER002360,25077,9
REQ002900,USER000694,3511,6
REQ002901,USER002920,19726,1
REQ002902,USER000512,23392,3
REQ002903,USER005925,62896,4
REQ002904,USER005028,31190,5
REQ002905,USER009573,6685,9
REQ002906,USER003665,28521,1
REQ002907,USER009286,76413,10
REQ002908,USER005213,73621,6
REQ002909,USER007046,60784,5
REQ002910,USER000080,42737,6
REQ002911,USER000275,39748,5
REQ002912,USER009052,35429,1
REQ002913,USER005387,79591,8
REQ002914,USER002710,14967,2
REQ002915,USER007649,59637,9
REQ002916,USER001913,47387,4
REQ002917,USER000020,50056,5
REQ002918,USER008355,38042,2
REQ002919,USER005318,74043,3
REQ002920,USER006237,68212,4
REQ002921,USER009876,18662,9
REQ002922,USER008841,82579,5
REQ002923,USER008140,32435,8
REQ002924,USER001699,53623,7
REQ002925,USER001099,71403,2
REQ002926,USER000427,48828,7
REQ002927,USER002835,71581,4
REQ002928,USER001848,83285,2
REQ002929,USER003235,8651,3
REQ002930,USER005949,9705,10
REQ002931,USER005465,63604,5
REQ002932,USER009379,27237,6
REQ002933,USER009996,68291,4
REQ002934,USER007793,77936,2
REQ002935,USER005371,6883,1
REQ002936,USER004566,35680,10
REQ002937,USER005503,77916,6
REQ002938,USER007123,59076,10
REQ002939,USER002295,48156,5
REQ002940,USER008512,23622,9
REQ002941,USER000991,55743,3
REQ002942,USER002617,30164,3
REQ002943,USER004050,53369,10
REQ002944,USER002181,20050,8
REQ002945,USER005229,18203,5
REQ002946,USER002622,76997,6
REQ002947,USER008194,39477,7
REQ002948,USER003080,52259,2
REQ002949,USER008138,20693,3
REQ002950,USER001337,31921,5
REQ002951,USER009911,23462,8
REQ002952,USER009371,37531,9
REQ002953,USER001303,24764,3
REQ002954,USER006033,37819,6
REQ002955,USER007974,16641,3
REQ002956,USER004998,84709,1
REQ002957,USER006683,45306,4
REQ002958,USER003812,1254,8
REQ002959,USER002906,13038,8
REQ002960,USER008112,82821,3
REQ002961,USER005844,81734,5
REQ002962,USER000756,3884,6
REQ002963,USER003486,2951,1
REQ002964,USER001002,24951,1
REQ002965,USER007679,10388,9
REQ002966,USER006008,48288,2
REQ002967,USER007378,1452,10
REQ002968,USER005283,62613,5
REQ002969,USER008913,42837,2
REQ002970,USER001931,25475,1
REQ002971,USER001726,32245,7
REQ002972,USER003131,69724,1
REQ002973,USER000324,64955,1
REQ002974,USER004775,63732,2
REQ002975,USER005969,46379,6
REQ002976,USER003522,25886,4
REQ002977,USER002829,25455,4
REQ002978,USER009495,13452,9
REQ002979,USER001903,67616,3
REQ002980,USER004008,82650,5
REQ002981,USER004137,49493,2
REQ002982,USER005317,14658,5
REQ002983,USER008628,11257,8
REQ002984,USER007118,56091,10
REQ002985,USER009762,3733,9
REQ002986,USER007547,14536,6
REQ002987,USER009896,13918,6
REQ002988,USER002709,40447,10
REQ002989,USER001785,77863,8
REQ002990,USER006481,5868,2
REQ002991,USER000802,53061,7
REQ002992,USER002250,69735,4
REQ002993,USER008429,18001,8
REQ002994,USER000443,70999,10
REQ002995,USER003618,81294,7
REQ002996,USER003394,64655,7
REQ002997,USER005676,17546,7
REQ002998,USER004773,6918,9
REQ002999,USER003137,69869,3
REQ003000,USER005437,15671,2
REQ003001,USER005459,26186,5
REQ003002,USER004301,66287,5
REQ003003,USER001763,32442,3
REQ003004,USER002186,14330,7
REQ003005,USER009302,31969,8
REQ003006,USER004401,34919,8
REQ003007,USER000996,72928,7
REQ003008,USER001628,86023,2
REQ003009,USER001280,25046,3
REQ003010,USER004045,64435,5
REQ003011,USER003649,21043,7
REQ003012,USER002073,71973,3
REQ003013,USER004065,6957,4
REQ003014,USER008617,45854,1
REQ003015,USER001687,14220,5
REQ003016,USER004600,12397,4
REQ003017,USER006014,35790,5
REQ003018,USER008025,58477,7
REQ003019,USER006454,67859,10
REQ003020,USER008304,52030,10
REQ003021,USER001530,68111,6
REQ003022,USER007796,65057,8
REQ003023,USER006376,11402,9
REQ003024,USER007830,7404,10
REQ003025,USER008290,75880,9
REQ003026,USER006933,53455,9
REQ003027,USER007586,60856,7
REQ003028,USER005965,28273,6
REQ003029,USER002526,33187,2
REQ003030,USER001712,48073,3
REQ003031,USER004638,44776,8
REQ003032,USER007556,4695,1
REQ003033,USER008553,4822,7
REQ003034,USER002772,78149,2
REQ003035,USER009723,47105,4
REQ003036,USER007894,47873,7
REQ003037,USER007567,29136,6
REQ003038,USER004277,62144,4
REQ003039,USER003640,68284,1
REQ003040,USER008428,85550,8
REQ003041,USER008493,23129,8
REQ003042,USER004869,38578,4
REQ003043,USER005146,65741,3
REQ003044,USER009034,73934,1
REQ003045,USER001955,47717,5
REQ003046,USER009715,21480,1
REQ003047,USER000688,13741,4
REQ003048,USER002193,77487,10
REQ003049,USER007897,37778,5
REQ003050,USER001314,67360,2
REQ003051,USER005560,14165,9
REQ003052,USER002778,55678,4
REQ003053,USER003648,32429,7
REQ003054,USER004767,22113,4
REQ003055,USER002536,37398,7
REQ003056,USER001793,13407,7
REQ003057,USER008926,28529,2
REQ003058,USER002813,45223,10
REQ003059,USER004114,66667,4
REQ003060,USER001752,36803,3
REQ003061,USER006117,29620,10
REQ003062,USER001737,45124,2
REQ003063,USER005275,54947,7
REQ003064,USER005166,2646,1
REQ003065,USER007442,81340,4
REQ003066,USER007658,25096,1
REQ003067,USER004816,78661,8
REQ003068,USER006762,70653,8
REQ003069,USER006605,83674,3
REQ003070,USER007419,75140,3
REQ003071,USER001874,14331,10
REQ003072,USER004028,42346,2
REQ003073,USER009584,52273,6
REQ003074,USER003009,73246,7
REQ003075,USER002795,37528,7
REQ003076,USER005669,46317,6
REQ003077,USER000834,77835,2
REQ003078,USER008096,11722,6
REQ003079,USER007088,48360,4
REQ003080,USER009409,39064,3
REQ003081,USER000657,21550,5
REQ003082,USER002886,68318,1
REQ003083,USER008722,12959,10
REQ003084,USER001854,49995,10
REQ003085,USER001374,28491,10
REQ003086,USER005398,40863,5
REQ003087,USER009818,2495,5
REQ003088,USER003849,66579,6
REQ003089,USER002324,30822,8
REQ003090,USER004417,78169,6
REQ003091,USER001652,29178,8
REQ003092,USER001235,27835,10
REQ003093,USER008965,17886,9
REQ003094,USER002304,82049,5
REQ003095,USER006867,1431,8
REQ003096,USER007305,65182,3
REQ003097,USER005522,51642,8
REQ003098,USER002975,4312,7
REQ003099,USER002484,56692,7
REQ003100,USER007659,85471,4
REQ003101,USER005335,73729,9
REQ003102,USER000631,1370,2
REQ003103,USER007031,55240,5
REQ003104,USER005415,45524,1
REQ003105,USER002718,10049,5
REQ003106,USER000342,21700,10
REQ003107,USER000614,8042,6
REQ003108,USER008544,14504,1
REQ003109,USER001538,25873,4
REQ003110,USER008264,39001,2
REQ003111,USER000335,35210,10
REQ003112,USER000028,80487,5
REQ003113,USER000554,31528,4
REQ003114,USER007884,23102,1
REQ003115,USER007180,64393,8
REQ003116,USER006041,62349,3
REQ003117,USER007494,68217,3
REQ003118,USER003199,3936,5
REQ003119,USER001010,72902,1
REQ003120,USER000384,54511,3
REQ003121,USER004897,45586,3
REQ003122,USER002632,51988,4
REQ003123,USER008488,71758,3
REQ003124,USER003762,40222,6
REQ003125,USER008511,69379,3
REQ003126,USER004673,85399,6
REQ003127,USER000350,75698,5
REQ003128,USER005197,14097,2
REQ003129,USER005871,62685,3
REQ003130,USER002582,18786,10
REQ003131,USER008139,84960,1
REQ003132,USER005916,45985,6
REQ003133,USER008907,19672,7
REQ003134,USER001624,71784,7
REQ003135,USER002684,57090,10
REQ003136,USER001853,54982,1
REQ003137,USER000770,46813,7
REQ003138,USER005302,28261,5
REQ003139,USER006236,68872,3
REQ003140,USER001691,72895,2
REQ003141,USER006995,20991,10
REQ003142,USER006072,52286,10
REQ003143,USER009680,36712,4
REQ003144,USER009135,29294,10
REQ003145,USER001931,66922,9
REQ003146,USER006615,10006,8
REQ003147,USER009949,70558,5
REQ003148,USER009352,41666,2
REQ003149,USER003099,65968,6
REQ003150,USER006065,28224,3
REQ003151,USER008202,33756,1
REQ003152,USER004807,32601,4
REQ003153,USER001601,13197,10
REQ003154,USER009759,70696,6
REQ003155,USER001887,81556,1
REQ003156,USER002972,9293,1
REQ003157,USER003705,41152,3
REQ003158,USER002927,2894,9
REQ003159,USER000762,25586,7
REQ003160,USER002390,20965,3
REQ003161,USER008247,61985,8
REQ003162,USER000520,70984,5
REQ003163,USER008947,58884,4
REQ003164,USER007167,48474,9
REQ003165,USER007598,22763,7
REQ003166,USER007694,29470,6
REQ003167,USER008372,43916,4
REQ003168,USER006076,70580,5
REQ003169,USER000612,40412,8
REQ003170,USER001559,5350,8
REQ003171,USER008815,48369,9
REQ003172,USER000089,77279,10
REQ003173,USER005306,73051,8
REQ003174,USER009895,70020,10
REQ003175,USER002891,8566,1
REQ003176,USER004263,10037,10
REQ003177,USER005388,68556,7
REQ003178,USER008658,45584,6
REQ003179,USER009855,54591,7
REQ003180,USER000135,28034,5
REQ003181,USER001829,34353,4
REQ003182,USER008974,24423,5
REQ003183,USER006838,77578,10
REQ003184,USER005899,32197,9
REQ003185,USER007790,13310,9
REQ003186,USER005469,37883,4
REQ003187,USER000587,42312,9
REQ003188,USER005539,11285,4
REQ003189,USER008903,790,9
REQ003190,USER001217,32238,5
REQ003191,USER006651,33182,9
REQ003192,USER000589,79134,9
REQ003193,USER002962,81900,9
REQ003194,USER002066,83279,3
REQ003195,USER008996,75928,3
REQ003196,USER006626,27459,4
REQ003197,USER008171,67166,4
REQ003198,USER006770,36364,2
REQ003199,USER009328,64591,6
REQ003200,USER000124,74289,5
REQ003201,USER002524,5353,1
REQ003202,USER006940,77380,7
REQ003203,USER009251,7179,7
REQ003204,USER005100,65925,10
REQ003205,USER007870,83810,7
REQ003206,USER005112,85055,4
REQ003207,USER000203,77303,6
REQ003208,USER008534,22160,2
REQ003209,USER002353,78519,9
REQ003210,USER005610,20025,8
REQ003211,USER006004,68304,1
REQ003212,USER008257,13926,6
REQ003213,USER002818,38822,10
REQ003214,USER001658,17338,1
REQ003215,USER003393,79578,5
REQ003216,USER004697,1335,2
REQ003217,USER001717,30035,3
REQ003218,USER002643,21968,3
REQ003219,USER004012,28031,2
REQ003220,USER001677,24404,10
REQ003221,USER000299,51031,2
REQ003222,USER009003,18079,7
REQ003223,USER007678,28108,7
REQ003224,USER003031,49385,3
REQ003225,USER009867,32434,4
REQ003226,USER003365,50688,10
REQ003227,USER009972,60917,9
REQ003228,USER004841,21937,5
REQ003229,USER009113,54111,10
REQ003230,USER005997,71590,7
REQ003231,USER007773,1032,5
REQ003232,USER004398,58705,4
REQ003233,USER000158,21643,9
REQ003234,USER000041,52478,6
REQ003235,USER003583,53036,10
REQ003236,USER005321,80731,9
REQ003237,USER005478,67399,3
REQ003238,USER007313,2348,8
REQ003239,USER006325,12411,8
REQ003240,USER004267,6969,10
REQ003241,USER005289,502,5
REQ003242,USER000881,36573,9
REQ003243,USER002323,20431,7
REQ003244,USER009333,74409,2
REQ003245,USER007032,1943,8
REQ003246,USER004189,50621,8
REQ003247,USER000178,10745,8
REQ003248,USER004896,75224,8
REQ003249,USER002455,65356,8
REQ003250,USER004156,52415,9
REQ003251,USER009755,29672,10
REQ003252,USER002679,69943,7
REQ003253,USER004033,34338,9
REQ003254,USER005749,52335,6
REQ003255,USER008458,25683,10
REQ003256,USER004793,65609,8
REQ003257,USER004822,82956,10
REQ003258,USER003420,36808,5
REQ003259,USER002354,72809,8
REQ003260,USER007835,75169,2
REQ003261,USER000539,66852,3
REQ003262,USER008455,80849,9
REQ003263,USER000751,52094,3
REQ003264,USER003291,6002,8
REQ003265,USER004187,29220,5
REQ003266,USER005872,57828,5
REQ003267,USER005685,13805,3
REQ003268,USER006213,38838,2
REQ003269,USER002056,35143,10
REQ003270,USER006673,61130,8
REQ003271,USER008954,23723,8
REQ003272,USER006399,73737,5
REQ003273,USER008294,9631,8
REQ003274,USER006069,79478,3
REQ003275,USER005051,5306,10
REQ003276,USER000805,76898,9
REQ003277,USER007640,59712,6
REQ003278,USER001026,68762,3
REQ003279,USER001898,24967,6
REQ003280,USER001786,48946,7
REQ003281,USER006070,24947,9
REQ003282,USER007436,75779,7
REQ003283,USER003520,18354,10
REQ003284,USER000285,36175,7
REQ003285,USER002019,19574,8
REQ003286,USER005163,79758,10
REQ003287,USER002476,46874,6
REQ003288,USER009598,62133,3
REQ003289,USER005363,25584,1
REQ003290,USER007201,25637,7
REQ003291,USER004061,44493,10
REQ003292,USER001750,55997,4
REQ003293,USER004790,44627,4
REQ003294,USER008804,36765,7
REQ003295,USER008142,77689,2
REQ003296,USER005108,35901,1
REQ003297,USER009919,7472,2
REQ003298,USER009419,41692,1
REQ003299,USER003505,11760,1
REQ003300,USER007049,52647,10
REQ003301,USER002765,43639,7
REQ003302,USER005316,26988,6
REQ003303,USER002986,14757,7
REQ003304,USER003605,70599,4
REQ003305,USER008988,85000,10
REQ003306,USER005045,86395,10
REQ003307,USER006089,27195,9
REQ003308,USER002294,75358,10
REQ003309,USER002596,45189,1
REQ003310,USER007475,32078,7
REQ003311,USER008459,9922,3
REQ003312,USER009798,74701,7
REQ003313,USER000138,73776,7
REQ003314,USER009596,57443,4
REQ003315,USER002003,71018,9
REQ003316,USER007529,65106,6
REQ003317,USER009881,68262,3
REQ003318,USER007132,25450,1
REQ003319,USER005146,59402,3
REQ003320,USER008196,56726,8
REQ003321,USER008457,15777,2
REQ003322,USER000660,33036,4
REQ003323,USER002685,340,9
REQ003324,USER005642,17233,1
REQ003325,USER008651,3492,1
REQ003326,USER000997,21204,8
REQ003327,USER003922,22204,5
REQ003328,USER001561,85619,10
REQ003329,USER004134,83981,9
REQ003330,USER002896,57461,9
REQ003331,USER004311,43750,5
REQ003332,USER004807,35545,4
REQ003333,USER005240,671,2
REQ003334,USER001360,61925,5
REQ003335,USER007940,21332,10
REQ003336,USER004572,47580,6
REQ003337,USER006656,58332,1
REQ003338,USER003816,74681,7
REQ003339,USER003013,37011,10
REQ003340,USER003214,27300,2
REQ003341,USER007469,25246,3
REQ003342,USER003960,40501,2
REQ003343,USER001074,60892,10
REQ003344,USER008323,78850,3
REQ003345,USER006749,75361,6
REQ003346,USER009509,83524,1
REQ003347,USER008344,11339,1
REQ003348,USER001588,42736,3
REQ003349,USER007685,6701,7
REQ003350,USER009539,14118,5
REQ003351,USER003691,22438,5
REQ003352,USER007075,79724,10
REQ003353,USER000634,63759,4
REQ003354,USER005077,49229,6
REQ003355,USER006408,31442,4
REQ003356,USER008225,22550,3
REQ003357,USER005322,26376,2
REQ003358,USER004590,52511,3
REQ003359,USER002259,58994,9
REQ003360,USER000277,46337,5
REQ003361,USER001972,21087,2
REQ003362,USER006223,34704,9
REQ003363,USER005460,78566,6
REQ003364,USER004023,84808,7
REQ003365,USER007072,69613,3
REQ003366,USER009595,12124,1
REQ003367,USER000748,30952,1
REQ003368,USER000885,65746,5
REQ003369,USER006233,44858,9
REQ003370,USER004496,13685,3
REQ003371,USER009801,47641,6
REQ003372,USER007455,85611,4
REQ003373,USER001209,52985,6
REQ003374,USER004157,86075,3
REQ003375,USER004257,74787,8
REQ003376,USER003570,66228,1
REQ003377,USER009471,11002,4
REQ003378,USER008858,52277,7
REQ003379,USER005538,62395,1
REQ003380,USER006126,14510,3
REQ003381,USER000269,23312,7
REQ003382,USER006142,85070,7
REQ003383,USER006904,31672,5
REQ003384,USER002114,5851,2
REQ003385,USER001212,32495,3
REQ003386,USER001040,53200,9
REQ003387,USER002750,27665,1
REQ003388,USER003306,46409,7
REQ003389,USER000597,2999,10
REQ003390,USER004377,71631,9
REQ003391,USER008730,3867,1
REQ003392,USER000376,5849,2
REQ003393,USER001517,52271,1
REQ003394,USER003985,48221,3
REQ003395,USER000472,83095,10
REQ003396,USER003302,2700,1
REQ003397,USER004894,32072,10
REQ003398,USER008498,32550,4
REQ003399,USER008819,69506,8
REQ003400,USER000462,56490,4
REQ003401,USER009548,78401,7
REQ003402,USER009919,39011,9
REQ003403,USER003764,27396,10
REQ003404,USER005656,78027,5
REQ003405,USER003923,20138,9
REQ003406,USER002242,64798,4
REQ003407,USER007235,72795,1
REQ003408,USER007890,4383,2
REQ003409,USER008639,47989,4
REQ003410,USER008721,27313,5
REQ003411,USER009541,54101,6
REQ003412,USER001028,60877,1
REQ003413,USER005422,55081,2
REQ003414,USER005111,20834,1
REQ003415,USER006538,11045,6
REQ003416,USER005061,2419,1
REQ003417,USER009329,71470,2
REQ003418,USER001660,79214,10
REQ003419,USER008891,74305,9
REQ003420,USER003258,66029,1
REQ003421,USER007679,82893,1
REQ003422,USER000051,10927,2
REQ003423,USER002098,41390,2
REQ003424,USER004541,28369,2
REQ003425,USER007557,17574,3
REQ003426,USER006445,12766,3
REQ003427,USER001109,56147,7
REQ003428,USER006000,8421,10
REQ003429,USER003603,33520,3
REQ003430,USER008928,48254,1
REQ003431,USER003352,625,10
REQ003432,USER006693,32913,1
REQ003433,USER006936,32692,10
REQ003434,USER000412,60842,5
REQ003435,USER004214,13080,9
REQ003436,USER009235,31920,8
REQ003437,USER006849,22408,10
REQ003438,USER007260,53606,1
REQ003439,USER004215,39635,5
REQ003440,USER009916,12100,6
REQ003441,USER007212,51994,7
REQ003442,USER005880,15582,2
REQ003443,USER002159,72729,5
REQ003444,USER008928,30253,3
REQ003445,USER004768,55971,7
REQ003446,USER001644,2457,4
REQ003447,USER002838,30811,10
REQ003448,USER008063,13772,5
REQ003449,USER004107,84142,7
REQ003450,USER007710,55159,3
REQ003451,USER007540,8019,2
REQ003452,USER000183,17248,2
REQ003453,USER002216,69884,8
REQ003454,USER007288,12079,7
REQ003455,USER008614,69611,9
REQ003456,USER003835,40213,2
REQ003457,USER003672,86094,5
REQ003458,USER007733,56390,8
REQ003459,USER003810,25756,2
REQ003460,USER004384,70010,10
REQ003461,USER001753,66504,8
REQ003462,USER003938,50182,1
REQ003463,USER002121,55525,6
REQ003464,USER004265,36221,5
REQ003465,USER004705,8149,4
REQ003466,USER003139,80171,3
REQ003467,USER008905,54312,7
REQ003468,USER007463,82133,4
REQ003469,USER007709,44105,6
REQ003470,USER009887,12258,2
REQ003471,USER008576,37147,3
REQ003472,USER001409,46510,9
REQ003473,USER007177,59392,3
REQ003474,USER002212,33729,8
REQ003475,USER006847,66529,9
REQ003476,USER000489,57348,4
REQ003477,USER008770,35850,5
REQ003478,USER002805,43014,5
REQ003479,USER006309,4740,6
REQ003480,USER004021,3465,8
REQ003481,USER008849,67237,3
REQ003482,USER004992,66829,4
REQ003483,USER002556,56743,9
REQ003484,USER002318,1021,4
REQ003485,USER000324,11376,2
REQ003486,USER002834,54321,8
REQ003487,USER006076,30091,10
REQ003488,USER000464,7986,5
REQ003489,USER004908,24145,7
REQ003490,USER003436,78829,1
REQ003491,USER003776,68066,9
REQ003492,USER005219,29406,9
REQ003493,USER000864,10018,8
REQ003494,USER009252,65530,4
REQ003495,USER003487,47099,1
REQ003496,USER007753,74219,10
REQ003497,USER008327,48125,8
REQ003498,USER007510,84442,9
REQ003499,USER000336,80954,6
REQ003500,USER007141,59763,5
REQ003501,USER001001,41167,5
REQ003502,USER002798,80140,3
REQ003503,USER001365,6912,6
REQ003504,USER006770,16019,4
REQ003505,USER008844,21014,6
REQ003506,USER006830,85050,5
REQ003507,USER001857,30000,2
REQ003508,USER005384,6026,4
REQ003509,USER005751,41259,5
REQ003510,USER000258,25007,3
REQ003511,USER006978,60156,1
REQ003512,USER000062,52779,4
REQ003513,USER002066,16939,8
REQ003514,USER005958,13892,9
REQ003515,USER005386,2763,1
REQ003516,USER005838,8021,5
REQ003517,USER001312,2297,3
REQ003518,USER003606,21705,8
REQ003519,USER004393,38252,10
REQ003520,USER004818,27547,1
REQ003521,USER007452,938,8
REQ003522,USER009456,75130,6
REQ003523,USER000725,19137,1
REQ003524,USER003035,84491,3
REQ003525,USER006815,42737,6
REQ003526,USER004413,35558,4
REQ003527,USER004030,43463,5
REQ003528,USER001184,84706,4
REQ003529,USER006021,24284,9
REQ003530,USER009805,12725,3
REQ003531,USER004220,69341,5
REQ003532,USER001889,50006,7
REQ003533,USER005615,67921,10
REQ003534,USER007721,39435,10
REQ003535,USER007829,75672,7
REQ003536,USER003720,1216,2
REQ003537,USER003188,32297,7
REQ003538,USER003748,45926,4
REQ003539,USER006559,32509,2
REQ003540,USER006390,82856,6
REQ003541,USER002775,20419,8
REQ003542,USER006053,16446,3
REQ003543,USER006203,53433,5
REQ003544,USER002332,10350,4
REQ003545,USER000816,28712,8
REQ003546,USER001973,32887,7
REQ003547,USER002794,22909,1
REQ003548,USER001319,16667,3
REQ003549,USER005571,47459,1
REQ003550,USER008620,16259,6
REQ003551,USER001382,7368,7
REQ003552,USER003086,53803,7
REQ003553,USER000002,21990,1
REQ003554,USER008742,20854,10
REQ003555,USER004420,65696,8
REQ003556,USER000964,12711,5
REQ003557,USER006198,28527,7
REQ003558,USER002485,45447,5
REQ003559,USER008216,38674,9
REQ003560,USER007702,22828,8
REQ003561,USER007554,42518,3
REQ003562,USER004904,29677,6
REQ003563,USER005451,19790,5
REQ003564,USER008057,16560,6
REQ003565,USER006408,52996,4
REQ003566,USER003088,52318,7
REQ003567,USER008247,75673,1
REQ003568,USER008286,81859,8
REQ003569,USER006895,55847,3
REQ003570,USER009211,55323,4
REQ003571,USER002267,25540,2
REQ003572,USER008181,70022,2
REQ003573,USER009400,75969,10
REQ003574,USER006065,16778,7
REQ003575,USER000789,32102,3
REQ003576,USER007474,77784,10
REQ003577,USER003960,54952,3
REQ003578,USER006207,31497,8
REQ003579,USER003041,20536,10
REQ003580,USER003967,85959,8
REQ003581,USER000066,66743,1
REQ003582,USER000623,68992,9
REQ003583,USER001621,18746,6
REQ003584,USER005906,73568,2
REQ003585,USER007065,68105,6
REQ003586,USER003701,25873,1
REQ003587,USER001456,28863,4
REQ003588,USER001953,63837,10
REQ003589,USER003209,64880,6
REQ003590,USER007004,25556,2
REQ003591,USER009631,48624,8
REQ003592,USER000963,55637,8
REQ003593,USER003111,46403,5
REQ003594,USER001295,29201,5
REQ003595,USER000497,19378,3
REQ003596,USER006383,42176,4
REQ003597,USER008427,28754,10
REQ003598,USER007099,61612,8
REQ003599,USER009461,4978,3
REQ003600,USER006206,55377,6
REQ003601,USER003341,66436,9
REQ003602,USER005841,80465,10
REQ003603,USER004913,59344,9
REQ003604,USER003903,58557,2
REQ003605,USER004942,21933,10
REQ003606,USER006600,42095,8
REQ003607,USER008593,41131,7
REQ003608,USER004684,56061,5
REQ003609,USER007209,2576,6
REQ003610,USER007053,61329,3
REQ003611,USER007575,68439,6
REQ003612,USER006634,33916,4
REQ003613,USER007742,62593,7
REQ003614,USER004213,41384,10
REQ003615,USER001386,57869,3
REQ003616,USER002122,54934,2
REQ003617,USER007639,14063,9
REQ003618,USER002934,81593,3
REQ003619,USER001253,43557,7
REQ003620,USER003776,56087,7
REQ003621,USER007526,57789,1
REQ003622,USER001808,28931,4
REQ003623,USER006406,85435,5
REQ003624,USER006953,44487,7
REQ003625,USER008288,86056,8
REQ003626,USER007574,41414,7
REQ003627,USER000350,18225,10
REQ003628,USER004728,75827,3
REQ003629,USER008234,78333,4
REQ003630,USER000561,22002,9
REQ003631,USER004310,57187,7
REQ003632,USER000600,63082,9
REQ003633,USER007865,5652,10
REQ003634,USER003557,31556,2
REQ003635,USER004896,43871,4
REQ003636,USER002214,60930,10
REQ003637,USER007265,49650,4
REQ003638,USER004844,13823,2
REQ003639,USER009312,33825,6
REQ003640,USER007449,46874,6
REQ003641,USER003040,70519,4
REQ003642,USER009983,57460,1
REQ003643,USER003137,28913,2
REQ003644,USER004985,75147,9
REQ003645,USER004769,73695,5
REQ003646,USER005721,70986,1
REQ003647,USER005851,66895,5
REQ003648,USER001431,77580,6
REQ003649,USER007715,56418,4
REQ003650,USER007619,36141,9
REQ003651,USER002079,53281,2
REQ003652,USER004154,85564,9
REQ003653,USER006193,8026,3
REQ003654,USER003470,10111,10
REQ003655,USER006331,30680,3
REQ003656,USER008094,66081,7
REQ003657,USER009171,80801,2
REQ003658,USER002240,72950,2
REQ003659,USER000074,65543,8
REQ003660,USER007596,25410,6
REQ003661,USER009259,56903,6
REQ003662,USER002371,85820,2
REQ003663,USER004386,59490,9
REQ003664,USER002621,4579,1
REQ003665,USER002829,23099,2
REQ003666,USER003096,53201,2
REQ003667,USER002189,28325,7
REQ003668,USER007299,41405,3
REQ003669,USER003932,54572,10
REQ003670,USER008669,12044,6
REQ003671,USER005237,20659,3
REQ003672,USER001520,76826,9
REQ003673,USER007307,9243,8
REQ003674,USER006386,44523,5
REQ003675,USER005453,4221,9
REQ003676,USER005722,18780,1
REQ003677,USER008171,37922,5
REQ003678,USER001961,39077,10
REQ003679,USER007842,79275,7
REQ003680,USER005007,82402,9
REQ003681,USER006621,63362,10
REQ003682,USER007133,77611,10
REQ003683,USER007990,55587,4
REQ003684,USER008544,22714,2
REQ003685,USER003424,26044,6
REQ003686,USER003934,68035,3
REQ003687,USER008998,5261,9
REQ003688,USER007740,62147,6
REQ003689,USER007333,75228,5
REQ003690,USER000326,72455,6
REQ003691,USER001556,69658,5
REQ003692,USER004396,69991,1
REQ003693,USER006293,79297,8
REQ003694,USER002449,56487,3
REQ003695,USER000594,69845,3
REQ003696,USER003890,34493,10
REQ003697,USER007248,74768,2
REQ003698,USER001682,46261,10
REQ003699,USER004924,23460,4
REQ003700,USER005475,32264,3
REQ003701,USER006238,61101,5
REQ003702,USER006723,27768,6
REQ003703,USER002950,58901,10
REQ003704,USER007017,27345,8
REQ003705,USER000229,70242,9
REQ003706,USER000865,51404,5
REQ003707,USER008743,58739,9
REQ003708,USER005159,6839,6
REQ003709,USER000099,46124,6
REQ003710,USER000945,43190,7
REQ003711,USER005029,58622,5
REQ003712,USER003853,74626,3
REQ003713,USER008179,7946,8
REQ003714,USER007190,59429,5
REQ003715,USER009709,85443,6
REQ003716,USER007099,74844,1
REQ003717,USER001801,46805,10
REQ003718,USER002347,70491,4
REQ003719,USER005658,16433,6
REQ003720,USER005107,19853,10
REQ003721,USER008616,19755,9
REQ003722,USER003854,10874,9
REQ003723,USER008434,59393,5
REQ003724,USER008558,74566,9
REQ003725,USER006934,58448,6
REQ003726,USER008197,69594,9
REQ003727,USER002180,13876,4
REQ003728,USER006623,30492,2
REQ003729,USER001622,75647,4
REQ003730,USER001721,82553,8
REQ003731,USER005140,73600,4
REQ003732,USER000893,6249,9
REQ003733,USER001293,81625,3
REQ003734,USER000947,8686,8
REQ003735,USER003674,70332,9
REQ003736,USER001500,78864,3
REQ003737,USER008887,20569,9
REQ003738,USER001909,54614,7
REQ003739,USER002539,84660,1
REQ003740,USER000693,72806,5
REQ003741,USER000006,39527,1
REQ003742,USER005656,16594,8
REQ003743,USER007077,68925,4
REQ003744,USER003153,15613,3
REQ003745,USER005980,23969,7
REQ003746,USER007044,35013,10
REQ003747,USER006819,21526,9
REQ003748,USER006671,49816,6
REQ003749,USER006162,26865,2
REQ003750,USER001390,17013,3
REQ003751,USER002915,62572,8
REQ003752,USER004056,29117,10
REQ003753,USER004878,81793,9
REQ003754,USER002864,39507,4
REQ003755,USER006659,43155,7
REQ003756,USER008430,37106,4
REQ003757,USER005232,67566,5
REQ003758,USER002194,13202,1
REQ003759,USER001663,27829,2
REQ003760,USER009756,65897,7
REQ003761,USER001766,51333,10
REQ003762,USER002980,45759,3
REQ003763,USER008793,53637,3
REQ003764,USER000829,81356,1
REQ003765,USER008428,41647,9
REQ003766,USER005007,84265,5
REQ003767,USER002071,80425,9
REQ003768,USER009495,32417,8
REQ003769,USER006540,22605,2
REQ003770,USER004863,46252,6
REQ003771,USER000076,4660,4
REQ003772,USER003564,61436,4
REQ003773,USER004350,504,8
REQ003774,USER001101,27856,1
REQ003775,USER004280,41274,2
REQ003776,USER007814,30421,1
REQ003777,USER008586,17548,3
REQ003778,USER007879,59432,2
REQ003779,USER002883,64352,8
REQ003780,USER006258,41842,7
REQ003781,USER009302,28613,5
REQ003782,USER002643,8817,5
REQ003783,USER000389,66106,2
REQ003784,USER005906,55629,1
REQ003785,USER008680,60272,2
REQ003786,USER003632,37375,10
REQ003787,USER008746,41151,9
REQ003788,USER006999,76083,7
REQ003789,USER001799,25166,1
REQ003790,USER006246,4311,7
REQ003791,USER005355,54893,9
REQ003792,USER001161,42187,8
REQ003793,USER000271,8941,4
REQ003794,USER009924,71125,8
REQ003795,USER002523,25499,1
REQ003796,USER008198,19293,5
REQ003797,USER009314,28214,1
REQ003798,USER007592,5291,5
REQ003799,USER008562,40739,7
REQ003800,USER003245,53655,3
REQ003801,USER008904,53782,6
REQ003802,USER004436,13744,9
REQ003803,USER004189,50936,5
REQ003804,USER004318,43976,5
REQ003805,USER007592,76780,9
REQ003806,USER008112,41619,1
REQ003807,USER003753,53595,5
REQ003808,USER003399,38886,2
REQ003809,USER009749,32556,3
REQ003810,USER002429,18704,6
REQ003811,USER003978,44411,10
REQ003812,USER004772,59900,6
REQ003813,USER009023,13761,9
REQ003814,USER001990,56057,8
REQ003815,USER007049,74021,5
REQ003816,USER002335,45052,2
REQ003817,USER005773,17016,9
REQ003818,USER008690,50538,8
REQ003819,USER000962,18283,5
REQ003820,USER001746,83131,4
REQ003821,USER009520,23697,10
REQ003822,USER003213,51371,4
REQ003823,USER006468,17429,3
REQ003824,USER008211,42640,9
REQ003825,USER001272,27508,6
REQ003826,USER009814,42598,3
REQ003827,USER001077,27405,8
REQ003828,USER001770,1340,9
REQ003829,USER009314,10302,3
REQ003830,USER006906,30035,4
REQ003831,USER002877,59145,10
REQ003832,USER009771,41443,3
REQ003833,USER009619,44360,9
REQ003834,USER003940,28674,1
REQ003835,USER002660,30002,4
REQ003836,USER008836,23021,7
REQ003837,USER005689,37697,8
REQ003838,USER006875,14484,6
REQ003839,USER005107,28649,3
REQ003840,USER007150,2813,9
REQ003841,USER008307,7378,1
REQ003842,USER006929,4056,4
REQ003843,USER009526,31945,4
REQ003844,USER006837,31191,10
REQ003845,USER008218,30998,6
REQ003846,USER005742,28172,6
REQ003847,USER004673,81280,10
REQ003848,USER003280,71827,1
REQ003849,USER006579,31232,4
REQ003850,USER003806,32425,2
REQ003851,USER000461,8975,7
REQ003852,USER006517,74214,6
REQ003853,USER008518,55649,9
REQ003854,USER001379,43037,1
REQ003855,USER008453,76956,9
REQ003856,USER007311,38912,7
REQ003857,USER007402,14256,5
REQ003858,USER009549,17042,4
REQ003859,USER001446,241,5
REQ003860,USER007091,26593,7
REQ003861,USER008487,35540,8
REQ003862,USER003209,49326,4
REQ003863,USER007242,64749,3
REQ003864,USER004705,10093,9
REQ003865,USER006300,85900,3
REQ003866,USER009148,55082,4
REQ003867,USER000334,21861,2
REQ003868,USER009460,63991,9
REQ003869,USER000712,19355,9
REQ003870,USER009277,64788,5
REQ003871,USER000815,75577,10
REQ003872,USER008844,6164,1
REQ003873,USER002675,53527,9
REQ003874,USER008773,27157,6
REQ003875,USER006116,8171,7
REQ003876,USER008677,79065,3
REQ003877,USER005392,35668,6
REQ003878,USER001139,41299,7
REQ003879,USER006513,60115,3
REQ003880,USER001075,31883,4
REQ003881,USER004746,10192,5
REQ003882,USER006043,42502,10
REQ003883,USER003532,21303,6
REQ003884,USER005053,51893,7
REQ003885,USER006123,34340,2
REQ003886,USER009995,62629,3
REQ003887,USER008347,82567,4
REQ003888,USER003421,9878,5
REQ003889,USER002436,68807,10
REQ003890,USER005171,75578,7
REQ003891,USER000955,79255,10
REQ003892,USER000113,28461,4
REQ003893,USER000083,64804,9
REQ003894,USER006851,9920,10
REQ003895,USER005866,17062,10
REQ003896,USER004621,79379,5
REQ003897,USER009074,44948,8
REQ003898,USER000899,53662,7
REQ003899,USER001193,72842,3
REQ003900,USER008840,17451,10
REQ003901,USER006070,73184,8
REQ003902,USER000258,13832,3
REQ003903,USER004663,68664,2
REQ003904,USER002494,62159,2
REQ003905,USER009888,83196,10
REQ003906,USER005978,47478,6
REQ003907,USER009409,68259,8
REQ003908,USER004421,73649,2
REQ003909,USER009410,65561,3
REQ003910,USER006126,39213,3
REQ003911,USER003378,61357,9
REQ003912,USER000082,41745,9
REQ003913,USER004744,48846,6
REQ003914,USER003833,37321,10
REQ003915,USER009053,14479,1
REQ003916,USER001143,50462,7
REQ003917,USER001209,19161,5
REQ003918,USER000154,11956,6
REQ003919,USER005706,75391,8
REQ003920,USER003894,58151,3
REQ003921,USER000421,2697,8
REQ003922,USER008954,43941,7
REQ003923,USER008463,7562,3
REQ003924,USER003102,77952,1
REQ003925,USER005339,75733,4
REQ003926,USER000534,37107,10
REQ003927,USER003748,72872,10
REQ003928,USER007547,46473,7
REQ003929,USER003061,84365,4
REQ003930,USER001778,84535,4
REQ003931,USER009803,37884,5
REQ003932,USER003813,38630,6
REQ003933,USER003220,61842,2
REQ003934,USER009868,18762,8
REQ003935,USER001860,41696,6
REQ003936,USER006056,14406,10
REQ003937,USER005628,55230,6
REQ003938,USER003565,12299,4
REQ003939,USER000108,62068,2
REQ003940,USER004196,82433,3
REQ003941,USER008853,84292,1
REQ003942,USER000212,60483,1
REQ003943,USER002641,54638,1
REQ003944,USER007302,84967,8
REQ003945,USER004512,61948,10
REQ003946,USER009833,38547,1
REQ003947,USER006607,44947,6
REQ003948,USER008806,6674,9
REQ003949,USER003201,24833,1
REQ003950,USER002269,63258,5
REQ003951,USER000258,37568,5
REQ003952,USER004240,4564,3
REQ003953,USER006860,73410,1
REQ003954,USER007611,4141,8
REQ003955,USER005915,55896,8
REQ003956,USER003728,63543,8
REQ003957,USER000248,64032,5
REQ003958,USER009877,46057,1
REQ003959,USER005641,80334,7
REQ003960,USER008491,56212,7
REQ003961,USER003755,14281,6
REQ003962,USER008525,77779,1
REQ003963,USER000394,84841,10
REQ003964,USER006295,79791,4
REQ003965,USER005664,15099,1
REQ003966,USER009291,31922,8
REQ003967,USER005987,75925,8
REQ003968,USER008764,32970,7
REQ003969,USER003939,44015,7
REQ003970,USER001091,215,6
REQ003971,USER001424,68842,10
REQ003972,USER004344,41252,9
REQ003973,USER007337,43708,6
REQ003974,USER008530,5646,5
REQ003975,USER003126,9563,4
REQ003976,USER005803,55055,9
REQ003977,USER001289,26613,5
REQ003978,USER007132,30169,5
REQ003979,USER002834,58028,5
REQ003980,USER004235,55437,5
REQ003981,USER000887,30612,6
REQ003982,USER005308,32782,4
REQ003983,USER003926,6903,7
REQ003984,USER008252,62166,10
REQ003985,USER006759,49689,9
REQ003986,USER007801,52637,1
REQ003987,USER000628,78673,8
REQ003988,USER000665,30611,10
REQ003989,USER006190,81628,3
REQ003990,USER001718,1227,9
REQ003991,USER005568,71304,1
REQ003992,USER009458,23876,9
REQ003993,USER002797,28138,4
REQ003994,USER006884,49221,2
REQ003995,USER005940,24823,5
REQ003996,USER008959,54462,2
REQ003997,USER003007,22053,7
REQ003998,USER000948,32873,7
REQ003999,USER004043,53629,7
REQ004000,USER004262,26015,10
REQ004001,USER007374,82344,3
REQ004002,USER000025,60176,5
REQ004003,USER007785,27143,7
REQ004004,USER002861,34513,4
REQ004005,USER002854,36566,6
REQ004006,USER005546,72670,10
REQ004007,USER001554,86133,2
REQ004008,USER002369,29744,4
REQ004009,USER000214,35459,10
REQ004010,USER004360,44459,5
REQ004011,USER006280,35592,1
REQ004012,USER008086,57091,8
REQ004013,USER008812,46599,10
REQ004014,USER006219,43647,4
REQ004015,USER005736,72265,10
REQ004016,USER005708,18907,5
REQ004017,USER000915,71277,7
REQ004018,USER002811,19073,6
REQ004019,USER002719,86239,4
REQ004020,USER005682,61991,2
REQ004021,USER005185,30547,6
REQ004022,USER002916,6752,8
REQ004023,USER008753,25596,2
REQ004024,USER006467,70583,3
REQ004025,USER001909,14480,5
REQ004026,USER000659,5036,6
REQ004027,USER001832,77089,8
REQ004028,USER009811,10588,4
REQ004029,USER006633,61685,6
REQ004030,USER004238,5746,8
REQ004031,USER006980,61660,2
REQ004032,USER003110,10175,9
REQ004033,USER005874,42272,10
REQ004034,USER009335,63103,3
REQ004035,USER007466,83366,10
REQ004036,USER007371,77085,1
REQ004037,USER002375,85557,6
REQ004038,USER004505,21641,8
REQ004039,USER007659,55248,1
REQ004040,USER008127,25849,2
REQ004041,USER008802,46863,10
REQ004042,USER003462,25630,4
REQ004043,USER009238,62860,3
REQ004044,USER001795,17788,3
REQ004045,USER000948,69049,2
REQ004046,USER006914,44365,10
REQ004047,USER007128,4781,4
REQ004048,USER006073,399,6
REQ004049,USER006035,71225,8
REQ004050,USER006943,64526,5
REQ004051,USER006699,64303,2
REQ004052,USER000249,1076,6
REQ004053,USER001774,23099,2
REQ004054,USER005075,23611,8
REQ004055,USER003951,26513,2
REQ004056,USER006099,28850,8
REQ004057,USER001346,13321,8
REQ004058,USER005701,21591,10
REQ004059,USER007086,43914,8
REQ004060,USER004487,17150,4
REQ004061,USER008123,43199,4
REQ004062,USER006321,15641,6
REQ004063,USER008988,60007,5
REQ004064,USER001839,84940,5
REQ004065,USER000134,4821,4
REQ004066,USER008534,4627,4
REQ004067,USER006298,25192,5
REQ004068,USER006697,13820,10
REQ004069,USER003947,61414,8
REQ004070,USER007961,55831,1
REQ004071,USER004522,19534,2
REQ004072,USER005742,40130,10
REQ004073,USER002444,24099,2
REQ004074,USER004648,10546,3
REQ004075,USER003077,40756,10
REQ004076,USER002200,34373,4
REQ004077,USER005918,26527,6
REQ004078,USER001625,76052,8
REQ004079,USER006729,7109,6
REQ004080,USER008537,19244,9
REQ004081,USER006938,42644,10
REQ004082,USER004643,10476,3
REQ004083,USER005412,26889,7
REQ004084,USER009858,74965,9
REQ004085,USER007873,63348,1
REQ004086,USER004030,25047,7
REQ004087,USER005384,27366,7
REQ004088,USER008777,76661,5
REQ004089,USER002501,66813,6
REQ004090,USER001215,61839,7
REQ004091,USER006137,50067,3
REQ004092,USER000960,49273,10
REQ004093,USER000731,54167,8
REQ004094,USER007432,12605,2
REQ004095,USER004230,5403,5
REQ004096,USER009911,8546,7
REQ004097,USER004696,37422,5
REQ004098,USER009037,13029,4
REQ004099,USER009173,43346,10
REQ004100,USER000472,32113,9
REQ004101,USER008540,37141,5
REQ004102,USER007720,47474,9
REQ004103,USER009933,62416,4
REQ004104,USER007762,42975,6
REQ004105,USER006567,17885,3
REQ004106,USER008781,81031,8
REQ004107,USER009815,57802,1
REQ004108,USER005185,79858,2
REQ004109,USER004458,85860,9
REQ004110,USER004032,40819,9
REQ004111,USER007536,62482,6
REQ004112,USER008904,2979,7
REQ004113,USER001583,53015,2
REQ004114,USER007495,72922,5
REQ004115,USER008769,13128,7
REQ004116,USER002424,31325,3
REQ004117,USER009477,13808,9
REQ004118,USER006591,47328,2
REQ004119,USER000228,53240,6
REQ004120,USER006613,55503,6
REQ004121,USER003324,76779,5
REQ004122,USER005731,47814,3
REQ004123,USER008231,1991,3
REQ004124,USER009540,23906,2
REQ004125,USER009433,52800,9
REQ004126,USER008229,38674,5
REQ004127,USER001725,37468,4
REQ004128,USER007500,13471,10
REQ004129,USER000031,47482,2
REQ004130,USER009337,78267,4
REQ004131,USER009350,26584,1
REQ004132,USER004995,68136,10
REQ004133,USER005373,68831,8
REQ004134,USER000215,8266,6
REQ004135,USER002870,54579,5
REQ004136,USER002849,59326,5
REQ004137,USER001518,31584,9
REQ004138,USER003632,64230,7
REQ004139,USER004774,15031,9
REQ004140,USER007458,3742,4
REQ004141,USER004376,22422,6
REQ004142,USER004880,7856,8
REQ004143,USER006464,82471,2
REQ004144,USER009327,84325,7
REQ004145,USER009229,41490,3
REQ004146,USER003755,61849,6
REQ004147,USER004201,28533,3
REQ004148,USER002155,79378,3
REQ004149,USER007027,76328,2
REQ004150,USER006424,33816,4
REQ004151,USER002623,65766,8
REQ004152,USER000529,17384,8
REQ004153,USER001526,71063,8
REQ004154,USER002014,48689,2
REQ004155,USER008509,26066,9
REQ004156,USER007473,36718,5
REQ004157,USER003422,42360,9
REQ004158,USER002114,21058,9
REQ004159,USER000085,44210,9
REQ004160,USER004948,53036,8
REQ004161,USER009372,55408,8
REQ004162,USER004929,15722,7
REQ004163,USER002272,59488,5
REQ004164,USER004731,80748,3
REQ004165,USER000164,61682,9
REQ004166,USER002767,80228,6
REQ004167,USER007328,82926,9
REQ004168,USER001829,31954,3
REQ004169,USER005769,72064,3
REQ004170,USER006682,34004,1
REQ004171,USER003133,2162,6
REQ004172,USER000598,10707,5
REQ004173,USER009469,8062,5
REQ004174,USER008439,76558,4
REQ004175,USER005187,57997,8
REQ004176,USER001469,3494,10
REQ004177,USER006756,84102,6
REQ004178,USER005619,21859,10
REQ004179,USER000534,74827,6
REQ004180,USER006707,19619,4
REQ004181,USER003117,21944,1
REQ004182,USER005001,67485,6
REQ004183,USER000373,61257,2
REQ004184,USER006834,32244,6
REQ004185,USER008478,29082,3
REQ004186,USER002242,69038,3
REQ004187,USER009553,61801,9
REQ004188,USER001248,23909,2
REQ004189,USER007143,55679,3
REQ004190,USER001511,79012,10
REQ004191,USER008618,23645,8
REQ004192,USER003628,60136,1
REQ004193,USER009448,42481,6
REQ004194,USER003267,63566,10
REQ004195,USER005794,57349,8
REQ004196,USER002576,79275,5
REQ004197,USER006562,75053,2
REQ004198,USER003450,36037,3
REQ004199,USER006386,4453,10
REQ004200,USER006249,15414,1
REQ004201,USER009992,79421,2
REQ004202,USER004162,46820,10
REQ004203,USER000218,80671,7
REQ004204,USER002725,29615,6
REQ004205,USER003391,52815,8
REQ004206,USER005054,23889,1
REQ004207,USER007497,28912,1
REQ004208,USER001883,77510,6
REQ004209,USER000413,21086,1
REQ004210,USER004361,26403,4
REQ004211,USER000874,21887,4
REQ004212,USER005357,19210,4
REQ004213,USER006359,81474,5
REQ004214,USER008807,55119,2
REQ004215,USER000520,54147,7
REQ004216,USER005502,26161,4
REQ004217,USER003088,15549,8
REQ004218,USER003923,57998,6
REQ004219,USER009582,22700,10
REQ004220,USER004419,60739,3
REQ004221,USER004317,13718,3
REQ004222,USER002468,3332,7
REQ004223,USER000300,12024,6
REQ004224,USER000521,70452,3
REQ004225,USER006633,53754,4
REQ004226,USER002514,50254,2
REQ004227,USER000144,77895,2
REQ004228,USER001825,24527,2
REQ004229,USER007230,10180,3
REQ004230,USER006478,12237,7
REQ004231,USER006271,79299,7
REQ004232,USER003845,79825,8
REQ004233,USER001938,16628,7
REQ004234,USER004031,76038,5
REQ004235,USER008333,7248,1
REQ004236,USER003505,72083,7
REQ004237,USER006492,33707,1
REQ004238,USER008208,51291,5
REQ004239,USER004613,13190,1
REQ004240,USER002732,1998,2
REQ004241,USER008159,5485,6
REQ004242,USER003899,20707,4
REQ004243,USER001023,20969,5
REQ004244,USER005374,83227,8
REQ004245,USER001551,35234,4
REQ004246,USER007064,71225,3
REQ004247,USER001862,59292,6
REQ004248,USER007146,32347,4
REQ004249,USER009002,3495,6
REQ004250,USER002272,47775,8
REQ004251,USER002994,40846,6
REQ004252,USER004342,15089,9
REQ004253,USER006718,85176,3
REQ004254,USER003614,12804,3
REQ004255,USER001875,13907,4
REQ004256,USER001249,54782,9
REQ004257,USER002440,76803,7
REQ004258,USER004858,45768,2
REQ004259,USER009906,52197,6
REQ004260,USER008451,2452,6
REQ004261,USER007091,2444,6
REQ004262,USER003596,44177,3
REQ004263,USER003189,9710,7
REQ004264,USER003214,45805,3
REQ004265,USER003118,42044,3
REQ004266,USER003815,17580,1
REQ004267,USER001962,7110,7
REQ004268,USER000161,1093,6
REQ004269,USER000037,44480,8
REQ004270,USER007732,4554,6
REQ004271,USER003142,50983,2
REQ004272,USER002672,4584,4
REQ004273,USER004838,85179,2
REQ004274,USER006609,54756,5
REQ004275,USER001090,54179,9
REQ004276,USER004194,24454,6
REQ004277,USER009410,49484,7
REQ004278,USER009292,45493,8
REQ004279,USER007069,70212,6
REQ004280,USER003859,79414,9
REQ004281,USER000533,59055,1
REQ004282,USER000523,74049,4
REQ004283,USER008246,482,7
REQ004284,USER008472,12797,8
REQ004285,USER006059,27799,2
REQ004286,USER003748,72544,3
REQ004287,USER009398,7949,2
REQ004288,USER004081,1178,2
REQ004289,USER000585,68772,7
REQ004290,USER007552,43775,7
REQ004291,USER009251,38731,4
REQ004292,USER001656,76334,6
REQ004293,USER003880,24694,2
REQ004294,USER000642,50975,5
REQ004295,USER005967,85402,4
REQ004296,USER002740,55552,5
REQ004297,USER009688,7029,5
REQ004298,USER005563,11754,1
REQ004299,USER003425,26222,6
REQ004300,USER003272,25178,3
REQ004301,USER004892,72652,6
REQ004302,USER001769,71818,1
REQ004303,USER003793,14434,4
REQ004304,USER002107,79378,2
REQ004305,USER005290,5063,2
REQ004306,USER000604,70565,2
REQ004307,USER005122,29594,3
REQ004308,USER006718,40834,2
REQ004309,USER007710,65282,8
REQ004310,USER006480,11747,1
REQ004311,USER001354,81271,3
REQ004312,USER004928,67638,5
REQ004313,USER006064,69957,6
REQ004314,USER007417,22467,4
REQ004315,USER000741,51676,2
REQ004316,USER003791,83810,1
REQ004317,USER009903,4298,6
REQ004318,USER000692,45367,10
REQ004319,USER003558,10655,5
REQ004320,USER009044,38641,9
REQ004321,USER009755,56377,9
REQ004322,USER008439,2442,9
REQ004323,USER003453,16475,1
REQ004324,USER000938,79898,3
REQ004325,USER004457,19389,2
REQ004326,USER006644,37069,8
REQ004327,USER003884,73935,4
REQ004328,USER008164,50816,5
REQ004329,USER001383,42003,9
REQ004330,USER002580,11616,9
REQ004331,USER001472,40123,2
REQ004332,USER002337,22898,2
REQ004333,USER001307,74918,7
REQ004334,USER008802,15687,3
REQ004335,USER001134,81952,1
REQ004336,USER004894,59667,7
REQ004337,USER006359,23856,3
REQ004338,USER004085,23832,5
REQ004339,USER006989,63026,8
REQ004340,USER008507,28151,2
REQ004341,USER005122,37151,1
REQ004342,USER007992,7621,4
REQ004343,USER001019,29439,4
REQ004344,USER005793,31851,8
REQ004345,USER002782,30056,3
REQ004346,USER003434,83371,10
REQ004347,USER007916,35149,1
REQ004348,USER001139,2264,2
REQ004349,USER005784,12461,3
REQ004350,USER001777,48455,10
REQ004351,USER005001,82185,2
REQ004352,USER000103,66697,4
REQ004353,USER000016,50308,3
REQ004354,USER007991,21489,2
REQ004355,USER006543,54817,7
REQ004356,USER002322,10162,8
REQ004357,USER003165,42362,10
REQ004358,USER001220,73446,7
REQ004359,USER007658,51900,7
REQ004360,USER006468,78633,4
REQ004361,USER007082,9722,10
REQ004362,USER008212,65069,8
REQ004363,USER009542,10373,8
REQ004364,USER009008,66245,5
REQ004365,USER002792,41560,1
REQ004366,USER007769,77474,9
REQ004367,USER002150,3511,9
REQ004368,USER005753,41039,7
REQ004369,USER009976,77055,9
REQ004370,USER009038,38205,4
REQ004371,USER002160,53962,8
REQ004372,USER007149,3311,2
REQ004373,USER006125,4033,7
REQ004374,USER001342,34079,10
REQ004375,USER001096,34238,10
REQ004376,USER006301,42461,7
REQ004377,USER001753,30270,5
REQ004378,USER006643,53788,5
REQ004379,USER000293,37622,9
REQ004380,USER009698,49455,6
REQ004381,USER000120,48851,10
REQ004382,USER009114,75047,8
REQ004383,USER007771,47270,2
REQ004384,USER009422,53757,6
REQ004385,USER002401,43802,10
REQ004386,USER003679,34050,7
REQ004387,USER000220,67638,1
REQ004388,USER007204,47250,3
REQ004389,USER005959,77218,7
REQ004390,USER003822,60486,7
REQ004391,USER005963,64434,4
REQ004392,USER005949,3487,2
REQ004393,USER003937,82413,7
REQ004394,USER000827,77594,9
REQ004395,USER000557,32912,2
REQ004396,USER005191,26669,5
REQ004397,USER009058,52567,10
REQ004398,USER007979,6746,4
REQ004399,USER000314,47870,3
REQ004400,USER003975,48062,5
REQ004401,USER009471,77138,8
REQ004402,USER005235,15821,5
REQ004403,USER009562,18435,1
REQ004404,USER004789,32902,8
REQ004405,USER009883,43591,6
REQ004406,USER004519,84942,3
REQ004407,USER007809,49989,9
REQ004408,USER005476,74241,3
REQ004409,USER006291,19125,1
REQ004410,USER008373,463,9
REQ004411,USER001232,36663,2
REQ004412,USER000392,74419,10
REQ004413,USER005658,31655,6
REQ004414,USER003596,60923,8
REQ004415,USER001555,69445,5
REQ004416,USER003718,43733,10
REQ004417,USER008862,24563,3
REQ004418,USER009775,70191,7
REQ004419,USER005389,56975,10
REQ004420,USER000156,50865,7
REQ004421,USER005032,33385,3
REQ004422,USER002163,8326,9
REQ004423,USER008995,44022,1
REQ004424,USER003733,795,6
REQ004425,USER009866,7824,8
REQ004426,USER003144,33812,4
REQ004427,USER002323,12539,6
REQ004428,USER006780,69545,2
REQ004429,USER001683,31981,1
REQ004430,USER008426,58570,6
REQ004431,USER004026,83209,8
REQ004432,USER009961,50451,3
REQ004433,USER004670,30986,1
REQ004434,USER007336,85059,8
REQ004435,USER009468,8247,8
REQ004436,USER009459,42396,5
REQ004437,USER003719,62200,5
REQ004438,USER008885,76713,9
REQ004439,USER009487,34813,8
REQ004440,USER001632,22033,4
REQ004441,USER000740,15940,7
REQ004442,USER001374,39766,5
REQ004443,USER007655,36025,4
REQ004444,USER009039,70644,6
REQ004445,USER006036,34089,7
REQ004446,USER002546,579,8
REQ004447,USER002481,17870,6
REQ004448,USER008608,61252,5
REQ004449,USER008658,13276,1
REQ004450,USER007548,8750,4
REQ004451,USER001822,18544,8
REQ004452,USER004214,51356,3
REQ004453,USER003511,25247,4
REQ004454,USER002045,6071,1
REQ004455,USER000605,54603,2
REQ004456,USER000582,8136,7
REQ004457,USER003476,84667,2
REQ004458,USER006552,37797,5
REQ004459,USER000141,29506,2
REQ004460,USER005274,4713,4
REQ004461,USER009755,6280,8
REQ004462,USER006148,41494,5
REQ004463,USER008362,13572,6
REQ004464,USER004599,70400,4
REQ004465,USER008630,67215,4
REQ004466,USER004977,7825,1
REQ004467,USER001652,36833,9
REQ004468,USER002829,81609,1
REQ004469,USER006851,68016,6
REQ004470,USER008657,16833,1
REQ004471,USER003690,3468,5
REQ004472,USER003742,54196,4
REQ004473,USER006225,56989,4
REQ004474,USER007010,31345,4
REQ004475,USER000700,35617,9
REQ004476,USER003667,7756,7
REQ004477,USER005275,26649,6
REQ004478,USER006424,19318,5
REQ004479,USER004848,38780,10
REQ004480,USER000157,39982,4
REQ004481,USER003359,80605,5
REQ004482,USER001201,6117,1
REQ004483,USER007305,55938,5
REQ004484,USER005598,16135,4
REQ004485,USER002916,17276,1
REQ004486,USER009833,11320,7
REQ004487,USER007969,48912,3
REQ004488,USER006515,85458,6
REQ004489,USER000345,84878,10
REQ004490,USER009490,31560,5
REQ004491,USER007693,10006,9
REQ004492,USER003767,6008,2
REQ004493,USER004857,46545,8
REQ004494,USER001723,44073,2
REQ004495,USER008314,10968,3
REQ004496,USER001745,32102,1
REQ004497,USER008725,23688,5
REQ004498,USER005560,79927,4
REQ004499,USER004829,7042,9
REQ004500,USER001555,49259,4
REQ004501,USER007336,38237,1
REQ004502,USER005949,60584,1
REQ004503,USER002980,76443,1
REQ004504,USER002419,80119,3
REQ004505,USER005808,3915,2
REQ004506,USER001262,73666,9
REQ004507,USER005633,77059,4
REQ004508,USER000730,41848,2
REQ004509,USER001436,56907,6
REQ004510,USER009211,47490,3
REQ004511,USER001268,62916,5
REQ004512,USER003818,62478,4
REQ004513,USER005553,61642,7
REQ004514,USER009838,23453,7
REQ004515,USER003818,230,8
REQ004516,USER009122,36535,8
REQ004517,USER008702,85506,6
REQ004518,USER008633,45680,9
REQ004519,USER004999,31659,5
REQ004520,USER007512,36174,4
REQ004521,USER002253,51811,2
REQ004522,USER005604,2885,8
REQ004523,USER007150,45055,5
REQ004524,USER006234,48314,4
REQ004525,USER002827,55303,9
REQ004526,USER003212,69565,10
REQ004527,USER006212,19515,5
REQ004528,USER004931,56477,1
REQ004529,USER004917,21736,10
REQ004530,USER007069,84458,9
REQ004531,USER003358,54063,7
REQ004532,USER000197,32436,7
REQ004533,USER006222,68005,8
REQ004534,USER005656,53964,9
REQ004535,USER001344,52020,10
REQ004536,USER000104,41626,6
REQ004537,USER007030,67029,10
REQ004538,USER001804,9812,4
REQ004539,USER002613,25451,6
REQ004540,USER003567,3744,5
REQ004541,USER007010,77787,5
REQ004542,USER006657,80341,1
REQ004543,USER001402,62143,5
REQ004544,USER003527,67101,2
REQ004545,USER006153,34883,6
REQ004546,USER006168,72349,9
REQ004547,USER000607,81843,2
REQ004548,USER000208,76951,7
REQ004549,USER004042,58275,2
REQ004550,USER004395,15850,1
REQ004551,USER003781,67793,3
REQ004552,USER000046,65443,3
REQ004553,USER001601,48361,9
REQ004554,USER006701,40727,8
REQ004555,USER000774,16044,4
REQ004556,USER006416,25135,4
REQ004557,USER008568,20965,2
REQ004558,USER001878,34951,4
REQ004559,USER000243,83318,3
REQ004560,USER000882,62103,3
REQ004561,USER006236,10619,7
REQ004562,USER007472,15036,5
REQ004563,USER008558,34867,1
REQ004564,USER001472,38963,5
REQ004565,USER007068,72788,9
REQ004566,USER008424,64768,2
REQ004567,USER005014,51975,10
REQ004568,USER002652,80304,4
REQ004569,USER006326,3885,5
REQ004570,USER005309,19881,6
REQ004571,USER004971,36820,8
REQ004572,USER009523,79033,3
REQ004573,USER005223,81090,7
REQ004574,USER007315,25033,6
REQ004575,USER003200,48411,10
REQ004576,USER005286,16241,5
REQ004577,USER001395,17529,9
REQ004578,USER001588,64215,9
REQ004579,USER009970,37238,1
REQ004580,USER004307,56030,4
REQ004581,USER009855,63589,9
REQ004582,USER003123,33250,10
REQ004583,USER005091,17125,10
REQ004584,USER001737,7891,2
REQ004585,USER008202,65348,8
REQ004586,USER003658,43851,2
REQ004587,USER009018,62590,3
REQ004588,USER009053,33934,4
REQ004589,USER000955,49167,2
REQ004590,USER009726,20156,9
REQ004591,USER007741,44052,2
REQ004592,USER006211,36041,5
REQ004593,USER007999,58445,9
REQ004594,USER004464,81046,7
REQ004595,USER007450,16194,9
REQ004596,USER004883,72977,3
REQ004597,USER007070,29360,9
REQ004598,USER008382,85855,2
REQ004599,USER006381,75356,5
REQ004600,USER008076,40667,5
REQ004601,USER000915,65375,3
REQ004602,USER006092,8016,7
REQ004603,USER006426,41350,6
REQ004604,USER000142,45284,1
REQ004605,USER002933,18040,9
REQ004606,USER001083,62617,9
REQ004607,USER003977,21061,8
REQ004608,USER001688,74650,3
REQ004609,USER008759,64792,4
REQ004610,USER001437,34027,5
REQ004611,USER000724,12714,7
REQ004612,USER000731,78677,1
REQ004613,USER007856,14443,4
REQ004614,USER009859,4874,8
REQ004615,USER002493,82449,6
REQ004616,USER002567,50144,7
REQ004617,USER005923,75045,6
REQ004618,USER002037,45276,2
REQ004619,USER005496,57512,4
REQ004620,USER003573,11381,2
REQ004621,USER007007,41672,3
REQ004622,USER005204,22152,2
REQ004623,USER000427,127,5
REQ004624,USER007480,3383,3
REQ004625,USER005372,33360,9
REQ004626,USER008179,62441,5
REQ004627,USER005710,21708,3
REQ004628,USER004821,12889,6
REQ004629,USER007060,11933,2
REQ004630,USER009967,5812,5
REQ004631,USER008721,32790,9
REQ004632,USER004364,10083,6
REQ004633,USER001370,9052,2
REQ004634,USER004269,7046,10
REQ004635,USER006308,84846,9
REQ004636,USER001367,3584,6
REQ004637,USER002013,21142,4
REQ004638,USER005083,775,9
REQ004639,USER000096,2293,1
REQ004640,USER006342,26545,6
REQ004641,USER008111,64849,6
REQ004642,USER008489,28708,4
REQ004643,USER003834,73318,1
REQ004644,USER003515,9022,9
REQ004645,USER002444,80820,10
REQ004646,USER008310,55283,2
REQ004647,USER006272,4737,9
REQ004648,USER008988,63072,4
REQ004649,USER002718,10440,5
REQ004650,USER002057,42086,8
REQ004651,USER000950,48905,7
REQ004652,USER008144,25542,10
REQ004653,USER004301,46899,6
REQ004654,USER003838,27479,3
REQ004655,USER004765,19887,10
REQ004656,USER005904,52179,9
REQ004657,USER008946,65897,3
REQ004658,USER004758,64319,4
REQ004659,USER006028,6026,4
REQ004660,USER005979,52332,6
REQ004661,USER006408,81695,8
REQ004662,USER003854,37814,8
REQ004663,USER006755,1251,3
REQ004664,USER000575,3003,3
REQ004665,USER007128,2049,2
REQ004666,USER008586,48496,3
REQ004667,USER003882,34348,3
REQ004668,USER002436,76475,7
REQ004669,USER008949,82996,1
REQ004670,USER009145,21626,10
REQ004671,USER003206,57254,8
REQ004672,USER007376,23325,9
REQ004673,USER000012,63380,4
REQ004674,USER004743,48809,6
REQ004675,USER001717,32525,3
REQ004676,USER000564,6239,1
REQ004677,USER001430,28478,6
REQ004678,USER003197,65349,1
REQ004679,USER003578,79012,9
REQ004680,USER005759,4025,6
REQ004681,USER008935,79535,9
REQ004682,USER004974,1817,9
REQ004683,USER009855,65205,6
REQ004684,USER009950,20099,7
REQ004685,USER002799,63746,10
REQ004686,USER009409,15374,8
REQ004687,USER002740,17571,8
REQ004688,USER003328,16103,4
REQ004689,USER008739,74776,4
REQ004690,USER006484,18876,1
REQ004691,USER000645,12232,5
REQ004692,USER009651,38044,3
REQ004693,USER005024,8755,10
REQ004694,USER006924,7800,9
REQ004695,USER001253,59261,10
REQ004696,USER009424,2244,10
REQ004697,USER008037,62754,1
REQ004698,USER007978,39546,1
REQ004699,USER009510,56871,7
REQ004700,USER005564,63568,1
REQ004701,USER006893,4342,6
REQ004702,USER007483,58753,1
REQ004703,USER008730,58839,10
REQ004704,USER008867,5014,3
REQ004705,USER005654,11565,6
REQ004706,USER007840,23323,3
REQ004707,USER005257,53023,9
REQ004708,USER007842,22794,4
REQ004709,USER006975,36481,7
REQ004710,USER008645,61894,8
REQ004711,USER004213,57020,8
REQ004712,USER002824,62955,6
REQ004713,USER000435,49515,9
REQ004714,USER006641,72857,6
REQ004715,USER001731,74777,9
REQ004716,USER002544,58604,5
REQ004717,USER007556,16319,3
REQ004718,USER003572,82308,9
REQ004719,USER009776,4870,8
REQ004720,USER009871,51640,4
REQ004721,USER000623,65164,2
REQ004722,USER001444,34725,3
REQ004723,USER008412,78718,2
REQ004724,USER003084,27263,3
REQ004725,USER000718,27794,7
REQ004726,USER000258,47479,10
REQ004727,USER009325,21620,7
REQ004728,USER000357,21571,8
REQ004729,USER007465,47380,5
REQ004730,USER009945,65837,1
REQ004731,USER007422,23748,2
REQ004732,USER004160,9564,7
REQ004733,USER002106,54086,5
REQ004734,USER001120,66421,10
REQ004735,USER000174,81569,4
REQ004736,USER006855,62678,1
REQ004737,USER005367,81543,8
REQ004738,USER005128,22303,8
REQ004739,USER009270,63979,3
REQ004740,USER002923,68264,4
REQ004741,USER002860,60446,6
REQ004742,USER006184,8939,7
REQ004743,USER004792,61087,10
REQ004744,USER006566,5693,3
REQ004745,USER001485,78713,7
REQ004746,USER004284,64702,5
REQ004747,USER005949,53268,8
REQ004748,USER003870,72600,7
REQ004749,USER004460,72673,9
REQ004750,USER009615,53149,2
REQ004751,USER007442,23527,1
REQ004752,USER005857,76949,6
REQ004753,USER004539,46652,7
REQ004754,USER008026,73241,3
REQ004755,USER008948,8706,5
REQ004756,USER003851,84438,9
REQ004757,USER002644,66654,10
REQ004758,USER005702,59292,8
REQ004759,USER002760,83760,3
REQ004760,USER008605,10043,2
REQ004761,USER000347,16766,6
REQ004762,USER002576,74538,9
REQ004763,USER001068,29397,4
REQ004764,USER003584,36435,10
REQ004765,USER007373,75266,10
REQ004766,USER009055,21558,9
REQ004767,USER006830,32158,7
REQ004768,USER007743,19953,9
REQ004769,USER006191,14802,9
REQ004770,USER007880,53798,6
REQ004771,USER009437,4211,2
REQ004772,USER003176,31484,2
REQ004773,USER001807,28774,6
REQ004774,USER000394,58916,4
REQ004775,USER008857,19282,1
REQ004776,USER008484,1102,3
REQ004777,USER009706,78349,4
REQ004778,USER005477,52586,1
REQ004779,USER002671,40144,6
REQ004780,USER005700,68851,1
REQ004781,USER002054,55602,10
REQ004782,USER006793,52748,2
REQ004783,USER005897,24938,10
REQ004784,USER008800,34060,1
REQ004785,USER004940,1098,6
REQ004786,USER002579,15306,10
REQ004787,USER006780,9795,1
REQ004788,USER007903,32507,3
REQ004789,USER003102,64214,8
REQ004790,USER005567,58209,4
REQ004791,USER007193,30533,1
REQ004792,USER005899,58900,10
REQ004793,USER008759,33090,6
REQ004794,USER006983,67498,10
REQ004795,USER007389,1989,3
REQ004796,USER008931,79256,9
REQ004797,USER002043,68717,4
REQ004798,USER009488,27072,8
REQ004799,USER005246,22977,2
REQ004800,USER006810,10947,4
REQ004801,USER004949,54216,1
REQ004802,USER004667,10000,3
REQ004803,USER009312,45670,8
REQ004804,USER000819,55617,7
REQ004805,USER008937,61273,10
REQ004806,USER002853,68679,1
REQ004807,USER003776,37630,1
REQ004808,USER005167,25365,10
REQ004809,USER007063,53896,5
REQ004810,USER005492,49055,3
REQ004811,USER003352,28540,6
REQ004812,USER009737,25153,9
REQ004813,USER009423,57633,8
REQ004814,USER009003,37550,6
REQ004815,USER001719,60485,10
REQ004816,USER000854,74478,4
REQ004817,USER007219,56870,5
REQ004818,USER001096,7367,6
REQ004819,USER005928,74049,5
REQ004820,USER004735,66249,3
REQ004821,USER005113,23009,1
REQ004822,USER006695,70836,1
REQ004823,USER007071,66272,5
REQ004824,USER003676,67936,7
REQ004825,USER009001,33974,6
REQ004826,USER009549,5461,5
REQ004827,USER009475,50159,2
REQ004828,USER001536,42688,4
REQ004829,USER008628,39210,10
REQ004830,USER002436,82978,1
REQ004831,USER009829,74342,3
REQ004832,USER004016,61679,5
REQ004833,USER008986,45073,4
REQ004834,USER006544,33075,3
REQ004835,USER006935,61616,2
REQ004836,USER004774,54945,5
REQ004837,USER009898,69892,9
REQ004838,USER005187,59047,1
REQ004839,USER003932,768,9
REQ004840,USER000655,49145,4
REQ004841,USER009651,21634,10
REQ004842,USER001198,23289,5
REQ004843,USER003034,40453,5
REQ004844,USER001829,37481,3
REQ004845,USER002554,19549,8
REQ004846,USER004954,68303,9
REQ004847,USER005900,29884,2
REQ004848,USER008224,12678,8
REQ004849,USER006235,25204,5
REQ004850,USER003999,28817,10
REQ004851,USER007235,9749,6
REQ004852,USER008850,59342,6
REQ004853,USER001548,23224,4
REQ004854,USER002119,38846,9
REQ004855,USER005096,59803,7
REQ004856,USER004739,76209,8
REQ004857,USER008426,23292,6
REQ004858,USER007464,55517,2
REQ004859,USER004189,22102,6
REQ004860,USER004163,58949,5
REQ004861,USER004158,77044,6
REQ004862,USER000788,64763,5
REQ004863,USER004692,9638,8
REQ004864,USER002989,60642,9
REQ004865,USER005231,35926,2
REQ004866,USER000564,66492,4
REQ004867,USER002535,63377,7
REQ004868,USER005365,47073,10
REQ004869,USER003517,62807,7
REQ004870,USER003475,10671,6
REQ004871,USER000928,4752,9
REQ004872,USER001579,26821,1
REQ004873,USER004301,65921,10
REQ004874,USER008995,53592,8
REQ004875,USER003239,72516,5
REQ004876,USER007813,61119,9
REQ004877,USER006084,82620,7
REQ004878,USER006597,54460,5
REQ004879,USER009728,29056,9
REQ004880,USER004185,34137,3
REQ004881,USER005144,74187,8
REQ004882,USER001529,1074,4
REQ004883,USER005172,39503,6
REQ004884,USER008430,60244,4
REQ004885,USER003861,12981,1
REQ004886,USER003946,4696,9
REQ004887,USER006494,25887,10
REQ004888,USER001612,30470,8
REQ004889,USER005901,70666,4
REQ004890,USER006218,556,4
REQ004891,USER004688,47939,3
REQ004892,USER008041,32712,7
REQ004893,USER002150,36036,6
REQ004894,USER004888,14979,1
REQ004895,USER001466,86146,3
REQ004896,USER004023,6500,3
REQ004897,USER005407,38723,10
REQ004898,USER006494,5689,10
REQ004899,USER003626,68508,4
REQ004900,USER003058,16767,5
REQ004901,USER009902,12738,7
REQ004902,USER001482,76060,1
REQ004903,USER000985,19881,7
REQ004904,USER002820,47673,6
REQ004905,USER004907,13573,4
REQ004906,USER008175,85617,9
REQ004907,USER007452,68072,9
REQ004908,USER004481,19077,3
REQ004909,USER003668,58631,8
REQ004910,USER005363,70367,1
REQ004911,USER009739,76399,10
REQ004912,USER004275,62292,9
REQ004913,USER002762,1442,6
REQ004914,USER004002,66307,1
REQ004915,USER004059,52353,4
REQ004916,USER001158,2008,9
REQ004917,USER007474,62626,9
REQ004918,USER004770,77478,8
REQ004919,USER008934,43200,5
REQ004920,USER006547,15289,1
REQ004921,USER001580,4667,6
REQ004922,USER009741,26196,9
REQ004923,USER004440,34381,1
REQ004924,USER005837,67899,8
REQ004925,USER004486,10067,10
REQ004926,USER007733,63877,3
REQ004927,USER005526,21,6
REQ004928,USER008695,7471,7
REQ004929,USER009832,26565,9
REQ004930,USER007938,51887,10
REQ004931,USER007017,75761,3
REQ004932,USER007766,44696,2
REQ004933,USER003774,86188,8
REQ004934,USER008892,21949,1
REQ004935,USER000622,50071,6
REQ004936,USER007810,80554,1
REQ004937,USER001060,48786,7
REQ004938,USER007985,18500,2
REQ004939,USER004488,40067,5
REQ004940,USER009792,46951,8
REQ004941,USER005378,32379,7
REQ004942,USER006208,6831,7
REQ004943,USER008508,33648,8
REQ004944,USER006478,15910,3
REQ004945,USER006353,82926,3
REQ004946,USER001913,1947,7
REQ004947,USER000664,75020,2
REQ004948,USER005305,36465,6
REQ004949,USER000215,71232,4
REQ004950,USER002693,832,6
REQ004951,USER009118,83756,1
REQ004952,USER007715,29808,10
REQ004953,USER003679,55624,3
REQ004954,USER000053,46265,5
REQ004955,USER009791,17453,1
REQ004956,USER001142,28219,3
REQ004957,USER003973,85330,3
REQ004958,USER005511,49682,2
REQ004959,USER004420,8360,1
REQ004960,USER000696,29534,1
REQ004961,USER009647,23098,9
REQ004962,USER001699,74279,4
REQ004963,USER004348,11809,4
REQ004964,USER007567,84711,5
REQ004965,USER002463,22186,4
REQ004966,USER005362,43813,9
REQ004967,USER004993,26071,5
REQ004968,USER003685,84224,8
REQ004969,USER001556,76009,9
REQ004970,USER007277,42645,9
REQ004971,USER003837,17078,4
REQ004972,USER000224,19739,5
REQ004973,USER001784,80261,6
REQ004974,USER002947,55245,5
REQ004975,USER005640,70053,10
REQ004976,USER007928,7777,8
REQ004977,USER003416,52166,5
REQ004978,USER009850,77165,8
REQ004979,USER000327,28842,10
REQ004980,USER003300,58352,2
REQ004981,USER009074,57445,2
REQ004982,USER008774,20937,6
REQ004983,USER002321,50010,5
REQ004984,USER000394,19840,1
REQ004985,USER002501,61091,9
REQ004986,USER000334,72150,1
REQ004987,USER006384,1558,4
REQ004988,USER004756,22294,8
REQ004989,USER008399,57006,6
REQ004990,USER006495,73521,5
REQ004991,USER001108,36586,7
REQ004992,USER001228,16524,9
REQ004993,USER009685,50715,5
REQ004994,USER002782,55475,7
REQ004995,USER005883,65254,7
REQ004996,USER009546,39450,6
REQ004997,USER008396,5930,3
REQ004998,USER004985,26938,4
REQ004999,USER003013,37689,10
REQ005000,USER008155,23427,3
REQ005001,USER006262,43245,8
REQ005002,USER005101,58648,5
REQ005003,USER006967,29009,8
REQ005004,USER001255,8507,9
REQ005005,USER005982,54840,4
REQ005006,USER000172,27965,2
REQ005007,USER003330,83448,6
REQ005008,USER000718,66826,1
REQ005009,USER009829,62919,6
REQ005010,USER004928,49375,5
REQ005011,USER002372,18964,10
REQ005012,USER007299,26533,4
REQ005013,USER004442,27112,1
REQ005014,USER008491,9358,9
REQ005015,USER002639,51866,7
REQ005016,USER009934,74117,9
REQ005017,USER007771,10586,9
REQ005018,USER000019,41802,2
REQ005019,USER006570,57701,9
REQ005020,USER008065,47434,6
REQ005021,USER004981,43294,6
REQ005022,USER001179,13021,2
REQ005023,USER006625,13013,8
REQ005024,USER000651,71083,3
REQ005025,USER009119,35816,10
REQ005026,USER001231,33946,5
REQ005027,USER001739,68468,9
REQ005028,USER008213,9786,2
REQ005029,USER009656,4234,8
REQ005030,USER002907,38217,3
REQ005031,USER001817,26863,3
REQ005032,USER005381,23763,1
REQ005033,USER005475,83387,8
REQ005034,USER002382,82800,4
REQ005035,USER002781,33846,5
REQ005036,USER005713,4597,7
REQ005037,USER002024,50521,6
REQ005038,USER004722,58443,6
REQ005039,USER004571,49015,9
REQ005040,USER003988,74007,5
REQ005041,USER002213,31315,10
REQ005042,USER009058,3275,9
REQ005043,USER009745,56259,3
REQ005044,USER006615,63123,10
REQ005045,USER006231,80289,6
REQ005046,USER004473,66411,3
REQ005047,USER002055,85293,3
REQ005048,USER009522,60958,6
REQ005049,USER009738,30623,3
REQ005050,USER009502,3660,2
REQ005051,USER006908,83001,6
REQ005052,USER001268,55041,1
REQ005053,USER006573,36061,10
REQ005054,USER005378,81283,7
REQ005055,USER007816,23653,8
REQ005056,USER005487,17764,6
REQ005057,USER000467,33498,3
REQ005058,USER002394,60770,10
REQ005059,USER002406,54228,3
REQ005060,USER004376,40281,6
REQ005061,USER000556,32885,5
REQ005062,USER002106,1905,4
REQ005063,USER008670,60699,4
REQ005064,USER000103,72674,7
REQ005065,USER000782,81703,1
REQ005066,USER004249,12963,6
REQ005067,USER006258,61021,5
REQ005068,USER006259,14280,6
REQ005069,USER004689,14630,3
REQ005070,USER007620,56449,8
REQ005071,USER001907,69628,8
REQ005072,USER007683,1196,6
REQ005073,USER005126,38207,5
REQ005074,USER005113,51030,4
REQ005075,USER004304,63039,1
REQ005076,USER002443,53771,2
REQ005077,USER001214,5056,4
REQ005078,USER008006,33702,6
REQ005079,USER000146,40468,1
REQ005080,USER008963,7173,7
REQ005081,USER006945,58218,9
REQ005082,USER009905,56331,1
REQ005083,USER009039,61482,9
REQ005084,USER000478,23464,8
REQ005085,USER009551,85505,10
REQ005086,USER004695,41799,10
REQ005087,USER009203,50613,5
REQ005088,USER009029,79037,1
REQ005089,USER000452,75698,8
REQ005090,USER007880,3497,4
REQ005091,USER002081,70775,8
REQ005092,USER008626,34904,8
REQ005093,USER007309,76851,3
REQ005094,USER001230,83747,3
REQ005095,USER004259,48131,1
REQ005096,USER008039,59717,6
REQ005097,USER002878,83875,8
REQ005098,USER006051,63008,8
REQ005099,USER001326,9665,10
REQ005100,USER009984,61542,10
REQ005101,USER001465,44186,2
REQ005102,USER003214,26995,10
REQ005103,USER005370,77240,9
REQ005104,USER002672,80220,4
REQ005105,USER003930,30801,4
REQ005106,USER003415,64313,6
REQ005107,USER005131,84425,1
REQ005108,USER005505,82611,5
REQ005109,USER004294,21296,6
REQ005110,USER005718,22243,2
REQ005111,USER007240,48935,8
REQ005112,USER008631,72591,9
REQ005113,USER008804,13319,2
REQ005114,USER008407,60889,4
REQ005115,USER006295,76497,2
REQ005116,USER008965,20430,10
REQ005117,USER000316,73825,2
REQ005118,USER000573,26898,10
REQ005119,USER006282,60471,8
REQ005120,USER008395,67351,8
REQ005121,USER006850,78587,3
REQ005122,USER008977,73472,4
REQ005123,USER000649,75065,9
REQ005124,USER007186,4641,3
REQ005125,USER009552,20566,2
REQ005126,USER008486,67890,8
REQ005127,USER005767,10283,4
REQ005128,USER007013,47629,4
REQ005129,USER004527,63532,4
REQ005130,USER006226,35852,3
REQ005131,USER003075,11243,8
REQ005132,USER005201,42857,3
REQ005133,USER002144,38365,4
REQ005134,USER003548,14834,3
REQ005135,USER005175,60939,8
REQ005136,USER000022,73131,2
REQ005137,USER002295,79467,6
REQ005138,USER009946,5570,1
REQ005139,USER004180,53848,6
REQ005140,USER001871,16424,5
REQ005141,USER007029,39438,2
REQ005142,USER006103,40174,4
REQ005143,USER000526,15084,4
REQ005144,USER004184,60589,8
REQ005145,USER000254,4405,1
REQ005146,USER005580,71020,2
REQ005147,USER001749,70839,5
REQ005148,USER004215,34670,1
REQ005149,USER002443,80764,8
REQ005150,USER000004,39367,2
REQ005151,USER005526,79743,8
REQ005152,USER000959,77505,4
REQ005153,USER000325,22406,10
REQ005154,USER008038,70956,5
REQ005155,USER000997,23770,7
REQ005156,USER006566,59690,1
REQ005157,USER002673,63923,6
REQ005158,USER005169,22531,10
REQ005159,USER002108,18046,2
REQ005160,USER007564,79663,8
REQ005161,USER003379,42565,2
REQ005162,USER002024,74723,3
REQ005163,USER009482,66581,10
REQ005164,USER005638,83131,4
REQ005165,USER003568,37608,3
REQ005166,USER002035,60656,2
REQ005167,USER009564,32115,3
REQ005168,USER007474,80636,3
REQ005169,USER005194,49432,9
REQ005170,USER000029,61803,4
REQ005171,USER006349,72463,9
REQ005172,USER006047,1820,9
REQ005173,USER003116,84584,4
REQ005174,USER009313,19116,9
REQ005175,USER002875,9548,1
REQ005176,USER006477,29289,2
REQ005177,USER004249,58052,1
REQ005178,USER007635,56326,3
REQ005179,USER001364,44402,6
REQ005180,USER000464,47340,3
REQ005181,USER004479,67841,2
REQ005182,USER003777,72946,2
REQ005183,USER000171,80191,9
REQ005184,USER009655,53051,2
REQ005185,USER005352,77876,8
REQ005186,USER002963,29109,1
REQ005187,USER007703,4907,1
REQ005188,USER002992,57218,9
REQ005189,USER002502,67784,3
REQ005190,USER001509,18679,1
REQ005191,USER009753,6180,4
REQ005192,USER006303,19469,5
REQ005193,USER008553,46952,4
REQ005194,USER004483,40979,5
REQ005195,USER005567,34835,6
REQ005196,USER001245,82642,4
REQ005197,USER005360,67928,4
REQ005198,USER007828,63701,8
REQ005199,USER003464,24574,9
REQ005200,USER004818,6228,1
REQ005201,USER003128,43807,2
REQ005202,USER004766,30760,8
REQ005203,USER006811,75528,9
REQ005204,USER006020,29364,3
REQ005205,USER006591,18197,2
REQ005206,USER007912,2586,9
REQ005207,USER002663,81091,1
REQ005208,USER008895,41690,10
REQ005209,USER002949,36818,6
REQ005210,USER007032,10843,9
REQ005211,USER001393,27473,8
REQ005212,USER001715,64887,4
REQ005213,USER002578,23636,6
REQ005214,USER003380,27889,6
REQ005215,USER000690,46076,10
REQ005216,USER004837,69975,7
REQ005217,USER008316,83848,5
REQ005218,USER007831,15170,7
REQ005219,USER005009,44027,8
REQ005220,USER000585,47372,2
REQ005221,USER007398,9285,4
REQ005222,USER003824,4397,1
REQ005223,USER001264,28861,4
REQ005224,USER002350,29072,3
REQ005225,USER009585,83741,10
REQ005226,USER001286,16889,7
REQ005227,USER006971,68094,8
REQ005228,USER008012,65916,3
REQ005229,USER008855,78339,5
REQ005230,USER000261,1572,1
REQ005231,USER001460,46531,6
REQ005232,USER009240,21564,4
REQ005233,USER008537,61278,6
REQ005234,USER008458,54220,10
REQ005235,USER001117,49232,4
REQ005236,USER009418,36257,5
REQ005237,USER001192,1237,1
REQ005238,USER000251,41090,4
REQ005239,USER005555,12999,6
REQ005240,USER009957,41444,1
REQ005241,USER000494,34623,4
REQ005242,USER004629,36677,3
REQ005243,USER008915,79409,9
REQ005244,USER003146,32491,5
REQ005245,USER006352,18066,2
REQ005246,USER000971,50086,1
REQ005247,USER006872,9846,3
REQ005248,USER003379,25658,2
REQ005249,USER008561,42434,3
REQ005250,USER005749,37408,1
REQ005251,USER004097,22082,10
REQ005252,USER004313,22914,7
REQ005253,USER009495,52446,10
REQ005254,USER005415,65856,2
REQ005255,USER004567,49624,1
REQ005256,USER009388,47335,2
REQ005257,USER007271,74375,1
REQ005258,USER004752,7787,8
REQ005259,USER003226,32484,9
REQ005260,USER001257,5557,10
REQ005261,USER005720,23246,8
REQ005262,USER009919,79400,3
REQ005263,USER007607,78736,7
REQ005264,USER006462,46070,4
REQ005265,USER002324,74242,1
REQ005266,USER005555,3965,3
REQ005267,USER004306,74645,7
REQ005268,USER008744,29574,5
REQ005269,USER001559,31490,10
REQ005270,USER000618,27480,9
REQ005271,USER002379,31605,4
REQ005272,USER005751,18447,8
REQ005273,USER006648,58257,7
REQ005274,USER007318,80808,7
REQ005275,USER007761,39705,6
REQ005276,USER008361,23007,6
REQ005277,USER006782,56453,5
REQ005278,USER001937,2654,4
REQ005279,USER009225,6389,3
REQ005280,USER009927,16495,10
REQ005281,USER003139,31950,6
REQ005282,USER000765,26954,8
REQ005283,USER001153,13787,4
REQ005284,USER008512,55088,7
REQ005285,USER006269,46995,4
REQ005286,USER004014,80677,4
REQ005287,USER006481,49785,3
REQ005288,USER002392,58261,4
REQ005289,USER009941,7117,3
REQ005290,USER009785,60094,6
REQ005291,USER009216,13558,6
REQ005292,USER008649,79730,3
REQ005293,USER008642,82567,6
REQ005294,USER009433,73161,2
REQ005295,USER005926,29154,5
REQ005296,USER006455,24561,3
REQ005297,USER007796,3434,8
REQ005298,USER002525,64965,4
REQ005299,USER009501,77215,7
REQ005300,USER005263,4500,1
REQ005301,USER003264,74460,3
REQ005302,USER009520,80685,1
REQ005303,USER003371,42100,9
REQ005304,USER003876,7861,8
REQ005305,USER007211,62447,2
REQ005306,USER002082,14351,6
REQ005307,USER006270,46351,9
REQ005308,USER003379,23404,5
REQ005309,USER004674,38588,2
REQ005310,USER005849,75340,6
REQ005311,USER004775,57386,3
REQ005312,USER002197,21871,8
REQ005313,USER002913,84079,2
REQ005314,USER008795,15932,5
REQ005315,USER006678,22769,10
REQ005316,USER004022,13438,3
REQ005317,USER000049,65824,4
REQ005318,USER007823,81946,9
REQ005319,USER001946,22403,3
REQ005320,USER003060,30660,7
REQ005321,USER003685,11921,4
REQ005322,USER007271,50096,5
REQ005323,USER006415,26253,2
REQ005324,USER008133,18184,5
REQ005325,USER006974,80542,1
REQ005326,USER007600,49399,10
REQ005327,USER005191,26123,6
REQ005328,USER009140,17059,10
REQ005329,USER003672,74813,8
REQ005330,USER006508,76363,2
REQ005331,USER009492,47339,4
REQ005332,USER002464,78687,6
REQ005333,USER002662,39577,3
REQ005334,USER003277,21002,2
REQ005335,USER003369,81384,2
REQ005336,USER008459,60586,5
REQ005337,USER003268,42682,3
REQ005338,USER008812,16237,9
REQ005339,USER000453,84986,4
REQ005340,USER008286,75962,3
REQ005341,USER003227,69258,7
REQ005342,USER006991,178,9
REQ005343,USER009744,15338,10
REQ005344,USER007964,11330,4
REQ005345,USER004429,9130,7
REQ005346,USER002000,10483,8
REQ005347,USER008153,69362,6
REQ005348,USER008402,38240,5
REQ005349,USER001404,5996,8
REQ005350,USER009537,76159,7
REQ005351,USER007274,77535,6
REQ005352,USER007963,73270,7
REQ005353,USER008054,83630,6
REQ005354,USER004050,59455,4
REQ005355,USER004121,47008,6
REQ005356,USER002347,45022,1
REQ005357,USER000555,34022,1
REQ005358,USER001320,51081,9
REQ005359,USER005551,6284,2
REQ005360,USER000645,54232,4
REQ005361,USER005295,34599,5
REQ005362,USER002774,63963,3
REQ005363,USER006724,70161,9
REQ005364,USER004706,84313,9
REQ005365,USER001047,29885,7
REQ005366,USER007762,60832,1
REQ005367,USER009497,49065,10
REQ005368,USER005428,84840,4
REQ005369,USER000138,22987,6
REQ005370,USER009625,79120,5
REQ005371,USER000432,24200,7
REQ005372,USER002274,25677,4
REQ005373,USER003095,17963,7
REQ005374,USER009031,55956,7
REQ005375,USER008340,49559,7
REQ005376,USER007790,61685,9
REQ005377,USER009496,13593,7
REQ005378,USER005498,4180,3
REQ005379,USER007904,6568,7
REQ005380,USER000909,57550,5
REQ005381,USER005229,47510,8
REQ005382,USER002128,69707,6
REQ005383,USER006745,15672,10
REQ005384,USER002043,18972,6
REQ005385,USER009382,39687,2
REQ005386,USER002337,82214,1
REQ005387,USER004251,75512,7
REQ005388,USER003942,64770,6
REQ005389,USER005214,37578,2
REQ005390,USER000614,24568,4
REQ005391,USER001637,70718,3
REQ005392,USER005002,50633,6
REQ005393,USER001938,71251,10
REQ005394,USER005856,33672,6
REQ005395,USER000504,81376,2
REQ005396,USER006020,49740,3
REQ005397,USER006912,59604,7
REQ005398,USER004607,50844,10
REQ005399,USER006182,28667,1
REQ005400,USER006770,16685,6
REQ005401,USER004997,32397,8
REQ005402,USER001763,83143,10
REQ005403,USER005441,5106,8
REQ005404,USER005795,22120,4
REQ005405,USER001806,71785,9
REQ005406,USER002093,33497,4
REQ005407,USER001478,6326,6
REQ005408,USER002243,51805,9
REQ005409,USER001164,24219,4
REQ005410,USER000428,74980,10
REQ005411,USER003631,52110,3
REQ005412,USER005959,46537,3
REQ005413,USER006285,21964,3
REQ005414,USER009749,25451,10
REQ005415,USER000182,30774,1
REQ005416,USER004736,1887,3
REQ005417,USER007147,48824,1
REQ005418,USER002554,25496,2
REQ005419,USER007589,62123,4
REQ005420,USER008020,25389,10
REQ005421,USER007466,27992,9
REQ005422,USER009944,79349,3
REQ005423,USER004993,77631,10
REQ005424,USER003330,36246,10
REQ005425,USER008257,64352,2
REQ005426,USER001257,1047,5
REQ005427,USER009855,4420,3
REQ005428,USER005970,47022,8
REQ005429,USER009355,38308,2
REQ005430,USER008884,7105,10
REQ005431,USER007454,57830,6
REQ005432,USER001517,84982,2
REQ005433,USER008191,10061,10
REQ005434,USER006903,72351,7
REQ005435,USER005686,67517,10
REQ005436,USER009338,13530,7
REQ005437,USER003766,46922,4
REQ005438,USER009882,14694,7
REQ005439,USER005952,68150,4
REQ005440,USER001928,333,1
REQ005441,USER003389,69448,9
REQ005442,USER000645,54797,5
REQ005443,USER009580,76749,9
REQ005444,USER001069,3222,6
REQ005445,USER006756,32516,1
REQ005446,USER000096,48722,4
REQ005447,USER003923,86262,1
REQ005448,USER000843,76750,9
REQ005449,USER003648,4313,1
REQ005450,USER009173,24221,8
REQ005451,USER001257,74926,8
REQ005452,USER007040,73818,10
REQ005453,USER002184,42003,7
REQ005454,USER004834,45697,1
REQ005455,USER007260,85667,4
REQ005456,USER000199,42129,9
REQ005457,USER007367,30386,5
REQ005458,USER006870,7143,2
REQ005459,USER003023,6188,2
REQ005460,USER004968,21981,8
REQ005461,USER004308,53229,4
REQ005462,USER003990,19771,1
REQ005463,USER003997,27648,5
REQ005464,USER005320,73101,2
REQ005465,USER004288,76000,6
REQ005466,USER003344,58793,3
REQ005467,USER000548,33338,7
REQ005468,USER005895,26424,1
REQ005469,USER001890,22504,2
REQ005470,USER003992,18258,5
REQ005471,USER002725,7864,5
REQ005472,USER000002,84057,2
REQ005473,USER004537,16074,2
REQ005474,USER003408,75364,9
REQ005475,USER005051,49863,4
REQ005476,USER002546,80728,9
REQ005477,USER002021,65873,7
REQ005478,USER001967,39725,9
REQ005479,USER007789,76700,9
REQ005480,USER002762,56953,4
REQ005481,USER008497,5689,4
REQ005482,USER001717,15686,8
REQ005483,USER006926,20199,10
REQ005484,USER009066,52074,1
REQ005485,USER006823,48603,3
REQ005486,USER001411,46245,8
REQ005487,USER006604,68227,8
REQ005488,USER009598,4462,7
REQ005489,USER004723,33720,8
REQ005490,USER005057,11069,7
REQ005491,USER007248,13284,9
REQ005492,USER003892,36359,1
REQ005493,USER007817,54948,2
REQ005494,USER006978,52105,6
REQ005495,USER006071,72152,1
REQ005496,USER000106,83649,10
REQ005497,USER001971,53580,6
REQ005498,USER009387,14925,7
REQ005499,USER004467,36900,6
REQ005500,USER004296,74855,9
REQ005501,USER002359,31444,9
REQ005502,USER008075,74611,1
REQ005503,USER001710,19871,2
REQ005504,USER004055,47308,9
REQ005505,USER000951,69578,2
REQ005506,USER007156,47834,3
REQ005507,USER005770,60948,6
REQ005508,USER009980,46235,3
REQ005509,USER003989,72644,6
REQ005510,USER009181,76828,5
REQ005511,USER007013,11865,4
REQ005512,USER000614,53121,2
REQ005513,USER004250,4161,7
REQ005514,USER006355,76344,3
REQ005515,USER004201,79098,3
REQ005516,USER007722,58900,8
REQ005517,USER001695,84864,2
REQ005518,USER005643,13302,4
REQ005519,USER009616,60236,10
REQ005520,USER000514,54942,2
REQ005521,USER006181,72741,8
REQ005522,USER006072,32167,2
REQ005523,USER008454,17203,4
REQ005524,USER008504,83618,3
REQ005525,USER002237,65309,6
REQ005526,USER007138,30238,10
REQ005527,USER004549,64788,6
REQ005528,USER003036,38737,3
REQ005529,USER003067,42078,10
REQ005530,USER006102,26220,2
REQ005531,USER006628,83149,6
REQ005532,USER007192,51762,6
REQ005533,USER003583,62693,9
REQ005534,USER008375,43582,3
REQ005535,USER007860,17087,3
REQ005536,USER003805,6653,1
REQ005537,USER006758,30982,9
REQ005538,USER009828,55764,6
REQ005539,USER004663,61127,10
REQ005540,USER002720,24529,4
REQ005541,USER006095,29351,7
REQ005542,USER000263,81565,1
REQ005543,USER008866,14784,4
REQ005544,USER006816,64126,1
REQ005545,USER007185,31973,3
REQ005546,USER007092,83696,5
REQ005547,USER000709,59164,4
REQ005548,USER004526,81053,1
REQ005549,USER005215,22754,6
REQ005550,USER004062,80270,8
REQ005551,USER008904,21452,8
REQ005552,USER009291,48772,5
REQ005553,USER007036,41930,3
REQ005554,USER008255,60893,10
REQ005555,USER009862,21249,1
REQ005556,USER002668,34575,10
REQ005557,USER005508,5493,3
REQ005558,USER008709,84109,2
REQ005559,USER003555,27968,2
REQ005560,USER003473,47754,10
REQ005561,USER002063,33169,4
REQ005562,USER001843,2783,5
REQ005563,USER008598,60047,3
REQ005564,USER001413,85938,3
REQ005565,USER005956,23707,4
REQ005566,USER008298,1810,9
REQ005567,USER001530,16982,2
REQ005568,USER000135,7041,2
REQ005569,USER001294,31273,9
REQ005570,USER000008,33841,10
REQ005571,USER003405,28681,8
REQ005572,USER003939,56286,2
REQ005573,USER008510,18500,8
REQ005574,USER006373,29953,5
REQ005575,USER000852,16458,8
REQ005576,USER005963,27486,10
REQ005577,USER000742,64111,8
REQ005578,USER004975,52773,3
REQ005579,USER007950,36004,9
REQ005580,USER002189,21333,9
REQ005581,USER008234,228,3
REQ005582,USER006724,7532,9
REQ005583,USER008011,30562,3
REQ005584,USER005889,35994,8
REQ005585,USER001353,4390,8
REQ005586,USER006487,55355,8
REQ005587,USER000128,73674,5
REQ005588,USER003616,79105,4
REQ005589,USER004699,22198,8
REQ005590,USER000480,69109,3
REQ005591,USER000458,41634,9
REQ005592,USER000375,25688,7
REQ005593,USER001679,35121,3
REQ005594,USER003903,10962,8
REQ005595,USER005391,7693,6
REQ005596,USER006677,13472,6
REQ005597,USER009913,77814,4
REQ005598,USER001990,19502,5
REQ005599,USER003334,41075,2
REQ005600,USER003466,38195,8
REQ005601,USER001520,11806,3
REQ005602,USER005156,55110,3
REQ005603,USER009832,66478,3
REQ005604,USER001870,27593,8
REQ005605,USER009950,27916,1
REQ005606,USER009140,50671,4
REQ005607,USER005934,3400,3
REQ005608,USER005459,59221,8
REQ005609,USER006205,28503,10
REQ005610,USER007293,21807,10
REQ005611,USER007997,11313,1
REQ005612,USER009931,74127,2
REQ005613,USER001159,36481,4
REQ005614,USER004443,85477,2
REQ005615,USER003239,15635,7
REQ005616,USER002395,46757,1
REQ005617,USER001693,23417,9
REQ005618,USER003987,75773,7
REQ005619,USER006389,35567,9
REQ005620,USER009192,21571,5
REQ005621,USER007114,45032,10
REQ005622,USER000700,74700,4
REQ005623,USER000382,35975,10
REQ005624,USER003277,50147,6
REQ005625,USER003996,39981,10
REQ005626,USER007138,76839,2
REQ005627,USER004967,46476,4
REQ005628,USER003571,73972,1
REQ005629,USER005742,40754,7
REQ005630,USER005799,25964,10
REQ005631,USER005210,4167,9
REQ005632,USER009932,15122,1
REQ005633,USER006684,39023,1
REQ005634,USER005517,41404,10
REQ005635,USER007859,61823,5
REQ005636,USER009910,6001,1
REQ005637,USER004389,1190,10
REQ005638,USER006389,21302,1
REQ005639,USER000811,72872,3
REQ005640,USER002430,38503,7
REQ005641,USER008069,1292,2
REQ005642,USER002629,35151,7
REQ005643,USER001516,21535,10
REQ005644,USER006914,17808,4
REQ005645,USER004690,20322,6
REQ005646,USER007633,50158,6
REQ005647,USER007507,69713,8
REQ005648,USER005649,69028,6
REQ005649,USER005284,49724,4
REQ005650,USER008821,16952,6
REQ005651,USER002903,65948,8
REQ005652,USER008413,43124,1
REQ005653,USER005304,22437,3
REQ005654,USER003391,39855,9
REQ005655,USER001411,46633,8
REQ005656,USER002801,30288,2
REQ005657,USER001496,36644,1
REQ005658,USER005309,44323,9
REQ005659,USER008858,28673,4
REQ005660,USER001688,3439,8
REQ005661,USER005554,60217,9
REQ005662,USER002035,9256,1
REQ005663,USER002816,19179,4
REQ005664,USER009593,18832,5
REQ005665,USER009760,80908,8
REQ005666,USER000468,10184,8
REQ005667,USER008466,84895,1
REQ005668,USER007173,5980,3
REQ005669,USER001838,69335,9
REQ005670,USER008126,65360,2
REQ005671,USER007911,5237,6
REQ005672,USER003082,73421,7
REQ005673,USER003225,200,8
REQ005674,USER007845,33086,1
REQ005675,USER009439,17999,7
REQ005676,USER003875,21820,7
REQ005677,USER005160,53855,6
REQ005678,USER008950,76323,6
REQ005679,USER009700,28367,7
REQ005680,USER005775,1112,8
REQ005681,USER006348,74285,2
REQ005682,USER009626,36261,9
REQ005683,USER001475,39345,2
REQ005684,USER004534,45762,7
REQ005685,USER004633,40412,9
REQ005686,USER000552,80371,3
REQ005687,USER008567,39747,10
REQ005688,USER005213,76081,7
REQ005689,USER004467,34032,2
REQ005690,USER002870,83223,9
REQ005691,USER007845,14190,7
REQ005692,USER004883,45504,6
REQ005693,USER004222,49771,7
REQ005694,USER001407,47547,1
REQ005695,USER007246,74205,4
REQ005696,USER005318,57524,2
REQ005697,USER009712,23153,10
REQ005698,USER002758,22978,9
REQ005699,USER007021,48704,10
REQ005700,USER006743,25777,1
REQ005701,USER009976,16159,1
REQ005702,USER003525,37454,7
REQ005703,USER004852,67478,2
REQ005704,USER006545,364,9
REQ005705,USER005742,30590,1
REQ005706,USER000638,41408,8
REQ005707,USER008396,51924,4
REQ005708,USER003384,57248,5
REQ005709,USER008013,24633,5
REQ005710,USER005375,11962,1
REQ005711,USER005027,65429,7
REQ005712,USER006074,78659,7
REQ005713,USER002053,21084,4
REQ005714,USER009839,51184,10
REQ005715,USER009072,4375,7
REQ005716,USER006398,44815,7
REQ005717,USER000346,33238,6
REQ005718,USER001356,59056,3
REQ005719,USER005386,25498,9
REQ005720,USER006101,85701,9
REQ005721,USER004036,17927,3
REQ005722,USER008839,65014,8
REQ005723,USER002372,66951,10
REQ005724,USER005195,21665,6
REQ005725,USER007107,84392,2
REQ005726,USER009538,25426,7
REQ005727,USER008262,57992,6
REQ005728,USER004401,64663,7
REQ005729,USER006368,81474,4
REQ005730,USER009403,48746,4
REQ005731,USER002922,37421,1
REQ005732,USER008598,52567,5
REQ005733,USER009649,73612,4
REQ005734,USER006504,38265,8
REQ005735,USER007960,35576,9
REQ005736,USER003093,22322,5
REQ005737,USER009475,6442,6
REQ005738,USER002132,68788,4
REQ005739,USER001272,25141,9
REQ005740,USER008297,82689,8
REQ005741,USER007669,85545,7
REQ005742,USER008221,27376,9
REQ005743,USER000364,45946,5
REQ005744,USER000695,22892,9
REQ005745,USER006796,59856,10
REQ005746,USER007609,68990,8
REQ005747,USER002120,75253,4
REQ005748,USER004154,42650,1
REQ005749,USER006370,54256,8
REQ005750,USER004235,48151,6
REQ005751,USER008760,3214,6
REQ005752,USER007701,52538,1
REQ005753,USER006131,20862,3
REQ005754,USER005010,57819,7
REQ005755,USER001745,49261,9
REQ005756,USER007087,7199,8
REQ005757,USER008435,56161,9
REQ005758,USER001485,53753,4
REQ005759,USER008473,72764,2
REQ005760,USER002189,34002,3
REQ005761,USER003308,78108,2
REQ005762,USER000476,71989,1
REQ005763,USER003088,10907,10
REQ005764,USER004603,62554,2
REQ005765,USER001120,60514,5
REQ005766,USER003359,83523,10
REQ005767,USER008490,27358,2
REQ005768,USER006796,29438,1
REQ005769,USER003362,35514,4
REQ005770,USER008038,14450,2
REQ005771,USER006777,52317,2
REQ005772,USER008401,82983,2
REQ005773,USER001243,35349,6
REQ005774,USER003800,7213,7
REQ005775,USER007695,52499,8
REQ005776,USER007276,3737,8
REQ005777,USER003730,62341,5
REQ005778,USER005111,71775,2
REQ005779,USER004409,53762,8
REQ005780,USER006624,69682,5
REQ005781,USER009411,19134,6
REQ005782,USER004064,82690,6
REQ005783,USER007438,45905,1
REQ005784,USER006311,85525,4
REQ005785,USER004624,17165,8
REQ005786,USER007434,4388,2
REQ005787,USER001238,42294,3
REQ005788,USER008173,37855,9
REQ005789,USER001524,44929,8
REQ005790,USER007663,36877,2
REQ005791,USER000805,4506,4
REQ005792,USER004370,13534,2
REQ005793,USER008943,20982,10
REQ005794,USER009201,60920,3
REQ005795,USER000018,17951,9
REQ005796,USER004183,48502,3
REQ005797,USER003486,79094,3
REQ005798,USER006951,43268,9
REQ005799,USER006936,44830,2
REQ005800,USER008617,48474,6
REQ005801,USER001351,61670,9
REQ005802,USER008900,29202,2
REQ005803,USER002233,2756,6
REQ005804,USER004147,43438,2
REQ005805,USER004652,6832,1
REQ005806,USER007591,48194,6
REQ005807,USER001334,51403,10
REQ005808,USER004445,56847,7
REQ005809,USER008829,51844,9
REQ005810,USER006499,44264,1
REQ005811,USER003077,14901,1
REQ005812,USER000840,62368,1
REQ005813,USER001948,6481,9
REQ005814,USER009083,28321,9
REQ005815,USER009069,29817,1
REQ005816,USER001755,29276,9
REQ005817,USER007092,40330,4
REQ005818,USER004401,52307,10
REQ005819,USER003165,15978,5
REQ005820,USER002933,26616,7
REQ005821,USER003136,52665,7
REQ005822,USER006752,86136,3
REQ005823,USER007910,61470,6
REQ005824,USER009399,79633,2
REQ005825,USER004675,79281,8
REQ005826,USER000859,77842,8
REQ005827,USER005946,55257,1
REQ005828,USER008253,1215,4
REQ005829,USER009374,54913,1
REQ005830,USER006411,22662,5
REQ005831,USER009384,48302,1
REQ005832,USER007710,51684,6
REQ005833,USER009567,49736,2
REQ005834,USER000781,41316,7
REQ005835,USER006381,44151,7
REQ005836,USER002411,41109,1
REQ005837,USER008690,39830,2
REQ005838,USER001018,67982,2
REQ005839,USER004428,25025,8
REQ005840,USER008514,17034,5
REQ005841,USER009159,68863,1
REQ005842,USER003643,53393,7
REQ005843,USER002948,10240,4
REQ005844,USER000172,78385,7
REQ005845,USER003608,83170,7
REQ005846,USER008949,80828,8
REQ005847,USER008604,49010,6
REQ005848,USER002288,42974,8
REQ005849,USER007070,17581,5
REQ005850,USER000155,84274,5
REQ005851,USER004709,73153,7
REQ005852,USER002894,14440,3
REQ005853,USER007883,63628,10
REQ005854,USER004972,16046,4
REQ005855,USER004613,29959,3
REQ005856,USER004164,79198,6
REQ005857,USER001329,63359,5
REQ005858,USER003170,63014,2
REQ005859,USER003655,63038,7
REQ005860,USER006748,55263,5
REQ005861,USER001654,37046,2
REQ005862,USER004863,22828,6
REQ005863,USER005745,26644,9
REQ005864,USER008743,44004,2
REQ005865,USER000297,64434,1
REQ005866,USER002216,77895,9
REQ005867,USER003071,57252,4
REQ005868,USER002272,25758,6
REQ005869,USER009388,43100,7
REQ005870,USER009413,66120,7
REQ005871,USER006202,50951,8
REQ005872,USER008047,24681,5
REQ005873,USER005258,54560,10
REQ005874,USER008117,55112,8
REQ005875,USER008966,71353,6
REQ005876,USER006213,40931,7
REQ005877,USER004877,10084,7
REQ005878,USER001414,47572,9
REQ005879,USER007951,73027,7
REQ005880,USER004542,37786,3
REQ005881,USER001373,11023,2
REQ005882,USER002835,39533,2
REQ005883,USER005268,22892,4
REQ005884,USER000842,9074,5
REQ005885,USER006619,30292,7
REQ005886,USER003961,25004,8
REQ005887,USER006596,47072,5
REQ005888,USER005495,22706,7
REQ005889,USER008521,69689,1
REQ005890,USER000265,7261,3
REQ005891,USER007843,42261,4
REQ005892,USER002943,15482,8
REQ005893,USER006897,33935,2
REQ005894,USER003019,30087,3
REQ005895,USER008422,63931,8
REQ005896,USER007529,26809,9
REQ005897,USER004430,85799,5
REQ005898,USER001300,1092,7
REQ005899,USER005719,85446,4
REQ005900,USER005954,7340,2
REQ005901,USER002533,1685,10
REQ005902,USER009362,49662,10
REQ005903,USER003836,20548,3
REQ005904,USER009931,38141,6
REQ005905,USER008101,23909,10
REQ005906,USER004494,67425,6
REQ005907,USER004765,65224,8
REQ005908,USER007904,8697,5
REQ005909,USER002129,77733,6
REQ005910,USER002101,37957,10
REQ005911,USER003075,21994,9
REQ005912,USER005990,30821,2
REQ005913,USER008970,72,8
REQ005914,USER009428,23382,5
REQ005915,USER008122,24471,8
REQ005916,USER008978,20227,10
REQ005917,USER005629,25721,8
REQ005918,USER003751,79802,6
REQ005919,USER003478,11768,9
REQ005920,USER008699,77203,4
REQ005921,USER007605,33308,3
REQ005922,USER007420,13740,6
REQ005923,USER007543,31975,7
REQ005924,USER004019,64006,4
REQ005925,USER003929,67724,7
REQ005926,USER002294,14465,1
REQ005927,USER007723,68091,5
REQ005928,USER009166,24062,8
REQ005929,USER000424,38412,1
REQ005930,USER007982,54528,8
REQ005931,USER004536,46401,6
REQ005932,USER007091,83583,1
REQ005933,USER005209,68658,8
REQ005934,USER006005,37642,8
REQ005935,USER001874,51181,1
REQ005936,USER003044,79156,4
REQ005937,USER003368,12953,5
REQ005938,USER005887,7864,8
REQ005939,USER008837,7789,9
REQ005940,USER000973,45030,7
REQ005941,USER003538,69672,4
REQ005942,USER002918,2695,7
REQ005943,USER005723,83612,8
REQ005944,USER009561,45912,5
REQ005945,USER006131,47119,9
REQ005946,USER002532,49993,5
REQ005947,USER003275,63569,4
REQ005948,USER007836,23756,4
REQ005949,USER009102,6847,7
REQ005950,USER002349,9185,2
REQ005951,USER002669,18924,5
REQ005952,USER006236,72551,2
REQ005953,USER008947,11712,10
REQ005954,USER002640,31543,8
REQ005955,USER002444,29967,6
REQ005956,USER001239,45739,3
REQ005957,USER003860,55864,8
REQ005958,USER000677,1892,9
REQ005959,USER008222,12072,5
REQ005960,USER009470,82433,8
REQ005961,USER004929,68823,7
REQ005962,USER007484,42239,8
REQ005963,USER000139,85459,9
REQ005964,USER005766,6659,6
REQ005965,USER008086,35788,10
REQ005966,USER003227,81503,8
REQ005967,USER002038,14123,1
REQ005968,USER001190,14701,10
REQ005969,USER008460,74677,6
REQ005970,USER005216,4137,1
REQ005971,USER000924,44050,10
REQ005972,USER005289,67417,1
REQ005973,USER007866,75317,9
REQ005974,USER008101,35409,2
REQ005975,USER004783,53358,7
REQ005976,USER004334,13486,7
REQ005977,USER002670,60766,8
REQ005978,USER000444,7152,10
REQ005979,USER001683,81642,2
REQ005980,USER000201,59456,3
REQ005981,USER008927,35064,9
REQ005982,USER005852,15545,2
REQ005983,USER003881,60710,10
REQ005984,USER005263,6638,7
REQ005985,USER000921,23619,7
REQ005986,USER003489,58857,10
REQ005987,USER004735,1177,9
REQ005988,USER003483,85047,7
REQ005989,USER000691,84463,8
REQ005990,USER005070,44162,5
REQ005991,USER002352,63960,1
REQ005992,USER007266,10275,6
REQ005993,USER003108,14642,5
REQ005994,USER005366,62733,10
REQ005995,USER005328,77757,1
REQ005996,USER000861,22948,5
REQ005997,USER004888,70771,2
REQ005998,USER002500,61466,2
REQ005999,USER003614,48957,3
REQ006000,USER000523,79988,2
REQ006001,USER000399,7847,1
REQ006002,USER008318,44322,2
REQ006003,USER001560,12781,8
REQ006004,USER009389,18822,8
REQ006005,USER000558,44039,2
REQ006006,USER004554,24868,10
REQ006007,USER007738,60562,10
REQ006008,USER005776,41754,2
REQ006009,USER002433,41437,1
REQ006010,USER006654,6222,6
REQ006011,USER007879,16829,5
REQ006012,USER002418,64141,5
REQ006013,USER002423,15701,8
REQ006014,USER009227,46180,2
REQ006015,USER008718,39786,3
REQ006016,USER002978,30080,6
REQ006017,USER007416,33411,3
REQ006018,USER000268,56048,7
REQ006019,USER004473,65699,2
REQ006020,USER004577,65803,1
REQ006021,USER002692,61484,1
REQ006022,USER000807,53582,1
REQ006023,USER001822,69202,7
REQ006024,USER007067,10748,2
REQ006025,USER001010,82504,6
REQ006026,USER007059,56047,7
REQ006027,USER000133,4476,2
REQ006028,USER004494,62821,9
REQ006029,USER005073,21348,1
REQ006030,USER004281,77629,8
REQ006031,USER008443,67267,5
REQ006032,USER004684,15556,10
REQ006033,USER002961,20299,7
REQ006034,USER003496,60349,4
REQ006035,USER003624,81836,1
REQ006036,USER001444,86051,3
REQ006037,USER002909,4283,4
REQ006038,USER006276,25586,2
REQ006039,USER002294,50235,10
REQ006040,USER001001,46385,3
REQ006041,USER006424,19544,8
REQ006042,USER006064,85584,8
REQ006043,USER007586,64953,10
REQ006044,USER002152,46123,1
REQ006045,USER004790,25379,3
REQ006046,USER002033,31621,2
REQ006047,USER006373,36434,6
REQ006048,USER006807,60950,5
REQ006049,USER003713,69886,5
REQ006050,USER009961,71857,6
REQ006051,USER009876,46972,1
REQ006052,USER008269,27463,3
REQ006053,USER006484,16101,4
REQ006054,USER005613,33238,10
REQ006055,USER009025,49418,1
REQ006056,USER005164,25467,3
REQ006057,USER000964,61945,7
REQ006058,USER003757,14407,2
REQ006059,USER003046,27153,1
REQ006060,USER003015,84391,8
REQ006061,USER002855,74862,2
REQ006062,USER000706,29709,1
REQ006063,USER009085,8744,8
REQ006064,USER005513,19802,8
REQ006065,USER005463,46758,1
REQ006066,USER006011,7738,1
REQ006067,USER006505,74248,4
REQ006068,USER008970,77458,5
REQ006069,USER004690,79767,4
REQ006070,USER007904,44052,2
REQ006071,USER004579,15624,1
REQ006072,USER006983,48292,6
REQ006073,USER007227,30118,7
REQ006074,USER006718,65157,10
REQ006075,USER003522,20972,8
REQ006076,USER006594,50769,8
REQ006077,USER004220,80585,9
REQ006078,USER005336,83403,4
REQ006079,USER006738,67355,1
REQ006080,USER008118,82087,3
REQ006081,USER002537,41011,1
REQ006082,USER003331,77656,5
REQ006083,USER007757,69571,3
REQ006084,USER000836,21669,1
REQ006085,USER006687,70044,10
REQ006086,USER000415,20799,1
REQ006087,USER009066,3377,1
REQ006088,USER005122,46508,9
REQ006089,USER001549,78219,3
REQ006090,USER001796,77248,6
REQ006091,USER007544,35126,10
REQ006092,USER001270,74900,6
REQ006093,USER001883,41210,9
REQ006094,USER003426,50072,1
REQ006095,USER000474,57683,5
REQ006096,USER005891,66111,4
REQ006097,USER001037,35925,3
REQ006098,USER002843,5439,6
REQ006099,USER000508,46099,6
REQ006100,USER005660,23335,5
REQ006101,USER001882,16087,1
REQ006102,USER009944,54097,7
REQ006103,USER005318,80434,8
REQ006104,USER009424,81561,10
REQ006105,USER003702,48472,9
REQ006106,USER005420,13332,10
REQ006107,USER005847,60686,9
REQ006108,USER006502,79378,10
REQ006109,USER002607,45361,1
REQ006110,USER005530,50059,2
REQ006111,USER008304,3493,8
REQ006112,USER001917,72312,1
REQ006113,USER003770,37907,1
REQ006114,USER001602,36949,8
REQ006115,USER005968,29189,4
REQ006116,USER008990,11902,2
REQ006117,USER000703,60608,4
REQ006118,USER004091,38281,3
REQ006119,USER005654,13655,2
REQ006120,USER005265,18296,4
REQ006121,USER004027,78062,5
REQ006122,USER000240,7486,9
REQ006123,USER003244,49497,6
REQ006124,USER009599,48396,4
REQ006125,USER007064,68809,6
REQ006126,USER006361,72622,10
REQ006127,USER005697,85715,9
REQ006128,USER004460,77861,1
REQ006129,USER007376,5469,9
REQ006130,USER009365,39508,1
REQ006131,USER009234,2537,2
REQ006132,USER000720,8351,7
REQ006133,USER007364,78414,4
REQ006134,USER005062,84190,6
REQ006135,USER003106,47939,9
REQ006136,USER002285,8749,6
REQ006137,USER006399,65767,10
REQ006138,USER001035,24859,3
REQ006139,USER007486,61649,9
REQ006140,USER007646,3615,10
REQ006141,USER005629,11920,8
REQ006142,USER007360,10896,5
REQ006143,USER005247,76545,6
REQ006144,USER000770,64638,2
REQ006145,USER005726,5470,4
REQ006146,USER006975,67333,3
REQ006147,USER008559,51723,9
REQ006148,USER002292,40014,9
REQ006149,USER005197,68177,2
REQ006150,USER008272,18635,5
REQ006151,USER008274,39011,2
REQ006152,USER008374,64413,8
REQ006153,USER002208,72836,7
REQ006154,USER004908,69306,5
REQ006155,USER009791,62506,1
REQ006156,USER005177,3490,8
REQ006157,USER005344,15683,6
REQ006158,USER008422,21926,9
REQ006159,USER008786,9677,8
REQ006160,USER007513,73689,9
REQ006161,USER003615,12679,1
REQ006162,USER008821,57158,10
REQ006163,USER008935,21223,9
REQ006164,USER009446,5895,2
REQ006165,USER000808,11262,2
REQ006166,USER000300,14634,10
REQ006167,USER005095,5788,3
REQ006168,USER001881,42544,5
REQ006169,USER009703,49656,5
REQ006170,USER001429,52981,1
REQ006171,USER009953,29643,4
REQ006172,USER004132,34792,9
REQ006173,USER005065,66096,10
REQ006174,USER006735,22325,4
REQ006175,USER002313,43601,10
REQ006176,USER007935,25852,5
REQ006177,USER008368,57869,5
REQ006178,USER005241,35696,8
REQ006179,USER001829,56719,3
REQ006180,USER003125,74449,6
REQ006181,USER005570,40457,5
REQ006182,USER004651,65629,2
REQ006183,USER000292,15782,10
REQ006184,USER006793,49766,8
REQ006185,USER004952,36818,7
REQ006186,USER003648,45256,8
REQ006187,USER001627,37227,1
REQ006188,USER007319,55798,6
REQ006189,USER009608,64641,8
REQ006190,USER003372,69315,10
REQ006191,USER007780,7707,4
REQ006192,USER002855,4787,10
REQ006193,USER009027,6377,8
REQ006194,USER000963,48463,4
REQ006195,USER004633,74804,10
REQ006196,USER000460,71541,3
REQ006197,USER001350,60172,8
REQ006198,USER009600,57657,7
REQ006199,USER005209,16508,9
REQ006200,USER001418,16768,3
REQ006201,USER002477,31773,4
REQ006202,USER005263,40362,1
REQ006203,USER008655,19818,2
REQ006204,USER001448,15635,3
REQ006205,USER003250,62052,7
REQ006206,USER004207,45324,9
REQ006207,USER004542,79500,2
REQ006208,USER002900,70259,6
REQ006209,USER000908,899,2
REQ006210,USER005370,83174,2
REQ006211,USER004161,64400,4
REQ006212,USER005350,22710,9
REQ006213,USER008888,43828,7
REQ006214,USER002427,74273,1
REQ006215,USER006858,49851,10
REQ006216,USER007810,54394,2
REQ006217,USER004271,47815,6
REQ006218,USER006296,40307,4
REQ006219,USER005541,49429,5
REQ006220,USER000682,58445,4
REQ006221,USER004531,45157,2
REQ006222,USER003580,83089,5
REQ006223,USER009234,30779,5
REQ006224,USER004104,58930,2
REQ006225,USER009255,20122,7
REQ006226,USER003688,47964,1
REQ006227,USER002325,6471,6
REQ006228,USER006040,75634,8
REQ006229,USER001919,33792,7
REQ006230,USER001070,8195,10
REQ006231,USER000876,78643,6
REQ006232,USER004549,52902,5
REQ006233,USER005787,32040,8
REQ006234,USER008484,47485,6
REQ006235,USER007832,61308,9
REQ006236,USER002102,28053,3
REQ006237,USER005800,55073,2
REQ006238,USER007150,85894,3
REQ006239,USER000556,50010,3
REQ006240,USER002777,32885,8
REQ006241,USER009978,71086,3
REQ006242,USER001208,44051,7
REQ006243,USER000507,70870,9
REQ006244,USER007345,80525,6
REQ006245,USER000585,27043,7
REQ006246,USER000392,45449,1
REQ006247,USER005742,71839,1
REQ006248,USER009450,77829,2
REQ006249,USER002399,60920,7
REQ006250,USER006283,78111,4
REQ006251,USER008573,18548,6
REQ006252,USER007359,70420,4
REQ006253,USER003521,61370,6
REQ006254,USER004343,62153,7
REQ006255,USER001350,5559,10
REQ006256,USER002158,31716,2
REQ006257,USER007781,6202,9
REQ006258,USER004331,47651,2
REQ006259,USER008076,32196,3
REQ006260,USER001274,67737,10
REQ006261,USER007423,37755,4
REQ006262,USER006273,7800,4
REQ006263,USER004880,49051,5
REQ006264,USER005043,31577,6
REQ006265,USER007764,28256,5
REQ006266,USER004315,18678,4
REQ006267,USER006167,79675,8
REQ006268,USER004807,67214,5
REQ006269,USER007043,46507,8
REQ006270,USER001201,33105,8
REQ006271,USER003842,36724,8
REQ006272,USER007108,52024,10
REQ006273,USER000979,11414,1
REQ006274,USER003647,57492,10
REQ006275,USER006869,45044,8
REQ006276,USER001278,66633,10
REQ006277,USER003560,51761,6
REQ006278,USER002327,73583,9
REQ006279,USER006019,75400,10
REQ006280,USER009981,38399,6
REQ006281,USER000217,52752,7
REQ006282,USER001128,30406,2
REQ006283,USER006093,74935,7
REQ006284,USER009979,14234,4
REQ006285,USER004807,21969,2
REQ006286,USER004140,66386,8
REQ006287,USER000509,76414,9
REQ006288,USER003542,38265,9
REQ006289,USER006579,14929,9
REQ006290,USER002149,59575,10
REQ006291,USER009258,82696,2
REQ006292,USER003467,84010,4
REQ006293,USER007882,15571,9
REQ006294,USER004394,83298,2
REQ006295,USER004917,15396,8
REQ006296,USER009354,76834,8
REQ006297,USER008740,48570,10
REQ006298,USER006316,54552,10
REQ006299,USER000337,24674,1
REQ006300,USER008584,22157,1
REQ006301,USER008574,21443,5
REQ006302,USER006109,5414,3
REQ006303,USER006836,20799,5
REQ006304,USER004395,32485,7
REQ006305,USER002797,60888,7
REQ006306,USER000413,844,10
REQ006307,USER007407,44651,8
REQ006308,USER000513,39729,6
REQ006309,USER009785,72621,6
REQ006310,USER003991,84174,8
REQ006311,USER007192,58102,6
REQ006312,USER000567,43606,9
REQ006313,USER005379,28149,6
REQ006314,USER005234,12523,2
REQ006315,USER008265,55420,9
REQ006316,USER005745,50717,5
REQ006317,USER005085,47464,6
REQ006318,USER001536,61796,4
REQ006319,USER009776,44526,10
REQ006320,USER003991,75525,1
REQ006321,USER004341,68072,2
REQ006322,USER004558,71735,10
REQ006323,USER004817,2454,10
REQ006324,USER005926,78374,9
REQ006325,USER002924,868,9
REQ006326,USER004387,43258,1
REQ006327,USER001400,31975,2
REQ006328,USER000503,66801,2
REQ006329,USER002631,30260,5
REQ006330,USER002884,32587,6
REQ006331,USER006629,17873,9
REQ006332,USER001643,64281,10
REQ006333,USER008698,73022,7
REQ006334,USER002091,20270,10
REQ006335,USER002778,81062,8
REQ006336,USER001007,40216,1
REQ006337,USER001856,14563,8
REQ006338,USER003452,82495,7
REQ006339,USER009063,52354,2
REQ006340,USER003086,17092,9
REQ006341,USER005772,60324,10
REQ006342,USER001831,41015,3
REQ006343,USER004145,69668,5
REQ006344,USER004748,76449,4
REQ006345,USER009865,2741,3
REQ006346,USER006699,62470,7
REQ006347,USER004040,12587,1
REQ006348,USER005655,71551,8
REQ006349,USER000141,47399,7
REQ006350,USER008442,33849,6
REQ006351,USER008752,81566,6
REQ006352,USER000344,38140,5
REQ006353,USER009442,60720,4
REQ006354,USER001071,8687,4
REQ006355,USER004504,38461,1
REQ006356,USER001031,66531,5
REQ006357,USER008385,73835,3
REQ006358,USER007150,25861,10
REQ006359,USER000861,12226,5
REQ006360,USER003705,34940,10
REQ006361,USER009657,8146,1
REQ006362,USER003284,41074,4
REQ006363,USER006415,78166,1
REQ006364,USER009887,46644,7
REQ006365,USER002147,47188,5
REQ006366,USER001564,17244,2
REQ006367,USER009663,310,6
REQ006368,USER009569,66170,5
REQ006369,USER008587,35447,4
REQ006370,USER000343,77546,9
REQ006371,USER004900,59912,5
REQ006372,USER009982,49174,3
REQ006373,USER000350,47048,7
REQ006374,USER001145,45146,8
REQ006375,USER003635,7121,1
REQ006376,USER002448,67866,9
REQ006377,USER002433,64488,7
REQ006378,USER008637,20512,2
REQ006379,USER009323,60969,10
REQ006380,USER007854,39507,8
REQ006381,USER009933,17907,9
REQ006382,USER000800,4629,10
REQ006383,USER007112,35748,10
REQ006384,USER008724,59744,3
REQ006385,USER001879,68801,8
REQ006386,USER009227,58399,1
REQ006387,USER001205,23225,6
REQ006388,USER007879,57537,5
REQ006389,USER008978,81941,5
REQ006390,USER009136,32954,9
REQ006391,USER001972,34174,8
REQ006392,USER009574,18097,7
REQ006393,USER003583,56224,4
REQ006394,USER007238,80570,6
REQ006395,USER001083,51449,6
REQ006396,USER003548,52427,8
REQ006397,USER004430,36160,3
REQ006398,USER002135,42017,8
REQ006399,USER009361,16701,9
REQ006400,USER006510,83111,5
REQ006401,USER004762,15755,3
REQ006402,USER000935,18557,4
REQ006403,USER007558,82634,8
REQ006404,USER002164,14230,10
REQ006405,USER009999,19087,4
REQ006406,USER004128,38410,5
REQ006407,USER006807,42634,10
REQ006408,USER005699,78596,2
REQ006409,USER008272,48684,6
REQ006410,USER000782,5667,5
REQ006411,USER008411,68561,10
REQ006412,USER005088,43014,4
REQ006413,USER005354,22219,10
REQ006414,USER008330,76698,2
REQ006415,USER007597,17811,8
REQ006416,USER002234,32620,5
REQ006417,USER002248,18783,8
REQ006418,USER004762,57203,5
REQ006419,USER007338,70439,6
REQ006420,USER006016,27956,10
REQ006421,USER007801,25434,4
REQ006422,USER005572,42358,4
REQ006423,USER002912,46402,5
REQ006424,USER008138,33487,10
REQ006425,USER002864,68822,7
REQ006426,USER003602,34571,7
REQ006427,USER003943,15776,9
REQ006428,USER004495,42441,5
REQ006429,USER005524,48697,3
REQ006430,USER002965,84742,8
REQ006431,USER006822,44478,8
REQ006432,USER009288,15607,8
REQ006433,USER009827,57099,3
REQ006434,USER001933,18814,5
REQ006435,USER000059,56831,4
REQ006436,USER005349,53076,2
REQ006437,USER009624,63872,7
REQ006438,USER008912,70512,10
REQ006439,USER002851,51277,7
REQ006440,USER002203,6935,3
REQ006441,USER002498,6720,9
REQ006442,USER005690,59872,2
REQ006443,USER006857,61456,3
REQ006444,USER000543,54952,3
REQ006445,USER003347,24074,8
REQ006446,USER006490,44318,4
REQ006447,USER001774,76905,5
REQ006448,USER001158,46482,9
REQ006449,USER007623,52821,1
REQ006450,USER007172,77286,2
REQ006451,USER003995,38719,9
REQ006452,USER006133,67769,1
REQ006453,USER005360,15464,6
REQ006454,USER006791,73703,8
REQ006455,USER007063,34688,4
REQ006456,USER006304,83927,4
REQ006457,USER005533,10516,10
REQ006458,USER009178,14083,10
REQ006459,USER000688,77760,2
REQ006460,USER003563,70815,5
REQ006461,USER008790,15736,1
REQ006462,USER004234,75938,4
REQ006463,USER002701,81618,3
REQ006464,USER006790,27921,4
REQ006465,USER000121,41439,5
REQ006466,USER004755,66746,2
REQ006467,USER001339,40232,8
REQ006468,USER009711,54467,5
REQ006469,USER001506,37516,6
REQ006470,USER008449,70126,7
REQ006471,USER008996,50868,7
REQ006472,USER009157,2347,3
REQ006473,USER004724,2585,7
REQ006474,USER003313,73065,1
REQ006475,USER002207,13417,7
REQ006476,USER002903,71568,5
REQ006477,USER004686,64757,7
REQ006478,USER001726,45942,10
REQ006479,USER005006,51517,5
REQ006480,USER006922,68891,8
REQ006481,USER007348,44283,5
REQ006482,USER001872,59362,6
REQ006483,USER009497,65549,1
REQ006484,USER007320,50507,4
REQ006485,USER004652,32594,10
REQ006486,USER006487,26457,5
REQ006487,USER006330,20001,10
REQ006488,USER009759,13215,10
REQ006489,USER009368,60090,7
REQ006490,USER006563,45617,8
REQ006491,USER003646,68735,9
REQ006492,USER002425,45622,9
REQ006493,USER000053,27126,1
REQ006494,USER000228,27189,10
REQ006495,USER004259,41,5
REQ006496,USER006782,71087,4
REQ006497,USER007071,66978,8
REQ006498,USER004810,27579,7
REQ006499,USER004573,77410,2
REQ006500,USER000902,78859,4
REQ006501,USER002781,27432,6
REQ006502,USER000909,45560,10
REQ006503,USER002242,26645,4
REQ006504,USER004110,36159,10
REQ006505,USER005605,7165,10
REQ006506,USER000124,8102,9
REQ006507,USER009021,29968,4
REQ006508,USER000010,76630,10
REQ006509,USER006973,77743,5
REQ006510,USER000644,57440,1
REQ006511,USER003987,67418,5
REQ006512,USER004171,52125,9
REQ006513,USER000325,20247,4
REQ006514,USER003052,48800,4
REQ006515,USER006634,70661,4
REQ006516,USER003455,36816,7
REQ006517,USER000926,81534,9
REQ006518,USER003293,48545,10
REQ006519,USER009723,36435,3
REQ006520,USER000770,27234,3
REQ006521,USER007135,29080,5
REQ006522,USER001046,40534,10
REQ006523,USER001185,1986,3
REQ006524,USER003288,12350,3
REQ006525,USER006452,17546,1
REQ006526,USER001620,1372,5
REQ006527,USER002233,20744,4
REQ006528,USER006881,70459,1
REQ006529,USER004492,44004,10
REQ006530,USER005983,60547,2
REQ006531,USER007875,48854,9
REQ006532,USER009156,5421,1
REQ006533,USER006518,43118,8
REQ006534,USER003151,19188,2
REQ006535,USER002461,76401,1
REQ006536,USER008182,67854,2
REQ006537,USER001679,44180,1
REQ006538,USER002235,2649,3
REQ006539,USER002477,47531,8
REQ006540,USER004945,64171,5
REQ006541,USER001921,51571,7
REQ006542,USER008587,20768,10
REQ006543,USER008207,10982,3
REQ006544,USER005446,71611,1
REQ006545,USER005912,55456,9
REQ006546,USER006445,26714,4
REQ006547,USER008219,69357,2
REQ006548,USER002942,61355,8
REQ006549,USER008741,31304,2
REQ006550,USER000058,68885,5
REQ006551,USER005899,39448,8
REQ006552,USER006672,42339,8
REQ006553,USER001333,63413,10
REQ006554,USER001508,4798,4
REQ006555,USER002667,7209,10
REQ006556,USER007891,80839,9
REQ006557,USER001796,37845,3
REQ006558,USER005067,41001,6
REQ006559,USER002501,79292,2
REQ006560,USER000716,45026,5
REQ006561,USER008575,49843,9
REQ006562,USER009027,45605,3
REQ006563,USER009571,54687,6
REQ006564,USER004604,3178,8
REQ006565,USER009932,9254,2
REQ006566,USER002669,57091,1
REQ006567,USER006620,73691,3
REQ006568,USER007793,64669,7
REQ006569,USER006564,62132,1
REQ006570,USER001563,82384,6
REQ006571,USER003149,7424,10
REQ006572,USER007376,31111,3
REQ006573,USER008068,27538,2
REQ006574,USER003050,48506,9
REQ006575,USER007572,10054,4
REQ006576,USER003025,66292,9
REQ006577,USER008493,26330,6
REQ006578,USER002090,62648,2
REQ006579,USER003009,412,4
REQ006580,USER000805,16106,7
REQ006581,USER009312,62096,7
REQ006582,USER003981,3162,9
REQ006583,USER009541,83344,9
REQ006584,USER008126,17378,3
REQ006585,USER004388,49749,10
REQ006586,USER000756,18371,4
REQ006587,USER004352,27398,8
REQ006588,USER000286,53700,5
REQ006589,USER000358,10377,6
REQ006590,USER001671,70845,5
REQ006591,USER005904,61098,10
REQ006592,USER005688,42393,5
REQ006593,USER003527,66285,1
REQ006594,USER001930,43610,6
REQ006595,USER001742,6112,5
REQ006596,USER005143,45367,5
REQ006597,USER000120,44577,3
REQ006598,USER006496,57321,3
REQ006599,USER004270,81455,6
REQ006600,USER002894,7061,2
REQ006601,USER005699,9572,7
REQ006602,USER001574,57014,1
REQ006603,USER002993,61680,8
REQ006604,USER006913,50897,4
REQ006605,USER006984,44715,4
REQ006606,USER007405,20468,8
REQ006607,USER008637,48394,6
REQ006608,USER006604,40012,6
REQ006609,USER009157,31876,2
REQ006610,USER000208,25552,6
REQ006611,USER000910,54908,10
REQ006612,USER001683,66458,8
REQ006613,USER008146,30484,7
REQ006614,USER005589,73060,8
REQ006615,USER000203,1006,10
REQ006616,USER000275,54314,8
REQ006617,USER009871,85161,1
REQ006618,USER008014,39275,9
REQ006619,USER006782,21991,5
REQ006620,USER009252,31077,2
REQ006621,USER008592,26922,10
REQ006622,USER003390,49468,7
REQ006623,USER006540,42667,4
REQ006624,USER001124,38665,4
REQ006625,USER005395,24374,5
REQ006626,USER001999,66493,3
REQ006627,USER006729,36113,7
REQ006628,USER004148,28237,4
REQ006629,USER005970,81076,8
REQ006630,USER009070,33897,9
REQ006631,USER003923,7781,3
REQ006632,USER003701,15814,4
REQ006633,USER007931,28324,8
REQ006634,USER001782,1982,6
REQ006635,USER001871,55432,3
REQ006636,USER004436,63865,6
REQ006637,USER004341,69144,9
REQ006638,USER003790,1510,5
REQ006639,USER002294,64252,2
REQ006640,USER004892,4853,5
REQ006641,USER004151,73661,6
REQ006642,USER006606,62207,9
REQ006643,USER007810,24894,4
REQ006644,USER004283,20146,10
REQ006645,USER007706,26012,7
REQ006646,USER004725,51660,8
REQ006647,USER000156,58042,4
REQ006648,USER006271,24769,7
REQ006649,USER001073,79839,6
REQ006650,USER002662,4599,5
REQ006651,USER003849,65293,5
REQ006652,USER007091,72632,2
REQ006653,USER007249,9442,5
REQ006654,USER009969,61151,9
REQ006655,USER001283,20522,6
REQ006656,USER009579,40205,1
REQ006657,USER009828,33178,7
REQ006658,USER002133,22511,4
REQ006659,USER000944,11303,9
REQ006660,USER009346,15692,8
REQ006661,USER004406,20809,5
REQ006662,USER004353,16809,4
REQ006663,USER005554,52584,7
REQ006664,USER004112,39541,7
REQ006665,USER009150,55558,5
REQ006666,USER005055,84953,9
REQ006667,USER001754,77285,3
REQ006668,USER000657,81087,9
REQ006669,USER006947,20125,9
REQ006670,USER003231,2189,4
REQ006671,USER005796,58814,2
REQ006672,USER006827,83614,2
REQ006673,USER000960,10866,7
REQ006674,USER000394,86012,7
REQ006675,USER001818,63493,8
REQ006676,USER005823,33712,8
REQ006677,USER007538,29582,8
REQ006678,USER008330,23890,1
REQ006679,USER003136,17123,4
REQ006680,USER007460,83946,4
REQ006681,USER006985,36302,6
REQ006682,USER007922,52451,7
REQ006683,USER003268,44058,9
REQ006684,USER008115,51496,1
REQ006685,USER001352,55656,4
REQ006686,USER005509,72277,5
REQ006687,USER009154,62224,7
REQ006688,USER005337,83173,2
REQ006689,USER000830,51476,3
REQ006690,USER009327,5427,10
REQ006691,USER000196,6846,4
REQ006692,USER001496,61971,1
REQ006693,USER004897,83256,1
REQ006694,USER005583,9206,10
REQ006695,USER008839,52644,8
REQ006696,USER000576,58346,7
REQ006697,USER002770,51519,2
REQ006698,USER007384,545,1
REQ006699,USER002534,77348,4
REQ006700,USER009320,5303,6
REQ006701,USER002412,76920,8
REQ006702,USER006255,69213,1
REQ006703,USER003901,16815,4
REQ006704,USER007446,53216,2
REQ006705,USER005063,14660,6
REQ006706,USER000456,1074,3
REQ006707,USER003942,40555,8
REQ006708,USER009625,30512,4
REQ006709,USER006088,67163,8
REQ006710,USER003149,16594,2
REQ006711,USER005991,13677,6
REQ006712,USER003667,41767,10
REQ006713,USER008723,21958,2
REQ006714,USER004368,19511,7
REQ006715,USER005889,71128,9
REQ006716,USER006468,61604,5
REQ006717,USER005139,50010,7
REQ006718,USER008649,6603,9
REQ006719,USER005386,65681,10
REQ006720,USER001181,65174,1
REQ006721,USER005390,75074,4
REQ006722,USER002228,47726,3
REQ006723,USER006148,5569,4
REQ006724,USER006168,44285,6
REQ006725,USER006970,34098,8
REQ006726,USER006724,74681,9
REQ006727,USER004029,68138,3
REQ006728,USER001968,21005,1
REQ006729,USER008074,50776,1
REQ006730,USER008525,4664,8
REQ006731,USER006552,82156,1
REQ006732,USER008364,14503,5
REQ006733,USER005549,46690,2
REQ006734,USER008381,61317,9
REQ006735,USER006596,75303,10
REQ006736,USER005817,38469,8
REQ006737,USER002176,30426,2
REQ006738,USER007457,38606,5
REQ006739,USER006551,59473,1
REQ006740,USER003891,57503,2
REQ006741,USER009937,78283,8
REQ006742,USER005233,34429,10
REQ006743,USER005754,61656,3
REQ006744,USER001818,9796,7
REQ006745,USER001658,64889,2
REQ006746,USER000447,37602,4
REQ006747,USER007856,5785,5
REQ006748,USER007050,24583,9
REQ006749,USER003183,56047,9
REQ006750,USER004144,46406,4
REQ006751,USER003200,82282,7
REQ006752,USER000563,72944,10
REQ006753,USER007680,2749,3
REQ006754,USER008052,48169,4
REQ006755,USER002672,31571,3
REQ006756,USER001423,30429,10
REQ006757,USER008233,66766,5
REQ006758,USER004073,20370,2
REQ006759,USER001582,57839,5
REQ006760,USER001950,68786,5
REQ006761,USER008187,23137,10
REQ006762,USER006676,74327,7
REQ006763,USER007132,50457,5
REQ006764,USER004332,25021,6
REQ006765,USER007218,74555,8
REQ006766,USER008776,25915,9
REQ006767,USER009978,2083,2
REQ006768,USER002803,48086,5
REQ006769,USER003019,59510,6
REQ006770,USER009102,82410,7
REQ006771,USER000659,40855,5
REQ006772,USER002287,53812,2
REQ006773,USER006647,29299,1
REQ006774,USER005546,18602,2
REQ006775,USER004651,61930,5
REQ006776,USER008545,44616,3
REQ006777,USER004896,22954,4
REQ006778,USER000178,51917,9
REQ006779,USER001219,13776,2
REQ006780,USER007909,40398,6
REQ006781,USER002587,31342,3
REQ006782,USER007595,15481,10
REQ006783,USER009440,29271,8
REQ006784,USER008010,69981,4
REQ006785,USER007903,15127,1
REQ006786,USER001585,78889,10
REQ006787,USER009265,33216,5
REQ006788,USER006453,16829,7
REQ006789,USER008865,4186,4
REQ006790,USER003063,13294,2
REQ006791,USER003102,40957,10
REQ006792,USER005682,40615,9
REQ006793,USER009276,25846,7
REQ006794,USER000804,39108,6
REQ006795,USER004285,41259,4
REQ006796,USER007193,81912,10
REQ006797,USER006367,37027,4
REQ006798,USER006024,81354,6
REQ006799,USER006975,78105,10
REQ006800,USER003416,11195,8
REQ006801,USER004624,9713,1
REQ006802,USER002763,16105,2
REQ006803,USER002212,70589,1
REQ006804,USER006186,44046,1
REQ006805,USER008196,62222,9
REQ006806,USER001485,20053,6
REQ006807,USER009356,73653,5
REQ006808,USER004350,75566,8
REQ006809,USER005451,53678,5
REQ006810,USER000046,84203,4
REQ006811,USER001820,37526,1
REQ006812,USER001090,25095,2
REQ006813,USER003364,51880,4
REQ006814,USER003628,80976,2
REQ006815,USER006449,56001,3
REQ006816,USER008183,52855,8
REQ006817,USER009164,82400,6
REQ006818,USER009970,49639,1
REQ006819,USER001944,811,5
REQ006820,USER009474,76863,7
REQ006821,USER008721,59068,5
REQ006822,USER008625,44250,8
REQ006823,USER009118,66282,5
REQ006824,USER007691,20760,4
REQ006825,USER008684,205,7
REQ006826,USER006029,48482,1
REQ006827,USER003067,65461,3
REQ006828,USER007667,63384,5
REQ006829,USER002501,40556,5
REQ006830,USER006842,55782,7
REQ006831,USER007331,68655,10
REQ006832,USER001822,14405,7
REQ006833,USER001887,29394,8
REQ006834,USER007097,4232,8
REQ006835,USER003382,757,9
REQ006836,USER004888,28732,6
REQ006837,USER004123,73331,2
REQ006838,USER005682,42634,8
REQ006839,USER003374,4028,5
REQ006840,USER008089,32611,10
REQ006841,USER002975,20525,2
REQ006842,USER009426,13559,7
REQ006843,USER004713,32712,8
REQ006844,USER009436,8542,1
REQ006845,USER009812,76855,4
REQ006846,USER005404,451,4
REQ006847,USER005668,7108,8
REQ006848,USER009360,77976,7
REQ006849,USER008247,12984,5
REQ006850,USER005070,69486,9
REQ006851,USER002399,21999,3
REQ006852,USER002347,68451,6
REQ006853,USER004666,85264,4
REQ006854,USER009875,75730,9
REQ006855,USER003295,66867,5
REQ006856,USER001194,74312,4
REQ006857,USER004347,2313,2
REQ006858,USER007294,78471,8
REQ006859,USER006136,32266,5
REQ006860,USER006807,69070,8
REQ006861,USER000037,46412,6
REQ006862,USER004934,11501,1
REQ006863,USER008005,52816,2
REQ006864,USER007579,79127,5
REQ006865,USER007052,17592,10
REQ006866,USER003655,44177,8
REQ006867,USER000346,71414,9
REQ006868,USER000502,40125,8
REQ006869,USER006729,33007,2
REQ006870,USER005347,49273,7
REQ006871,USER001376,33917,4
REQ006872,USER007518,28697,8
REQ006873,USER004801,24034,10
REQ006874,USER005199,51333,2
REQ006875,USER006351,57237,10
REQ006876,USER007170,72705,10
REQ006877,USER001018,84934,5
REQ006878,USER009194,64124,7
REQ006879,USER005009,67926,7
REQ006880,USER005692,61710,3
REQ006881,USER009102,13895,6
REQ006882,USER004880,12134,4
REQ006883,USER002743,73524,10
REQ006884,USER009599,8865,7
REQ006885,USER006991,39865,8
REQ006886,USER000345,18762,3
REQ006887,USER008853,37433,5
REQ006888,USER004738,26010,4
REQ006889,USER008373,65711,9
REQ006890,USER000812,83341,9
REQ006891,USER005327,20283,9
REQ006892,USER002726,82438,3
REQ006893,USER006923,40261,5
REQ006894,USER004691,83981,2
REQ006895,USER001057,13528,4
REQ006896,USER001147,48841,7
REQ006897,USER006265,85741,2
REQ006898,USER007294,14450,6
REQ006899,USER005184,5396,3
REQ006900,USER000079,38539,4
REQ006901,USER007767,82605,2
REQ006902,USER009413,40525,5
REQ006903,USER003006,40714,4
REQ006904,USER004997,39429,9
REQ006905,USER002631,15254,9
REQ006906,USER008305,27622,6
REQ006907,USER009919,38110,1
REQ006908,USER007849,59295,6
REQ006909,USER003866,59800,2
REQ006910,USER008350,50580,1
REQ006911,USER002165,11048,10
REQ006912,USER002221,78218,3
REQ006913,USER001368,25215,5
REQ006914,USER003979,33689,7
REQ006915,USER005741,49810,7
REQ006916,USER001848,54218,3
REQ006917,USER005449,452,6
REQ006918,USER001239,39557,3
REQ006919,USER006010,65855,4
REQ006920,USER002136,63541,10
REQ006921,USER001538,60994,8
REQ006922,USER008841,5837,9
REQ006923,USER008020,53022,3
REQ006924,USER007781,47486,1
REQ006925,USER006409,41347,2
REQ006926,USER008989,63723,6
REQ006927,USER000262,78893,4
REQ006928,USER002147,75789,6
REQ006929,USER002124,70519,10
REQ006930,USER000419,51474,9
REQ006931,USER008903,31048,2
REQ006932,USER003197,15645,1
REQ006933,USER008508,36359,6
REQ006934,USER009218,78864,10
REQ006935,USER003144,41949,9
REQ006936,USER000992,83716,9
REQ006937,USER007535,6782,2
REQ006938,USER004690,53655,3
REQ006939,USER007700,86078,9
REQ006940,USER003205,38034,6
REQ006941,USER006007,60027,5
REQ006942,USER003916,67488,7
REQ006943,USER009820,6720,1
REQ006944,USER003583,36996,6
REQ006945,USER003212,34701,4
REQ006946,USER000843,64614,8
REQ006947,USER001846,11727,9
REQ006948,USER007999,70470,10
REQ006949,USER002058,34639,5
REQ006950,USER004226,9523,5
REQ006951,USER000446,49520,10
REQ006952,USER009118,24533,7
REQ006953,USER002767,27808,4
REQ006954,USER008386,22199,9
REQ006955,USER002705,13161,6
REQ006956,USER000775,36561,4
REQ006957,USER004757,48809,9
REQ006958,USER008914,74842,3
REQ006959,USER001960,74855,5
REQ006960,USER007150,44165,3
REQ006961,USER008578,10373,2
REQ006962,USER009190,792,5
REQ006963,USER007507,14709,8
REQ006964,USER001379,74307,9
REQ006965,USER005646,55669,2
REQ006966,USER009223,32426,7
REQ006967,USER003866,29577,5
REQ006968,USER007305,66096,5
REQ006969,USER000816,57676,4
REQ006970,USER003147,76790,6
REQ006971,USER002132,26420,9
REQ006972,USER005725,3869,9
REQ006973,USER009186,38074,1
REQ006974,USER008420,47669,3
REQ006975,USER009820,32336,1
REQ006976,USER008489,83570,6
REQ006977,USER004491,22503,1
REQ006978,USER002238,85873,1
REQ006979,USER008118,47674,7
REQ006980,USER000041,10435,4
REQ006981,USER005620,21624,1
REQ006982,USER009007,5819,3
REQ006983,USER001005,7201,8
REQ006984,USER005070,6998,10
REQ006985,USER004460,53442,4
REQ006986,USER009861,53940,7
REQ006987,USER004763,3775,5
REQ006988,USER004548,45617,4
REQ006989,USER002374,83604,10
REQ006990,USER005114,41464,2
REQ006991,USER003912,32848,6
REQ006992,USER005323,44214,8
REQ006993,USER004399,23276,6
REQ006994,USER006003,84305,9
REQ006995,USER007251,45942,9
REQ006996,USER005164,57319,8
REQ006997,USER002289,60351,3
REQ006998,USER001996,68901,7
REQ006999,USER007500,10105,9
REQ007000,USER008242,26757,1
REQ007001,USER009409,13779,3
REQ007002,USER006954,86213,4
REQ007003,USER000034,2289,8
REQ007004,USER008966,63092,2
REQ007005,USER009412,57711,9
REQ007006,USER003590,49303,9
REQ007007,USER008299,74921,1
REQ007008,USER006891,48617,7
REQ007009,USER001351,11404,10
REQ007010,USER004573,47227,5
REQ007011,USER006590,83349,6
REQ007012,USER001493,73970,10
REQ007013,USER003202,34334,7
REQ007014,USER002932,13419,10
REQ007015,USER005186,62317,4
REQ007016,USER009945,55554,4
REQ007017,USER004986,65473,1
REQ007018,USER007460,83757,2
REQ007019,USER008266,77178,1
REQ007020,USER001166,35534,3
REQ007021,USER005863,68539,9
REQ007022,USER005481,41192,6
REQ007023,USER006760,69434,8
REQ007024,USER008125,9911,7
REQ007025,USER000029,15737,4
REQ007026,USER007570,55360,7
REQ007027,USER002850,55450,10
REQ007028,USER005871,74972,3
REQ007029,USER007747,24226,6
REQ007030,USER002130,37582,10
REQ007031,USER005882,41438,5
REQ007032,USER000241,34851,7
REQ007033,USER004018,9235,6
REQ007034,USER009025,72719,7
REQ007035,USER002541,4111,8
REQ007036,USER005194,19479,10
REQ007037,USER007645,7664,3
REQ007038,USER003363,54481,5
REQ007039,USER004272,5538,5
REQ007040,USER000208,5345,8
REQ007041,USER007980,12063,4
REQ007042,USER003682,14106,7
REQ007043,USER002998,76809,5
REQ007044,USER007358,14675,3
REQ007045,USER008030,42218,4
REQ007046,USER004134,43970,6
REQ007047,USER006606,10582,10
REQ007048,USER005706,3888,4
REQ007049,USER004589,49573,3
REQ007050,USER008818,18265,6
REQ007051,USER006551,61324,7
REQ007052,USER008787,57413,4
REQ007053,USER006977,4912,2
REQ007054,USER006658,25491,1
REQ007055,USER005372,56165,9
REQ007056,USER001945,14401,3
REQ007057,USER001315,75162,8
REQ007058,USER003755,51926,4
REQ007059,USER003062,21606,5
REQ007060,USER000047,73572,3
REQ007061,USER003850,25071,8
REQ007062,USER004301,76721,5
REQ007063,USER001169,28823,2
REQ007064,USER006906,50294,8
REQ007065,USER009666,4681,6
REQ007066,USER007300,41531,8
REQ007067,USER002206,65079,9
REQ007068,USER000184,39825,9
REQ007069,USER003532,62145,7
REQ007070,USER001391,53745,8
REQ007071,USER003580,21723,10
REQ007072,USER002148,75291,4
REQ007073,USER006903,56909,4
REQ007074,USER001256,49820,8
REQ007075,USER002471,46983,3
REQ007076,USER000120,5258,1
REQ007077,USER004656,4080,2
REQ007078,USER000692,69383,4
REQ007079,USER004503,70983,2
REQ007080,USER000794,71071,3
REQ007081,USER003502,33211,9
REQ007082,USER000881,36562,10
REQ007083,USER006562,62066,6
REQ007084,USER009762,33850,8
REQ007085,USER006684,83516,4
REQ007086,USER000050,11877,8
REQ007087,USER001495,12500,10
REQ007088,USER000643,25702,1
REQ007089,USER002139,37810,2
REQ007090,USER006126,14413,10
REQ007091,USER002840,15098,9
REQ007092,USER007763,84647,6
REQ007093,USER000856,9872,6
REQ007094,USER004239,70079,6
REQ007095,USER002955,65784,9
REQ007096,USER003032,9411,5
REQ007097,USER001794,31631,3
REQ007098,USER006721,73444,8
REQ007099,USER007286,28826,6
REQ007100,USER008129,82350,10
REQ007101,USER000604,77040,1
REQ007102,USER009947,10926,10
REQ007103,USER004629,276,3
REQ007104,USER000683,47884,3
REQ007105,USER009064,3882,4
REQ007106,USER004331,35891,8
REQ007107,USER007996,16986,6
REQ007108,USER002468,66287,4
REQ007109,USER000081,41467,4
REQ007110,USER008738,59681,10
REQ007111,USER000752,883,6
REQ007112,USER001316,31160,10
REQ007113,USER005481,61252,9
REQ007114,USER008435,60959,10
REQ007115,USER008253,12402,3
REQ007116,USER006573,60379,5
REQ007117,USER006575,60280,3
REQ007118,USER006978,72080,7
REQ007119,USER001185,48539,2
REQ007120,USER004350,1119,10
REQ007121,USER000685,7611,7
REQ007122,USER001386,15113,5
REQ007123,USER002390,2005,4
REQ007124,USER006918,60983,7
REQ007125,USER009071,54128,4
REQ007126,USER006289,81580,8
REQ007127,USER008419,48270,10
REQ007128,USER003821,10420,3
REQ007129,USER001438,36475,5
REQ007130,USER006466,52458,9
REQ007131,USER002711,18540,7
REQ007132,USER006160,22423,1
REQ007133,USER005834,2024,8
REQ007134,USER004828,66417,8
REQ007135,USER006458,30956,7
REQ007136,USER007374,37984,5
REQ007137,USER001829,32464,5
REQ007138,USER005396,70739,1
REQ007139,USER009491,12335,6
REQ007140,USER009388,82214,3
REQ007141,USER008254,45956,3
REQ007142,USER009930,73644,10
REQ007143,USER007790,56308,3
REQ007144,USER006198,55945,7
REQ007145,USER000043,13225,10
REQ007146,USER006088,11815,9
REQ007147,USER005680,11085,10
REQ007148,USER001358,46732,8
REQ007149,USER003022,8416,9
REQ007150,USER005853,18655,5
REQ007151,USER004871,10376,7
REQ007152,USER005421,38380,2
REQ007153,USER008256,31230,10
REQ007154,USER004364,56094,8
REQ007155,USER005879,80158,7
REQ007156,USER004411,6641,1
REQ007157,USER009768,86378,2
REQ007158,USER007911,35048,6
REQ007159,USER000386,46718,10
REQ007160,USER003959,32519,8
REQ007161,USER008672,80328,5
REQ007162,USER004948,69633,5
REQ007163,USER006161,817,1
REQ007164,USER000009,10327,1
REQ007165,USER005450,2262,4
REQ007166,USER005283,172,1
REQ007167,USER003063,55084,10
REQ007168,USER000875,47357,8
REQ007169,USER004746,69042,8
REQ007170,USER008462,80948,6
REQ007171,USER007055,29112,6
REQ007172,USER000997,72570,9
REQ007173,USER000946,14292,4
REQ007174,USER002144,1996,3
REQ007175,USER002884,62160,6
REQ007176,USER001431,6189,5
REQ007177,USER007843,56923,1
REQ007178,USER009319,49473,2
REQ007179,USER005957,35150,6
REQ007180,USER006011,74598,5
REQ007181,USER004547,20522,9
REQ007182,USER009429,38256,1
REQ007183,USER009237,43277,7
REQ007184,USER008204,8637,7
REQ007185,USER005196,50734,8
REQ007186,USER004180,77661,5
REQ007187,USER001704,38270,7
REQ007188,USER006811,3521,5
REQ007189,USER003164,23087,6
REQ007190,USER008664,37904,6
REQ007191,USER004796,10880,5
REQ007192,USER006413,2635,2
REQ007193,USER002458,3551,6
REQ007194,USER008859,51949,3
REQ007195,USER007688,13889,2
REQ007196,USER009651,26598,2
REQ007197,USER004100,36462,1
REQ007198,USER004957,22403,8
REQ007199,USER007357,58057,1
REQ007200,USER001896,79117,9
REQ007201,USER005319,14964,3
REQ007202,USER003496,44819,6
REQ007203,USER007885,70631,9
REQ007204,USER003929,37471,10
REQ007205,USER009101,28779,1
REQ007206,USER000189,40637,3
REQ007207,USER007951,13023,10
REQ007208,USER009379,8973,2
REQ007209,USER009413,3430,5
REQ007210,USER003317,47052,4
REQ007211,USER008801,51566,3
REQ007212,USER003399,51562,4
REQ007213,USER006472,33643,6
REQ007214,USER001063,31926,7
REQ007215,USER005561,22041,4
REQ007216,USER002312,72724,4
REQ007217,USER005007,37411,1
REQ007218,USER000690,63713,6
REQ007219,USER008929,50428,7
REQ007220,USER002321,78931,3
REQ007221,USER003513,20704,8
REQ007222,USER007266,71509,6
REQ007223,USER000795,21208,7
REQ007224,USER006480,53943,9
REQ007225,USER005879,66956,2
REQ007226,USER006258,60108,4
REQ007227,USER002207,637,10
REQ007228,USER002994,2685,9
REQ007229,USER008816,47799,3
REQ007230,USER005845,41247,3
REQ007231,USER007162,62919,8
REQ007232,USER009388,48996,6
REQ007233,USER009068,6780,9
REQ007234,USER007732,47921,7
REQ007235,USER002588,85891,4
REQ007236,USER005366,5683,9
REQ007237,USER004852,77739,4
REQ007238,USER007383,49847,9
REQ007239,USER001845,1115,8
REQ007240,USER003889,47303,6
REQ007241,USER007394,15621,6
REQ007242,USER000595,52451,5
REQ007243,USER008509,12469,6
REQ007244,USER004686,18049,9
REQ007245,USER005813,67259,2
REQ007246,USER003888,31442,8
REQ007247,USER006990,64417,9
REQ007248,USER004165,54704,8
REQ007249,USER008810,42768,5
REQ007250,USER004843,77439,3
REQ007251,USER007735,33790,1
REQ007252,USER000865,80615,8
REQ007253,USER005116,7909,3
REQ007254,USER002626,60137,9
REQ007255,USER000836,56275,8
REQ007256,USER005952,82735,7
REQ007257,USER007743,78436,9
REQ007258,USER003043,54771,9
REQ007259,USER002118,1480,1
REQ007260,USER002564,77304,10
REQ007261,USER006419,76932,1
REQ007262,USER005099,69092,5
REQ007263,USER004462,1413,7
REQ007264,USER000354,6470,6
REQ007265,USER002538,35493,4
REQ007266,USER002988,33454,7
REQ007267,USER004487,63269,3
REQ007268,USER006683,26890,7
REQ007269,USER007607,62989,6
REQ007270,USER000816,31861,1
REQ007271,USER000014,67100,1
REQ007272,USER004951,51600,8
REQ007273,USER008208,45373,4
REQ007274,USER005118,49650,9
REQ007275,USER007590,13021,3
REQ007276,USER005277,31319,7
REQ007277,USER008011,162,7
REQ007278,USER005515,69414,10
REQ007279,USER009101,51285,9
REQ007280,USER006537,19170,1
REQ007281,USER008146,54375,1
REQ007282,USER008855,26139,5
REQ007283,USER005396,67757,1
REQ007284,USER000822,57241,1
REQ007285,USER001532,33819,5
REQ007286,USER005434,35997,10
REQ007287,USER001448,38530,6
REQ007288,USER001408,19236,8
REQ007289,USER008285,39180,8
REQ007290,USER008909,37312,9
REQ007291,USER008272,34056,7
REQ007292,USER001867,53163,8
REQ007293,USER008562,70622,3
REQ007294,USER007592,12252,7
REQ007295,USER009610,52922,7
REQ007296,USER005527,5521,7
REQ007297,USER009504,40177,5
REQ007298,USER002454,65580,7
REQ007299,USER005825,8245,3
REQ007300,USER004196,19385,10
REQ007301,USER008794,35249,7
REQ007302,USER002585,70268,7
REQ007303,USER007877,38160,4
REQ007304,USER003656,49262,2
REQ007305,USER006315,59125,3
REQ007306,USER005037,11021,10
REQ007307,USER003272,30186,3
REQ007308,USER002166,5955,7
REQ007309,USER009476,8269,4
REQ007310,USER003307,35198,3
REQ007311,USER006274,10121,6
REQ007312,USER006000,15909,3
REQ007313,USER008344,7844,5
REQ007314,USER006852,76069,2
REQ007315,USER007428,74073,10
REQ007316,USER006307,53707,2
REQ007317,USER009112,14246,1
REQ007318,USER008110,34115,5
REQ007319,USER008237,35122,9
REQ007320,USER003899,70564,9
REQ007321,USER004791,37023,3
REQ007322,USER003713,55118,5
REQ007323,USER003417,41136,1
REQ007324,USER006214,79331,10
REQ007325,USER001753,14941,4
REQ007326,USER000589,65196,10
REQ007327,USER002612,84544,10
REQ007328,USER005859,51412,10
REQ007329,USER000425,65847,1
REQ007330,USER001010,28228,10
REQ007331,USER006005,20700,5
REQ007332,USER007131,50521,2
REQ007333,USER007485,51520,8
REQ007334,USER000529,49615,7
REQ007335,USER000960,54860,7
REQ007336,USER001117,80150,8
REQ007337,USER005604,74225,1
REQ007338,USER008337,2918,8
REQ007339,USER003597,52090,4
REQ007340,USER000342,31206,2
REQ007341,USER009642,10869,5
REQ007342,USER002144,4298,3
REQ007343,USER005451,55328,10
REQ007344,USER005613,51740,4
REQ007345,USER008416,41008,4
REQ007346,USER000362,85551,2
REQ007347,USER008648,20667,6
REQ007348,USER002304,30503,8
REQ007349,USER002393,82304,5
REQ007350,USER009294,49752,3
REQ007351,USER001372,7486,1
REQ007352,USER007251,79714,7
REQ007353,USER003880,34724,3
REQ007354,USER001827,36782,3
REQ007355,USER006041,80335,9
REQ007356,USER007878,13397,9
REQ007357,USER006861,21943,7
REQ007358,USER002942,20355,9
REQ007359,USER000421,35245,3
REQ007360,USER007818,40620,6
REQ007361,USER003898,49009,5
REQ007362,USER001451,26908,3
REQ007363,USER009859,30414,5
REQ007364,USER003472,25299,7
REQ007365,USER004371,47650,4
REQ007366,USER001491,52941,10
REQ007367,USER003361,47604,6
REQ007368,USER000519,9736,10
REQ007369,USER000400,68824,5
REQ007370,USER002327,37273,2
REQ007371,USER006911,25546,1
REQ007372,USER008722,16081,3
REQ007373,USER007318,57775,8
REQ007374,USER009939,63988,8
REQ007375,USER004442,60932,8
REQ007376,USER009243,30258,4
REQ007377,USER000773,23709,7
REQ007378,USER000252,14211,6
REQ007379,USER002902,27547,1
REQ007380,USER009179,28935,5
REQ007381,USER003196,47859,10
REQ007382,USER005255,5201,6
REQ007383,USER009388,83075,4
REQ007384,USER003864,68200,7
REQ007385,USER003966,21047,1
REQ007386,USER000152,9951,4
REQ007387,USER003804,71062,9
REQ007388,USER006578,59642,7
REQ007389,USER004583,54970,8
REQ007390,USER005002,55426,4
REQ007391,USER004247,65861,2
REQ007392,USER003889,47562,7
REQ007393,USER000453,50696,2
REQ007394,USER003557,80049,7
REQ007395,USER006146,1867,1
REQ007396,USER009827,11484,2
REQ007397,USER009991,76097,10
REQ007398,USER008720,67774,5
REQ007399,USER007985,43397,6
REQ007400,USER005506,83078,7
REQ007401,USER003703,45650,7
REQ007402,USER008288,54757,9
REQ007403,USER008299,16127,7
REQ007404,USER006079,40473,1
REQ007405,USER004377,41973,1
REQ007406,USER004979,7890,2
REQ007407,USER007417,64989,7
REQ007408,USER000081,25859,8
REQ007409,USER004264,34099,2
REQ007410,USER007188,12915,10
REQ007411,USER009315,81707,1
REQ007412,USER004513,69526,10
REQ007413,USER009267,71276,2
REQ007414,USER002776,76496,6
REQ007415,USER007450,13680,1
REQ007416,USER008360,60388,4
REQ007417,USER001403,10865,10
REQ007418,USER001478,79753,3
REQ007419,USER000285,79061,9
REQ007420,USER000508,251,8
REQ007421,USER001659,13887,4
REQ007422,USER005547,83244,7
REQ007423,USER006572,79667,8
REQ007424,USER004970,70221,10
REQ007425,USER001312,24889,3
REQ007426,USER005863,55012,8
REQ007427,USER007484,45947,4
REQ007428,USER002835,83808,1
REQ007429,USER005511,45883,2
REQ007430,USER007997,32706,4
REQ007431,USER001610,54210,5
REQ007432,USER004284,47342,4
REQ007433,USER008928,76912,9
REQ007434,USER002314,25097,6
REQ007435,USER009890,83930,9
REQ007436,USER006114,17638,4
REQ007437,USER006135,11206,6
REQ007438,USER009683,43953,2
REQ007439,USER002347,20569,1
REQ007440,USER000499,49542,7
REQ007441,USER009001,83242,9
REQ007442,USER004120,56471,8
REQ007443,USER001170,16093,2
REQ007444,USER007635,39339,2
REQ007445,USER006107,42023,4
REQ007446,USER006506,21450,3
REQ007447,USER006094,66641,2
REQ007448,USER000348,1441,7
REQ007449,USER001040,13562,2
REQ007450,USER005499,71409,9
REQ007451,USER005776,75600,5
REQ007452,USER006296,70903,1
REQ007453,USER005068,21906,9
REQ007454,USER000002,28835,9
REQ007455,USER005639,30084,1
REQ007456,USER003347,26035,1
REQ007457,USER007461,4273,10
REQ007458,USER005914,61114,4
REQ007459,USER003886,2129,1
REQ007460,USER008506,49832,5
REQ007461,USER004695,7268,3
REQ007462,USER007278,21242,3
REQ007463,USER009111,23986,10
REQ007464,USER002771,46150,5
REQ007465,USER004933,79803,4
REQ007466,USER003514,6218,6
REQ007467,USER008049,57371,2
REQ007468,USER000792,83131,9
REQ007469,USER005368,54344,3
REQ007470,USER004510,59701,3
REQ007471,USER001896,55486,3
REQ007472,USER003420,26811,2
REQ007473,USER007466,23459,1
REQ007474,USER001232,27051,7
REQ007475,USER000825,68180,8
REQ007476,USER001645,22136,7
REQ007477,USER007695,6451,8
REQ007478,USER005522,61918,7
REQ007479,USER001313,47463,10
REQ007480,USER000292,30670,6
REQ007481,USER006841,79090,8
REQ007482,USER006849,71947,8
REQ007483,USER005852,35443,4
REQ007484,USER005119,5139,10
REQ007485,USER007911,78651,3
REQ007486,USER004273,45046,5
REQ007487,USER008389,57978,7
REQ007488,USER003445,85079,1
REQ007489,USER001402,80287,7
REQ007490,USER006858,30850,9
REQ007491,USER004845,1877,10
REQ007492,USER009383,63113,9
REQ007493,USER006310,74100,9
REQ007494,USER008296,32986,9
REQ007495,USER004759,81685,1
REQ007496,USER000565,43219,6
REQ007497,USER002107,16577,4
REQ007498,USER003157,86031,8
REQ007499,USER001603,13283,2
REQ007500,USER002412,7395,3
REQ007501,USER003839,33428,5
REQ007502,USER000671,32752,10
REQ007503,USER000606,23544,4
REQ007504,USER006384,41218,1
REQ007505,USER000709,6952,9
REQ007506,USER003501,75218,3
REQ007507,USER009937,65589,6
REQ007508,USER005518,47684,5
REQ007509,USER000024,81628,4
REQ007510,USER003756,19395,9
REQ007511,USER001527,36239,2
REQ007512,USER001857,62734,10
REQ007513,USER001344,14301,4
REQ007514,USER006162,5011,2
REQ007515,USER000447,43255,8
REQ007516,USER000306,46027,9
REQ007517,USER006989,61029,7
REQ007518,USER003338,81053,10
REQ007519,USER002238,59195,8
REQ007520,USER001416,84739,3
REQ007521,USER009283,12439,9
REQ007522,USER000950,52417,4
REQ007523,USER007811,81911,9
REQ007524,USER009406,78059,9
REQ007525,USER000906,16910,2
REQ007526,USER003265,82403,5
REQ007527,USER002316,41292,9
REQ007528,USER008370,49010,7
REQ007529,USER003141,58415,4
REQ007530,USER006046,56802,10
REQ007531,USER007046,12367,2
REQ007532,USER001586,22376,5
REQ007533,USER004796,83779,9
REQ007534,USER004261,63862,9
REQ007535,USER008180,874,3
REQ007536,USER000045,61280,10
REQ007537,USER001573,33457,5
REQ007538,USER006593,74326,4
REQ007539,USER007466,33477,7
REQ007540,USER009031,51492,6
REQ007541,USER004538,72265,8
REQ007542,USER007098,23964,2
REQ007543,USER003501,80045,4
REQ007544,USER002935,78562,1
REQ007545,USER006922,9098,8
REQ007546,USER009608,50231,8
REQ007547,USER000293,14765,4
REQ007548,USER007419,56398,5
REQ007549,USER008379,13394,1
REQ007550,USER000253,53123,4
REQ007551,USER001610,34599,10
REQ007552,USER008399,38233,8
REQ007553,USER009615,72129,3
REQ007554,USER004057,25675,6
REQ007555,USER001238,2423,2
REQ007556,USER008999,50794,3
REQ007557,USER000401,16334,4
REQ007558,USER008302,50331,10
REQ007559,USER004094,45450,4
REQ007560,USER005553,85925,4
REQ007561,USER000077,44801,1
REQ007562,USER001263,64444,10
REQ007563,USER009504,41465,10
REQ007564,USER008893,68191,5
REQ007565,USER008754,7869,2
REQ007566,USER001729,64239,2
REQ007567,USER004694,30766,10
REQ007568,USER003463,26067,7
REQ007569,USER005094,85031,4
REQ007570,USER000388,86340,4
REQ007571,USER009154,30339,5
REQ007572,USER003359,16570,5
REQ007573,USER003610,25660,7
REQ007574,USER006406,46202,6
REQ007575,USER006412,31208,7
REQ007576,USER009421,84488,6
REQ007577,USER007400,75094,10
REQ007578,USER000413,68058,2
REQ007579,USER007805,25719,2
REQ007580,USER009179,41947,4
REQ007581,USER005229,20391,8
REQ007582,USER004806,53019,2
REQ007583,USER005346,57561,9
REQ007584,USER006025,65533,5
REQ007585,USER008165,8497,6
REQ007586,USER004807,86374,10
REQ007587,USER008650,81763,3
REQ007588,USER003859,21257,8
REQ007589,USER005087,16437,4
REQ007590,USER001645,68589,8
REQ007591,USER005883,82534,1
REQ007592,USER005803,18524,9
REQ007593,USER002005,36262,4
REQ007594,USER008805,62867,6
REQ007595,USER001293,6458,1
REQ007596,USER006494,319,10
REQ007597,USER006569,84218,8
REQ007598,USER009029,56807,3
REQ007599,USER001425,26684,3
REQ007600,USER004055,10928,4
REQ007601,USER007842,1240,7
REQ007602,USER008003,79432,8
REQ007603,USER009117,47270,8
REQ007604,USER005748,27326,2
REQ007605,USER001344,43343,2
REQ007606,USER000068,16061,8
REQ007607,USER007145,312,7
REQ007608,USER001449,80723,2
REQ007609,USER009034,55238,8
REQ007610,USER000145,53768,8
REQ007611,USER009355,54952,3
REQ007612,USER005428,13770,10
REQ007613,USER000451,69978,7
REQ007614,USER001085,85947,1
REQ007615,USER000436,20160,8
REQ007616,USER005695,48237,2
REQ007617,USER004057,51350,7
REQ007618,USER002445,67430,1
REQ007619,USER001114,19347,3
REQ007620,USER006187,51755,1
REQ007621,USER004874,56088,5
REQ007622,USER005758,71554,8
REQ007623,USER006149,52638,4
REQ007624,USER009797,75915,8
REQ007625,USER006363,23338,4
REQ007626,USER002247,40645,9
REQ007627,USER001453,75961,7
REQ007628,USER005176,66865,4
REQ007629,USER000558,72856,3
REQ007630,USER006933,25732,5
REQ007631,USER009638,2503,8
REQ007632,USER004215,41186,7
REQ007633,USER004864,34991,10
REQ007634,USER001139,54358,2
REQ007635,USER009035,23273,4
REQ007636,USER009763,50357,8
REQ007637,USER008585,56466,8
REQ007638,USER002458,59197,7
REQ007639,USER008585,21689,1
REQ007640,USER006367,76436,10
REQ007641,USER006419,48999,9
REQ007642,USER006977,21983,8
REQ007643,USER005836,78122,2
REQ007644,USER004718,34783,1
REQ007645,USER001673,83754,10
REQ007646,USER006477,63578,8
REQ007647,USER000669,76020,4
REQ007648,USER004300,51354,10
REQ007649,USER008178,3256,5
REQ007650,USER009156,33721,9
REQ007651,USER006136,11394,5
REQ007652,USER007809,1851,8
REQ007653,USER009898,67678,10
REQ007654,USER007128,15247,10
REQ007655,USER005549,50429,1
REQ007656,USER002850,11735,8
REQ007657,USER008483,42457,8
REQ007658,USER003875,37631,7
REQ007659,USER002205,65220,1
REQ007660,USER009567,46974,10
REQ007661,USER005884,26471,8
REQ007662,USER005869,54869,9
REQ007663,USER000706,27328,7
REQ007664,USER005364,34038,4
REQ007665,USER009840,79351,10
REQ007666,USER009939,4145,4
REQ007667,USER008272,47541,6
REQ007668,USER006347,27990,1
REQ007669,USER005314,43609,3
REQ007670,USER008147,41700,4
REQ007671,USER000246,58729,2
REQ007672,USER003411,51217,6
REQ007673,USER008280,2902,6
REQ007674,USER004784,10563,4
REQ007675,USER003565,80322,1
REQ007676,USER006282,54383,4
REQ007677,USER008913,31128,6
REQ007678,USER009415,58558,1
REQ007679,USER001769,68178,2
REQ007680,USER007921,77659,1
REQ007681,USER006464,67907,2
REQ007682,USER000916,50452,8
REQ007683,USER001401,78095,8
REQ007684,USER008821,57003,6
REQ007685,USER008218,28584,8
REQ007686,USER003323,59443,5
REQ007687,USER006501,65203,1
REQ007688,USER003524,80955,1
REQ007689,USER000224,67975,1
REQ007690,USER001816,35156,1
REQ007691,USER003758,53458,10
REQ007692,USER008483,60636,8
REQ007693,USER007631,69769,1
REQ007694,USER006859,5485,3
REQ007695,USER008454,81046,10
REQ007696,USER001432,36814,9
REQ007697,USER004665,39655,6
REQ007698,USER001213,54439,9
REQ007699,USER004410,11618,10
REQ007700,USER005076,57489,4
REQ007701,USER000448,58883,6
REQ007702,USER000642,67105,6
REQ007703,USER006197,18293,5
REQ007704,USER009903,58742,8
REQ007705,USER000017,19383,4
REQ007706,USER004255,752,3
REQ007707,USER003836,37669,1
REQ007708,USER006172,44176,9
REQ007709,USER002621,37206,6
REQ007710,USER003251,44961,10
REQ007711,USER005633,26502,5
REQ007712,USER002831,66588,9
REQ007713,USER005082,70866,8
REQ007714,USER001605,33972,8
REQ007715,USER006765,80416,6
REQ007716,USER008505,24213,4
REQ007717,USER004206,23947,7
REQ007718,USER008939,66304,5
REQ007719,USER003822,11273,10
REQ007720,USER008101,67206,1
REQ007721,USER005145,45972,6
REQ007722,USER009193,59484,5
REQ007723,USER000673,22861,2
REQ007724,USER004241,2192,1
REQ007725,USER000863,17697,3
REQ007726,USER008712,30142,6
REQ007727,USER004832,36669,7
REQ007728,USER008956,47900,4
REQ007729,USER007041,4421,4
REQ007730,USER000011,19146,1
REQ007731,USER008252,41717,2
REQ007732,USER005004,29973,2
REQ007733,USER008271,45183,4
REQ007734,USER000605,23240,2
REQ007735,USER005570,11683,10
REQ007736,USER008247,27835,1
REQ007737,USER006271,40026,3
REQ007738,USER006275,82543,6
REQ007739,USER003818,83648,8
REQ007740,USER006060,62906,6
REQ007741,USER000974,70447,4
REQ007742,USER005312,46573,8
REQ007743,USER009744,29879,8
REQ007744,USER007213,63639,7
REQ007745,USER000959,48322,1
REQ007746,USER003107,52083,7
REQ007747,USER007424,78602,7
REQ007748,USER002236,48993,3
REQ007749,USER002084,25693,10
REQ007750,USER004468,40000,6
REQ007751,USER007008,68826,3
REQ007752,USER002939,12549,3
REQ007753,USER000986,8895,10
REQ007754,USER003580,71518,4
REQ007755,USER007282,24176,2
REQ007756,USER001276,2267,10
REQ007757,USER003992,43178,8
REQ007758,USER008124,73151,9
REQ007759,USER006507,68075,7
REQ007760,USER005881,340,10
REQ007761,USER005444,2371,8
REQ007762,USER008320,80225,8
REQ007763,USER002073,44451,10
REQ007764,USER009298,18981,7
REQ007765,USER008560,44468,8
REQ007766,USER002559,55186,4
REQ007767,USER006033,18886,10
REQ007768,USER002470,53994,1
REQ007769,USER001817,5873,3
REQ007770,USER004893,62999,7
REQ007771,USER005970,11435,5
REQ007772,USER004622,19320,9
REQ007773,USER003307,54435,3
REQ007774,USER006815,25383,1
REQ007775,USER007112,3907,9
REQ007776,USER009108,56136,9
REQ007777,USER008673,79334,2
REQ007778,USER007248,6458,1
REQ007779,USER001515,75183,3
REQ007780,USER001511,7602,9
REQ007781,USER003142,18965,1
REQ007782,USER001789,73681,2
REQ007783,USER007101,57102,9
REQ007784,USER003360,54203,6
REQ007785,USER001785,79770,1
REQ007786,USER003098,51837,9
REQ007787,USER003123,15107,6
REQ007788,USER003335,15503,5
REQ007789,USER005874,45393,3
REQ007790,USER002777,51720,1
REQ007791,USER004378,46836,2
REQ007792,USER008427,29432,3
REQ007793,USER001246,27137,5
REQ007794,USER006506,77540,3
REQ007795,USER004815,9715,6
REQ007796,USER000406,53355,6
REQ007797,USER002205,15855,9
REQ007798,USER000693,17889,6
REQ007799,USER004838,32345,8
REQ007800,USER008167,64512,7
REQ007801,USER007218,41051,6
REQ007802,USER007228,16372,1
REQ007803,USER000294,11888,7
REQ007804,USER000752,51820,3
REQ007805,USER007154,35021,5
REQ007806,USER002054,26159,1
REQ007807,USER005975,60304,5
REQ007808,USER004185,6416,10
REQ007809,USER005151,4018,3
REQ007810,USER004063,25726,8
REQ007811,USER000079,5528,8
REQ007812,USER003047,71703,1
REQ007813,USER002261,82429,10
REQ007814,USER009385,24304,5
REQ007815,USER001778,50252,8
REQ007816,USER001707,68579,4
REQ007817,USER002027,67018,5
REQ007818,USER000957,34816,8
REQ007819,USER006762,6061,1
REQ007820,USER009479,49989,3
REQ007821,USER003919,42156,4
REQ007822,USER002789,34955,4
REQ007823,USER005080,37903,7
REQ007824,USER009303,81413,3
REQ007825,USER008316,43360,9
REQ007826,USER003588,55975,2
REQ007827,USER005527,12784,8
REQ007828,USER008711,13120,2
REQ007829,USER009108,56758,8
REQ007830,USER006488,51007,7
REQ007831,USER004108,17341,5
REQ007832,USER009092,53578,4
REQ007833,USER009037,28597,4
REQ007834,USER001715,64527,2
REQ007835,USER004937,28157,10
REQ007836,USER007557,57822,1
REQ007837,USER002052,50994,8
REQ007838,USER004811,52432,4
REQ007839,USER005185,54599,3
REQ007840,USER007168,84950,9
REQ007841,USER000861,77476,10
REQ007842,USER006393,42181,9
REQ007843,USER001890,631,7
REQ007844,USER008305,71155,8
REQ007845,USER006329,49547,5
REQ007846,USER001971,17384,1
REQ007847,USER006105,64760,6
REQ007848,USER006301,43371,3
REQ007849,USER000809,48575,9
REQ007850,USER007228,71178,1
REQ007851,USER002622,10970,2
REQ007852,USER007633,75708,6
REQ007853,USER003877,22978,1
REQ007854,USER007095,5305,10
REQ007855,USER004116,62603,8
REQ007856,USER006921,58990,7
REQ007857,USER000426,22538,2
REQ007858,USER008869,43804,1
REQ007859,USER000272,9397,3
REQ007860,USER001256,82832,7
REQ007861,USER004248,34602,5
REQ007862,USER005218,49021,2
REQ007863,USER006867,58367,5
REQ007864,USER007909,54183,6
REQ007865,USER001811,285,7
REQ007866,USER005607,36327,6
REQ007867,USER002141,16572,1
REQ007868,USER003526,61426,9
REQ007869,USER000516,26332,10
REQ007870,USER004715,65264,5
REQ007871,USER000817,70465,9
REQ007872,USER001484,76669,3
REQ007873,USER001265,9191,7
REQ007874,USER000681,59907,10
REQ007875,USER007644,53235,5
REQ007876,USER003791,44023,3
REQ007877,USER007115,70409,6
REQ007878,USER003832,78607,2
REQ007879,USER004285,14536,3
REQ007880,USER002541,676,6
REQ007881,USER007487,27936,6
REQ007882,USER001805,52515,6
REQ007883,USER001570,6063,7
REQ007884,USER008822,20194,10
REQ007885,USER008640,2257,8
REQ007886,USER002716,78052,1
REQ007887,USER004291,16100,3
REQ007888,USER006981,16685,6
REQ007889,USER001961,82242,6
REQ007890,USER006916,20847,6
REQ007891,USER007161,7512,2
REQ007892,USER000682,56555,5
REQ007893,USER003821,62442,8
REQ007894,USER009960,72676,2
REQ007895,USER007808,38429,2
REQ007896,USER001803,71463,3
REQ007897,USER008624,53570,3
REQ007898,USER001117,40262,9
REQ007899,USER004405,70792,6
REQ007900,USER009577,38409,5
REQ007901,USER003511,72168,1
REQ007902,USER004982,45952,8
REQ007903,USER009974,46949,4
REQ007904,USER006751,63959,6
REQ007905,USER004489,59232,3
REQ007906,USER003542,77359,7
REQ007907,USER002912,75906,4
REQ007908,USER000642,85250,4
REQ007909,USER007960,83921,9
REQ007910,USER004080,52409,2
REQ007911,USER007005,34212,5
REQ007912,USER009229,57299,1
REQ007913,USER004909,67905,7
REQ007914,USER004334,41034,7
REQ007915,USER001670,75868,2
REQ007916,USER008337,65963,2
REQ007917,USER008260,33894,7
REQ007918,USER009502,58956,9
REQ007919,USER007977,86191,10
REQ007920,USER000140,30177,9
REQ007921,USER009910,61195,10
REQ007922,USER000280,37873,1
REQ007923,USER009664,16438,7
REQ007924,USER007020,36405,6
REQ007925,USER003815,21372,9
REQ007926,USER007501,48412,3
REQ007927,USER000180,84058,8
REQ007928,USER004911,67486,9
REQ007929,USER001629,4672,3
REQ007930,USER009591,81124,2
REQ007931,USER004015,71893,6
REQ007932,USER004852,17066,10
REQ007933,USER007641,63104,9
REQ007934,USER000525,70104,8
REQ007935,USER002622,32206,9
REQ007936,USER001340,75717,7
REQ007937,USER001963,63746,4
REQ007938,USER006594,21419,8
REQ007939,USER007425,28859,5
REQ007940,USER008418,40608,7
REQ007941,USER003472,81811,10
REQ007942,USER005226,17133,6
REQ007943,USER000778,73463,8
REQ007944,USER003360,43359,1
REQ007945,USER005065,85137,9
REQ007946,USER005901,79671,7
REQ007947,USER002693,26119,1
REQ007948,USER002138,47901,5
REQ007949,USER007259,12768,8
REQ007950,USER007334,59895,1
REQ007951,USER005551,36621,4
REQ007952,USER008610,84827,3
REQ007953,USER001049,6483,9
REQ007954,USER007873,16047,6
REQ007955,USER008646,27461,2
REQ007956,USER002184,17171,9
REQ007957,USER005131,15274,6
REQ007958,USER004077,11828,6
REQ007959,USER007194,32080,8
REQ007960,USER007253,32734,6
REQ007961,USER002656,72329,5
REQ007962,USER004202,4835,10
REQ007963,USER008197,37266,6
REQ007964,USER003027,73456,5
REQ007965,USER004649,56612,6
REQ007966,USER003218,27452,8
REQ007967,USER004150,8004,2
REQ007968,USER008880,16380,2
REQ007969,USER003706,71324,6
REQ007970,USER008349,83075,3
REQ007971,USER004753,24561,7
REQ007972,USER003189,54181,8
REQ007973,USER003072,13094,9
REQ007974,USER006491,69200,8
REQ007975,USER007028,33294,4
REQ007976,USER002555,38877,9
REQ007977,USER005041,43564,5
REQ007978,USER005657,6194,3
REQ007979,USER006856,84060,8
REQ007980,USER000808,41114,6
REQ007981,USER006585,48174,8
REQ007982,USER003947,26078,2
REQ007983,USER001915,57690,1
REQ007984,USER007780,13997,9
REQ007985,USER003616,28807,6
REQ007986,USER003992,1721,10
REQ007987,USER001209,55633,9
REQ007988,USER009841,77383,1
REQ007989,USER002976,60769,2
REQ007990,USER000613,34222,3
REQ007991,USER006449,77050,6
REQ007992,USER000315,52215,6
REQ007993,USER005132,41039,8
REQ007994,USER001200,59223,4
REQ007995,USER007376,43555,5
REQ007996,USER002709,43537,4
REQ007997,USER003625,78802,8
REQ007998,USER001820,33378,9
REQ007999,USER002515,40029,6
REQ008000,USER002481,65862,5
REQ008001,USER002562,31041,2
REQ008002,USER002435,45887,8
REQ008003,USER004804,59558,10
REQ008004,USER000925,1915,1
REQ008005,USER004782,79571,9
REQ008006,USER003297,76870,7
REQ008007,USER005323,39146,5
REQ008008,USER001494,60949,1
REQ008009,USER005034,76020,5
REQ008010,USER005573,64331,5
REQ008011,USER008472,20353,4
REQ008012,USER006293,32741,10
REQ008013,USER000593,76439,9
REQ008014,USER007209,17800,2
REQ008015,USER004296,83214,1
REQ008016,USER004314,28519,9
REQ008017,USER006834,76193,5
REQ008018,USER002700,22352,2
REQ008019,USER002358,55513,2
REQ008020,USER004952,27273,5
REQ008021,USER005440,67505,6
REQ008022,USER007109,37506,10
REQ008023,USER001299,3321,7
REQ008024,USER005091,74607,6
REQ008025,USER009483,18522,9
REQ008026,USER001926,77657,6
REQ008027,USER005128,57728,6
REQ008028,USER002041,2252,2
REQ008029,USER008734,77578,1
REQ008030,USER007647,26391,2
REQ008031,USER002289,18037,9
REQ008032,USER002201,73840,4
REQ008033,USER000079,77427,4
REQ008034,USER008074,81287,1
REQ008035,USER006219,77307,2
REQ008036,USER008369,48490,6
REQ008037,USER002949,42709,1
REQ008038,USER008106,9634,6
REQ008039,USER006950,49008,4
REQ008040,USER004592,21142,8
REQ008041,USER009626,72337,7
REQ008042,USER001973,75260,1
REQ008043,USER008829,1517,2
REQ008044,USER006132,29420,4
REQ008045,USER006226,50728,3
REQ008046,USER007662,75527,4
REQ008047,USER000844,53956,6
REQ008048,USER001676,42351,3
REQ008049,USER005057,73667,8
REQ008050,USER001517,67475,10
REQ008051,USER004230,47306,2
REQ008052,USER003949,73612,8
REQ008053,USER007051,28267,3
REQ008054,USER007368,40939,4
REQ008055,USER003153,19791,1
REQ008056,USER001028,39806,8
REQ008057,USER008972,24351,6
REQ008058,USER002394,37243,7
REQ008059,USER005522,9206,1
REQ008060,USER007890,4597,10
REQ008061,USER007879,72950,10
REQ008062,USER007854,34839,3
REQ008063,USER009482,68150,4
REQ008064,USER003378,26492,1
REQ008065,USER008928,36601,9
REQ008066,USER009550,43349,6
REQ008067,USER005954,35093,6
REQ008068,USER003535,11316,10
REQ008069,USER002178,21727,7
REQ008070,USER005961,69838,8
REQ008071,USER005167,68482,1
REQ008072,USER004130,25705,10
REQ008073,USER008500,12499,8
REQ008074,USER006654,60291,5
REQ008075,USER009250,56319,5
REQ008076,USER008490,40674,4
REQ008077,USER000910,34391,8
REQ008078,USER003489,23244,6
REQ008079,USER000209,17755,1
REQ008080,USER003546,38695,1
REQ008081,USER002783,38233,7
REQ008082,USER003357,13400,7
REQ008083,USER000258,58872,8
REQ008084,USER008545,60822,3
REQ008085,USER008369,32157,1
REQ008086,USER006037,64011,5
REQ008087,USER001881,28169,3
REQ008088,USER008318,44891,4
REQ008089,USER009367,1920,8
REQ008090,USER000351,39203,3
REQ008091,USER004330,66763,9
REQ008092,USER009980,35521,10
REQ008093,USER009535,6629,2
REQ008094,USER003284,58844,9
REQ008095,USER007823,39218,2
REQ008096,USER007823,61098,10
REQ008097,USER008238,85358,4
REQ008098,USER006089,49088,3
REQ008099,USER002165,65123,1
REQ008100,USER008199,54713,8
REQ008101,USER003064,3441,3
REQ008102,USER009239,44685,2
REQ008103,USER009150,45048,4
REQ008104,USER008112,15395,3
REQ008105,USER000603,25046,10
REQ008106,USER008187,31136,7
REQ008107,USER000197,18268,8
REQ008108,USER009163,31940,3
REQ008109,USER006634,71797,8
REQ008110,USER009970,12286,7
REQ008111,USER009935,68303,6
REQ008112,USER003599,76648,5
REQ008113,USER009932,24982,6
REQ008114,USER001720,61473,1
REQ008115,USER006251,18647,7
REQ008116,USER001591,58691,1
REQ008117,USER007264,5623,8
REQ008118,USER007083,78000,5
REQ008119,USER007900,65607,3
REQ008120,USER009972,77354,4
REQ008121,USER007244,75380,7
REQ008122,USER007670,45627,7
REQ008123,USER005237,30987,8
REQ008124,USER008169,59296,2
REQ008125,USER008814,54734,3
REQ008126,USER003142,34902,6
REQ008127,USER000595,60618,1
REQ008128,USER004504,46821,7
REQ008129,USER006929,79076,4
REQ008130,USER009804,17504,9
REQ008131,USER007594,33514,2
REQ008132,USER007367,66532,1
REQ008133,USER005435,65441,8
REQ008134,USER002323,68055,8
REQ008135,USER004727,86183,6
REQ008136,USER000040,72414,9
REQ008137,USER008888,4349,9
REQ008138,USER005596,64737,4
REQ008139,USER005271,41939,6
REQ008140,USER000721,84170,9
REQ008141,USER003912,82473,10
REQ008142,USER008283,18266,9
REQ008143,USER008314,34001,6
REQ008144,USER000249,22488,1
REQ008145,USER003340,61547,6
REQ008146,USER006667,72808,6
REQ008147,USER003308,38367,8
REQ008148,USER005925,76850,4
REQ008149,USER005239,84941,8
REQ008150,USER002681,58651,6
REQ008151,USER002224,23508,4
REQ008152,USER003889,10247,7
REQ008153,USER000150,2230,9
REQ008154,USER009250,57431,1
REQ008155,USER009036,1086,1
REQ008156,USER009301,10872,2
REQ008157,USER003711,52775,3
REQ008158,USER003592,13354,6
REQ008159,USER009781,38596,8
REQ008160,USER000478,33113,8
REQ008161,USER004702,86284,3
REQ008162,USER000523,20266,8
REQ008163,USER005452,3114,10
REQ008164,USER001954,62061,2
REQ008165,USER004244,36705,10
REQ008166,USER005671,65768,4
REQ008167,USER009510,14876,3
REQ008168,USER002389,49771,9
REQ008169,USER006732,41396,4
REQ008170,USER000103,60362,1
REQ008171,USER004900,22615,10
REQ008172,USER008357,66921,6
REQ008173,USER003025,31642,4
REQ008174,USER003751,30454,8
REQ008175,USER005960,42215,6
REQ008176,USER008583,1526,2
REQ008177,USER004043,35583,9
REQ008178,USER002847,70598,10
REQ008179,USER008357,32646,1
REQ008180,USER002815,7378,3
REQ008181,USER005395,25330,6
REQ008182,USER001423,48513,7
REQ008183,USER004111,44992,1
REQ008184,USER005942,71335,7
REQ008185,USER006462,81632,10
REQ008186,USER006129,42444,6
REQ008187,USER000219,34829,7
REQ008188,USER008536,55683,2
REQ008189,USER005800,36108,5
REQ008190,USER002585,50045,3
REQ008191,USER009862,20006,4
REQ008192,USER000097,55724,9
REQ008193,USER004760,61847,1
REQ008194,USER005129,33403,7
REQ008195,USER009880,15971,9
REQ008196,USER005199,27668,5
REQ008197,USER001283,52175,7
REQ008198,USER004248,70802,8
REQ008199,USER006110,70455,6
REQ008200,USER006729,53429,7
REQ008201,USER001396,46222,5
REQ008202,USER009316,7243,2
REQ008203,USER008010,62594,2
REQ008204,USER003566,56593,10
REQ008205,USER002839,65709,8
REQ008206,USER005798,75745,10
REQ008207,USER002652,47218,3
REQ008208,USER001064,62200,9
REQ008209,USER001215,23147,1
REQ008210,USER001728,29849,8
REQ008211,USER008964,60669,7
REQ008212,USER000535,37257,10
REQ008213,USER000971,57966,10
REQ008214,USER006744,67392,7
REQ008215,USER001874,5223,2
REQ008216,USER008004,13339,8
REQ008217,USER009338,62410,8
REQ008218,USER004686,15333,7
REQ008219,USER002398,76785,5
REQ008220,USER007611,11859,8
REQ008221,USER007764,46891,10
REQ008222,USER006237,70030,9
REQ008223,USER008532,12861,8
REQ008224,USER007919,47541,10
REQ008225,USER002637,57554,6
REQ008226,USER001574,19118,1
REQ008227,USER000047,22105,8
REQ008228,USER000341,15138,5
REQ008229,USER001490,22118,6
REQ008230,USER009337,42989,4
REQ008231,USER008009,68600,1
REQ008232,USER006429,65770,9
REQ008233,USER000116,26768,2
REQ008234,USER006171,40438,7
REQ008235,USER009019,67375,2
REQ008236,USER001631,34370,7
REQ008237,USER005745,46204,8
REQ008238,USER002939,28288,10
REQ008239,USER004951,9797,5
REQ008240,USER000881,50665,8
REQ008241,USER004207,11513,10
REQ008242,USER002742,70627,8
REQ008243,USER006018,36454,7
REQ008244,USER003826,27672,2
REQ008245,USER006746,47489,10
REQ008246,USER005842,14470,8
REQ008247,USER002579,74424,4
REQ008248,USER007334,5028,3
REQ008249,USER006218,75025,1
REQ008250,USER000254,34614,7
REQ008251,USER004313,42421,2
REQ008252,USER005074,73234,4
REQ008253,USER009733,9359,9
REQ008254,USER003326,48220,5
REQ008255,USER009232,33360,8
REQ008256,USER006284,82519,8
REQ008257,USER007677,46724,8
REQ008258,USER002978,63357,7
REQ008259,USER006292,14138,10
REQ008260,USER000644,59566,7
REQ008261,USER000706,50883,4
REQ008262,USER004929,32949,10
REQ008263,USER006973,79071,7
REQ008264,USER004549,42036,7
REQ008265,USER001932,32564,2
REQ008266,USER000105,53468,1
REQ008267,USER008353,49717,10
REQ008268,USER000942,4166,3
REQ008269,USER005078,15073,1
REQ008270,USER008567,47885,4
REQ008271,USER001791,36606,7
REQ008272,USER008177,903,6
REQ008273,USER009289,85395,9
REQ008274,USER003551,39165,1
REQ008275,USER003120,42795,8
REQ008276,USER001844,64955,9
REQ008277,USER004419,44352,9
REQ008278,USER009561,45670,1
REQ008279,USER004074,52149,4
REQ008280,USER004670,40252,3
REQ008281,USER007654,25608,3
REQ008282,USER005906,20625,8
REQ008283,USER001216,47629,2
REQ008284,USER006812,81909,7
REQ008285,USER008936,7193,2
REQ008286,USER006695,12915,6
REQ008287,USER009787,40867,9
REQ008288,USER009907,58281,4
REQ008289,USER008668,79441,8
REQ008290,USER004196,1083,2
REQ008291,USER006333,24771,3
REQ008292,USER000543,58628,5
REQ008293,USER007557,20506,10
REQ008294,USER009933,2317,6
REQ008295,USER000160,2519,6
REQ008296,USER008942,17491,3
REQ008297,USER002750,69525,5
REQ008298,USER005274,5922,5
REQ008299,USER008133,3933,4
REQ008300,USER005164,61925,2
REQ008301,USER001676,42749,9
REQ008302,USER005947,71389,7
REQ008303,USER007057,80510,7
REQ008304,USER003055,75088,9
REQ008305,USER007693,48568,4
REQ008306,USER002306,26096,8
REQ008307,USER002838,51221,4
REQ008308,USER009680,48856,10
REQ008309,USER007097,62006,5
REQ008310,USER008683,36077,3
REQ008311,USER002355,12818,1
REQ008312,USER006225,41361,5
REQ008313,USER007497,82477,8
REQ008314,USER007273,34342,8
REQ008315,USER004041,58906,8
REQ008316,USER005771,37734,5
REQ008317,USER009896,28136,2
REQ008318,USER005159,29440,7
REQ008319,USER007461,12981,1
REQ008320,USER002320,47459,8
REQ008321,USER007982,81010,3
REQ008322,USER006999,31954,8
REQ008323,USER009526,19827,9
REQ008324,USER009603,10479,4
REQ008325,USER007530,73831,1
REQ008326,USER003322,23059,2
REQ008327,USER000525,51757,10
REQ008328,USER007941,27095,8
REQ008329,USER008617,13462,6
REQ008330,USER005786,11187,9
REQ008331,USER005121,43003,10
REQ008332,USER002260,38703,5
REQ008333,USER009111,71336,1
REQ008334,USER004698,33817,6
REQ008335,USER009156,20321,3
REQ008336,USER002544,21215,7
REQ008337,USER006350,29337,10
REQ008338,USER007154,32550,1
REQ008339,USER005443,60329,2
REQ008340,USER006072,75976,6
REQ008341,USER007493,19403,4
REQ008342,USER003728,10526,4
REQ008343,USER005678,12484,10
REQ008344,USER005709,74792,6
REQ008345,USER003213,80269,6
REQ008346,USER000010,68448,4
REQ008347,USER009842,51480,2
REQ008348,USER002707,60855,10
REQ008349,USER000173,78098,10
REQ008350,USER000811,67644,1
REQ008351,USER000167,43392,5
REQ008352,USER001133,42092,9
REQ008353,USER006455,80030,2
REQ008354,USER002144,2893,3
REQ008355,USER007097,24170,3
REQ008356,USER001215,84814,5
REQ008357,USER002996,36,1
REQ008358,USER006372,2821,8
REQ008359,USER001039,39974,9
REQ008360,USER003928,3707,8
REQ008361,USER003224,25044,8
REQ008362,USER007195,49145,4
REQ008363,USER002988,61891,2
REQ008364,USER005449,37064,8
REQ008365,USER003766,43416,2
REQ008366,USER002997,28491,10
REQ008367,USER008820,63134,2
REQ008368,USER000929,10730,4
REQ008369,USER005418,32714,6
REQ008370,USER001156,23580,1
REQ008371,USER003570,647,4
REQ008372,USER005538,72661,7
REQ008373,USER008094,81032,5
REQ008374,USER006548,72577,4
REQ008375,USER001216,21150,2
REQ008376,USER003652,76980,5
REQ008377,USER006613,43505,6
REQ008378,USER000917,15059,7
REQ008379,USER001386,70154,2
REQ008380,USER002366,19869,8
REQ008381,USER004856,51224,2
REQ008382,USER007607,67163,6
REQ008383,USER002588,39002,8
REQ008384,USER005750,73509,8
REQ008385,USER002968,78121,7
REQ008386,USER009576,52409,3
REQ008387,USER004273,29345,3
REQ008388,USER000274,6557,9
REQ008389,USER009248,45326,3
REQ008390,USER000092,731,4
REQ008391,USER005296,49952,3
REQ008392,USER003959,56797,7
REQ008393,USER009449,11169,10
REQ008394,USER003102,51593,2
REQ008395,USER006536,62834,8
REQ008396,USER004899,72986,8
REQ008397,USER008614,15964,3
REQ008398,USER009397,6467,9
REQ008399,USER003004,35220,3
REQ008400,USER004273,68460,2
REQ008401,USER002757,13911,5
REQ008402,USER006811,44762,7
REQ008403,USER007942,68601,1
REQ008404,USER008457,72818,9
REQ008405,USER002618,33683,2
REQ008406,USER006580,46146,1
REQ008407,USER001052,8039,3
REQ008408,USER000737,44205,6
REQ008409,USER008920,74890,1
REQ008410,USER009171,79728,3
REQ008411,USER001325,17423,1
REQ008412,USER005241,65848,5
REQ008413,USER009431,20917,6
REQ008414,USER007255,49513,9
REQ008415,USER002861,83692,7
REQ008416,USER008756,7163,1
REQ008417,USER000416,85227,8
REQ008418,USER002989,59819,6
REQ008419,USER007147,28062,4
REQ008420,USER006018,23004,8
REQ008421,USER005904,85392,3
REQ008422,USER007678,23955,10
REQ008423,USER000029,39403,1
REQ008424,USER003682,22992,9
REQ008425,USER004427,11038,2
REQ008426,USER001148,10009,5
REQ008427,USER004223,43984,7
REQ008428,USER009322,52443,10
REQ008429,USER004961,46234,4
REQ008430,USER004622,30503,6
REQ008431,USER007019,38114,1
REQ008432,USER008149,31688,2
REQ008433,USER004627,12265,2
REQ008434,USER009039,44550,4
REQ008435,USER002661,37135,6
REQ008436,USER005935,21134,2
REQ008437,USER007521,50193,5
REQ008438,USER006795,43788,7
REQ008439,USER007901,22862,7
REQ008440,USER008049,63199,1
REQ008441,USER003166,72286,8
REQ008442,USER009029,42076,7
REQ008443,USER003405,60944,7
REQ008444,USER009460,27524,5
REQ008445,USER005161,85523,2
REQ008446,USER001953,41996,7
REQ008447,USER000374,41784,4
REQ008448,USER005744,26760,3
REQ008449,USER005190,82496,8
REQ008450,USER009794,65118,5
REQ008451,USER004877,1244,10
REQ008452,USER006657,67462,5
REQ008453,USER004255,58590,10
REQ008454,USER001173,21094,9
REQ008455,USER000012,64878,5
REQ008456,USER001730,61445,10
REQ008457,USER001142,17543,6
REQ008458,USER001422,81147,9
REQ008459,USER000287,1566,8
REQ008460,USER003549,44962,2
REQ008461,USER004138,61049,2
REQ008462,USER003256,3289,8
REQ008463,USER004295,45782,5
REQ008464,USER007375,52296,6
REQ008465,USER007708,42380,1
REQ008466,USER009863,36938,1
REQ008467,USER003917,27396,6
REQ008468,USER004046,46786,4
REQ008469,USER003759,32477,9
REQ008470,USER009398,42919,2
REQ008471,USER002003,6475,6
REQ008472,USER009016,19936,2
REQ008473,USER009131,33936,8
REQ008474,USER009522,57968,1
REQ008475,USER008991,43287,7
REQ008476,USER000260,18400,5
REQ008477,USER009229,78916,5
REQ008478,USER006721,30430,5
REQ008479,USER002497,31059,3
REQ008480,USER002059,63674,9
REQ008481,USER005927,13252,2
REQ008482,USER001848,41171,7
REQ008483,USER003304,18880,3
REQ008484,USER009016,9925,10
REQ008485,USER003615,46609,6
REQ008486,USER002337,42328,3
REQ008487,USER002734,26285,10
REQ008488,USER005202,78571,6
REQ008489,USER001790,79775,9
REQ008490,USER006536,27087,2
REQ008491,USER007739,23100,2
REQ008492,USER005661,43714,7
REQ008493,USER004121,44644,2
REQ008494,USER000452,25713,10
REQ008495,USER001831,6091,5
REQ008496,USER009838,43061,9
REQ008497,USER001345,15198,1
REQ008498,USER003087,25623,4
REQ008499,USER009343,51089,6
REQ008500,USER000289,80691,4
REQ008501,USER003476,52165,10
REQ008502,USER005436,77645,7
REQ008503,USER009534,72158,9
REQ008504,USER006863,17031,8
REQ008505,USER009532,6389,5
REQ008506,USER000326,6843,1
REQ008507,USER005904,7321,1
REQ008508,USER009372,60699,10
REQ008509,USER006880,85007,4
REQ008510,USER008617,29161,9
REQ008511,USER005041,75170,2
REQ008512,USER000138,32273,2
REQ008513,USER002623,41493,6
REQ008514,USER004995,15178,10
REQ008515,USER006420,25957,8
REQ008516,USER002447,54143,8
REQ008517,USER000288,62455,5
REQ008518,USER009146,49351,2
REQ008519,USER001167,20649,2
REQ008520,USER004241,83746,9
REQ008521,USER004260,40102,4
REQ008522,USER004129,50382,5
REQ008523,USER003354,34063,7
REQ008524,USER004738,12298,8
REQ008525,USER009678,62644,2
REQ008526,USER004521,39349,6
REQ008527,USER006178,54139,4
REQ008528,USER006587,62603,5
REQ008529,USER001678,67317,10
REQ008530,USER002097,63560,3
REQ008531,USER002250,40440,8
REQ008532,USER005453,49552,10
REQ008533,USER007001,56627,4
REQ008534,USER000456,14956,3
REQ008535,USER009441,2471,8
REQ008536,USER007490,7210,10
REQ008537,USER002820,20044,8
REQ008538,USER001000,593,5
REQ008539,USER004676,50094,9
REQ008540,USER003654,32072,8
REQ008541,USER002764,8164,4
REQ008542,USER005451,44461,5
REQ008543,USER004634,46675,7
REQ008544,USER005449,48630,7
REQ008545,USER002627,14616,8
REQ008546,USER001053,29701,9
REQ008547,USER000421,68979,1
REQ008548,USER008027,85130,7
REQ008549,USER007593,66175,7
REQ008550,USER008348,12072,3
REQ008551,USER001160,73592,3
REQ008552,USER005657,54194,5
REQ008553,USER001525,55119,10
REQ008554,USER003551,22936,5
REQ008555,USER005500,17816,9
REQ008556,USER006076,73541,7
REQ008557,USER001666,70963,7
REQ008558,USER001168,15443,3
REQ008559,USER006769,85171,7
REQ008560,USER007772,27606,9
REQ008561,USER002471,32783,8
REQ008562,USER005145,36654,5
REQ008563,USER000802,78919,7
REQ008564,USER004095,8387,4
REQ008565,USER001653,9322,3
REQ008566,USER007286,13270,7
REQ008567,USER009550,83966,10
REQ008568,USER007768,22753,5
REQ008569,USER000684,83282,7
REQ008570,USER004922,2592,10
REQ008571,USER009706,86090,4
REQ008572,USER000120,22347,10
REQ008573,USER001869,64427,8
REQ008574,USER003042,83065,2
REQ008575,USER002156,13577,4
REQ008576,USER006436,27135,2
REQ008577,USER006220,54177,3
REQ008578,USER001477,44404,10
REQ008579,USER006492,42344,4
REQ008580,USER008716,84936,2
REQ008581,USER006692,69699,8
REQ008582,USER008950,44239,3
REQ008583,USER004772,76171,7
REQ008584,USER000021,67338,4
REQ008585,USER009169,70859,5
REQ008586,USER006040,10360,6
REQ008587,USER005309,750,10
REQ008588,USER005533,80160,5
REQ008589,USER006700,84173,4
REQ008590,USER000298,21407,4
REQ008591,USER004389,5864,4
REQ008592,USER002529,81194,4
REQ008593,USER008944,52851,9
REQ008594,USER009708,54317,7
REQ008595,USER009737,59389,5
REQ008596,USER005403,66704,7
REQ008597,USER004705,54566,4
REQ008598,USER008577,307,10
REQ008599,USER007992,45414,5
REQ008600,USER001822,79590,6
REQ008601,USER001436,81238,3
REQ008602,USER007274,57841,5
REQ008603,USER002369,64610,7
REQ008604,USER001928,28438,4
REQ008605,USER005882,22172,6
REQ008606,USER001446,24251,8
REQ008607,USER005247,53310,9
REQ008608,USER004650,75969,8
REQ008609,USER006152,43405,5
REQ008610,USER008628,53193,7
REQ008611,USER001959,488,4
REQ008612,USER004960,50912,7
REQ008613,USER008320,49422,4
REQ008614,USER006853,56968,4
REQ008615,USER001219,10896,7
REQ008616,USER005251,78774,5
REQ008617,USER002425,22283,3
REQ008618,USER001601,24422,8
REQ008619,USER003708,1116,8
REQ008620,USER006917,68052,4
REQ008621,USER000656,18056,1
REQ008622,USER006974,28317,3
REQ008623,USER006266,9887,1
REQ008624,USER007631,26485,10
REQ008625,USER008267,4902,4
REQ008626,USER007081,11214,4
REQ008627,USER001604,68978,8
REQ008628,USER005836,1734,6
REQ008629,USER000469,16901,4
REQ008630,USER004263,80437,6
REQ008631,USER005996,75129,5
REQ008632,USER003561,54883,10
REQ008633,USER009717,71998,6
REQ008634,USER000763,70655,4
REQ008635,USER004591,38754,3
REQ008636,USER007172,3637,1
REQ008637,USER000357,11920,8
REQ008638,USER003447,25033,4
REQ008639,USER005529,26699,7
REQ008640,USER002406,34738,5
REQ008641,USER000981,81133,8
REQ008642,USER008293,51068,2
REQ008643,USER008871,29342,3
REQ008644,USER003301,60267,6
REQ008645,USER009538,30700,1
REQ008646,USER006108,70531,4
REQ008647,USER003893,13380,9
REQ008648,USER002481,10358,8
REQ008649,USER008876,36622,3
REQ008650,USER005569,31777,10
REQ008651,USER007767,44068,5
REQ008652,USER007488,1757,10
REQ008653,USER001779,70435,5
REQ008654,USER009631,19109,2
REQ008655,USER007575,44254,10
REQ008656,USER008558,75466,2
REQ008657,USER003666,53819,7
REQ008658,USER005052,7883,7
REQ008659,USER001714,61778,6
REQ008660,USER004898,48431,7
REQ008661,USER005055,76444,8
REQ008662,USER007241,51041,6
REQ008663,USER006848,18109,9
REQ008664,USER006970,48725,5
REQ008665,USER003974,793,2
REQ008666,USER000734,29540,7
REQ008667,USER007361,8009,4
REQ008668,USER004499,86374,6
REQ008669,USER004092,1092,1
REQ008670,USER005173,38559,6
REQ008671,USER003391,80016,8
REQ008672,USER001651,11858,5
REQ008673,USER006063,78507,7
REQ008674,USER005996,74936,1
REQ008675,USER005360,29577,3
REQ008676,USER002438,57621,1
REQ008677,USER008376,65882,7
REQ008678,USER009808,9032,10
REQ008679,USER004681,28934,2
REQ008680,USER000816,50834,1
REQ008681,USER003160,71417,8
REQ008682,USER002622,55271,10
REQ008683,USER006056,56734,4
REQ008684,USER003789,69613,6
REQ008685,USER002263,36205,4
REQ008686,USER007696,63297,3
REQ008687,USER008606,15264,8
REQ008688,USER008831,60378,3
REQ008689,USER003599,77280,1
REQ008690,USER003078,29065,9
REQ008691,USER006644,85717,7
REQ008692,USER003525,41837,4
REQ008693,USER001542,18758,4
REQ008694,USER007777,78020,8
REQ008695,USER002537,75102,1
REQ008696,USER000816,48072,3
REQ008697,USER005881,78200,2
REQ008698,USER006938,80217,8
REQ008699,USER006028,21876,9
REQ008700,USER002667,71730,2
REQ008701,USER004066,55811,6
REQ008702,USER001837,55971,3
REQ008703,USER008821,81402,3
REQ008704,USER000966,83085,8
REQ008705,USER005681,19923,5
REQ008706,USER008384,45929,6
REQ008707,USER009013,79648,5
REQ008708,USER008264,68040,3
REQ008709,USER003303,39944,7
REQ008710,USER007996,7045,3
REQ008711,USER006134,33795,8
REQ008712,USER000078,80618,7
REQ008713,USER006454,19074,10
REQ008714,USER004945,81613,8
REQ008715,USER000903,4902,8
REQ008716,USER007698,44383,4
REQ008717,USER009406,5407,8
REQ008718,USER001811,3921,8
REQ008719,USER002748,69799,4
REQ008720,USER006223,23199,10
REQ008721,USER004133,40633,8
REQ008722,USER008450,25825,7
REQ008723,USER004044,82587,7
REQ008724,USER006719,39011,7
REQ008725,USER003171,53673,3
REQ008726,USER002679,72107,8
REQ008727,USER006922,15468,2
REQ008728,USER000566,17929,7
REQ008729,USER006457,77558,6
REQ008730,USER008495,73615,2
REQ008731,USER001938,57592,10
REQ008732,USER009127,10107,7
REQ008733,USER001196,85885,9
REQ008734,USER002645,74418,3
REQ008735,USER003451,32962,10
REQ008736,USER007148,42317,9
REQ008737,USER004539,26262,9
REQ008738,USER008185,73868,6
REQ008739,USER006750,38232,10
REQ008740,USER000591,79575,6
REQ008741,USER009371,36544,2
REQ008742,USER002438,83192,5
REQ008743,USER008302,68080,7
REQ008744,USER003285,10091,7
REQ008745,USER004863,7636,9
REQ008746,USER009267,59519,7
REQ008747,USER005471,1446,7
REQ008748,USER003997,54092,6
REQ008749,USER006228,36309,8
REQ008750,USER002417,23351,4
REQ008751,USER009858,23763,5
REQ008752,USER006629,12374,9
REQ008753,USER002901,31572,7
REQ008754,USER005711,38616,1
REQ008755,USER004809,47439,10
REQ008756,USER007671,55629,7
REQ008757,USER003002,77289,1
REQ008758,USER008906,33035,8
REQ008759,USER004054,68251,1
REQ008760,USER000387,79868,2
REQ008761,USER001363,80981,4
REQ008762,USER000102,47978,4
REQ008763,USER002914,39162,5
REQ008764,USER005110,30731,10
REQ008765,USER003411,74511,3
REQ008766,USER003266,3130,3
REQ008767,USER009837,9880,6
REQ008768,USER002776,48183,3
REQ008769,USER006203,74310,3
REQ008770,USER000684,25347,9
REQ008771,USER006733,43185,4
REQ008772,USER003543,11499,4
REQ008773,USER001012,54758,7
REQ008774,USER004569,42015,6
REQ008775,USER000227,80998,6
REQ008776,USER008451,43661,8
REQ008777,USER004815,53603,3
REQ008778,USER008118,31072,9
REQ008779,USER009871,17500,4
REQ008780,USER007866,19707,7
REQ008781,USER003062,20983,7
REQ008782,USER008627,82852,3
REQ008783,USER007225,10344,3
REQ008784,USER003167,40473,1
REQ008785,USER008693,5819,7
REQ008786,USER008260,85553,2
REQ008787,USER001797,47816,6
REQ008788,USER003309,48796,6
REQ008789,USER009163,33919,6
REQ008790,USER008031,2020,9
REQ008791,USER005004,58375,2
REQ008792,USER004827,60695,7
REQ008793,USER008143,27592,2
REQ008794,USER006633,31142,6
REQ008795,USER000022,4295,9
REQ008796,USER003978,27657,9
REQ008797,USER004995,25722,5
REQ008798,USER007907,50902,10
REQ008799,USER007681,84882,8
REQ008800,USER007513,73720,9
REQ008801,USER008387,83182,10
REQ008802,USER004294,44709,2
REQ008803,USER006666,84038,5
REQ008804,USER009231,84257,9
REQ008805,USER004313,59996,4
REQ008806,USER004037,59673,1
REQ008807,USER002887,15774,4
REQ008808,USER007503,30891,6
REQ008809,USER003512,65365,2
REQ008810,USER002972,5950,6
REQ008811,USER007508,73697,1
REQ008812,USER005105,64120,6
REQ008813,USER001221,73186,10
REQ008814,USER003482,10373,10
REQ008815,USER010000,30858,6
REQ008816,USER000419,35048,2
REQ008817,USER000466,30198,7
REQ008818,USER007069,8639,1
REQ008819,USER000374,38196,10
REQ008820,USER001130,17571,2
REQ008821,USER004624,18795,8
REQ008822,USER007504,30913,1
REQ008823,USER007082,35170,10
REQ008824,USER003703,44978,2
REQ008825,USER007125,1082,9
REQ008826,USER002572,71521,4
REQ008827,USER000448,28361,1
REQ008828,USER001234,49524,5
REQ008829,USER004006,9779,3
REQ008830,USER003981,83606,4
REQ008831,USER007411,16415,7
REQ008832,USER004549,8461,4
REQ008833,USER005949,13379,10
REQ008834,USER004687,7027,3
REQ008835,USER006473,55858,7
REQ008836,USER001286,56651,9
REQ008837,USER002007,84204,7
REQ008838,USER000057,23347,10
REQ008839,USER009056,50433,6
REQ008840,USER009625,76009,6
REQ008841,USER004946,79485,1
REQ008842,USER002789,29675,2
REQ008843,USER000995,37027,2
REQ008844,USER009620,67014,3
REQ008845,USER001657,56873,8
REQ008846,USER008761,2190,7
REQ008847,USER001391,48238,5
REQ008848,USER006023,9655,3
REQ008849,USER007017,40923,7
REQ008850,USER006611,73965,7
REQ008851,USER008131,29048,1
REQ008852,USER009372,24762,3
REQ008853,USER006277,78387,8
REQ008854,USER008537,3585,4
REQ008855,USER002359,47977,6
REQ008856,USER001740,75403,3
REQ008857,USER001713,8503,9
REQ008858,USER006127,78522,6
REQ008859,USER009035,47098,6
REQ008860,USER003738,70532,3
REQ008861,USER003011,64049,9
REQ008862,USER004308,31733,5
REQ008863,USER004445,19357,9
REQ008864,USER000045,66121,3
REQ008865,USER000386,51199,6
REQ008866,USER002841,33745,5
REQ008867,USER001790,9921,4
REQ008868,USER000123,78662,7
REQ008869,USER009684,73064,10
REQ008870,USER001697,57469,10
REQ008871,USER003775,66325,10
REQ008872,USER001057,45132,1
REQ008873,USER000703,69701,7
REQ008874,USER001617,12478,6
REQ008875,USER000559,78934,1
REQ008876,USER006215,21384,10
REQ008877,USER000851,44889,9
REQ008878,USER003768,2895,9
REQ008879,USER006090,48461,10
REQ008880,USER009821,9758,4
REQ008881,USER007818,9035,2
REQ008882,USER000999,31952,5
REQ008883,USER008650,77083,7
REQ008884,USER006760,1505,7
REQ008885,USER004519,24245,7
REQ008886,USER003693,69606,10
REQ008887,USER005488,15137,1
REQ008888,USER008946,70402,2
REQ008889,USER000054,3706,3
REQ008890,USER000313,78216,8
REQ008891,USER000453,79067,2
REQ008892,USER002466,60544,1
REQ008893,USER003725,61893,1
REQ008894,USER007089,46918,10
REQ008895,USER009211,44204,4
REQ008896,USER009544,33760,7
REQ008897,USER002290,4157,9
REQ008898,USER005768,12851,8
REQ008899,USER001463,15212,8
REQ008900,USER000524,59359,8
REQ008901,USER006229,26684,4
REQ008902,USER008199,54792,10
REQ008903,USER003269,29679,2
REQ008904,USER001670,6645,5
REQ008905,USER005930,70415,8
REQ008906,USER000004,41461,9
REQ008907,USER007969,60544,10
REQ008908,USER002982,3807,2
REQ008909,USER005672,19100,5
REQ008910,USER007639,30811,2
REQ008911,USER007294,21967,2
REQ008912,USER007786,74967,6
REQ008913,USER004404,53951,6
REQ008914,USER004489,81934,10
REQ008915,USER000323,47323,2
REQ008916,USER000860,55079,1
REQ008917,USER009369,24378,8
REQ008918,USER002865,66241,1
REQ008919,USER004924,68699,1
REQ008920,USER007721,44751,9
REQ008921,USER003684,41386,8
REQ008922,USER002376,38391,5
REQ008923,USER009751,75529,7
REQ008924,USER005549,59221,1
REQ008925,USER005157,58774,8
REQ008926,USER006936,13951,8
REQ008927,USER001698,77594,4
REQ008928,USER004655,68347,10
REQ008929,USER006351,81262,8
REQ008930,USER000249,41285,2
REQ008931,USER002000,28827,4
REQ008932,USER004392,75120,2
REQ008933,USER005081,19543,8
REQ008934,USER000585,54484,7
REQ008935,USER009385,58693,3
REQ008936,USER007912,5297,6
REQ008937,USER006563,85262,8
REQ008938,USER004642,13603,1
REQ008939,USER002598,23271,6
REQ008940,USER007596,65406,6
REQ008941,USER003246,51370,1
REQ008942,USER009989,74758,2
REQ008943,USER007948,7718,10
REQ008944,USER009063,8450,7
REQ008945,USER009821,5149,1
REQ008946,USER009030,38865,6
REQ008947,USER006120,24012,9
REQ008948,USER002293,45061,8
REQ008949,USER001969,25149,2
REQ008950,USER004537,4736,6
REQ008951,USER006475,29032,7
REQ008952,USER009403,43327,8
REQ008953,USER008467,13072,7
REQ008954,USER000500,34018,8
REQ008955,USER006734,21304,8
REQ008956,USER003587,29011,1
REQ008957,USER003689,43580,10
REQ008958,USER001994,80210,8
REQ008959,USER005094,45388,7
REQ008960,USER007045,22118,3
REQ008961,USER001627,4174,6
REQ008962,USER002755,28390,3
REQ008963,USER002692,21614,5
REQ008964,USER008602,19250,6
REQ008965,USER000892,47117,6
REQ008966,USER008269,37449,5
REQ008967,USER007861,36320,10
REQ008968,USER009233,53483,7
REQ008969,USER000016,41758,9
REQ008970,USER002703,43254,10
REQ008971,USER000029,4009,1
REQ008972,USER004547,76390,8
REQ008973,USER005549,62114,4
REQ008974,USER009573,66188,2
REQ008975,USER003644,6542,1
REQ008976,USER000380,35480,1
REQ008977,USER003709,76324,8
REQ008978,USER004313,49083,2
REQ008979,USER003547,67276,8
REQ008980,USER005913,68874,8
REQ008981,USER006663,72138,7
REQ008982,USER004154,72201,6
REQ008983,USER007522,60534,2
REQ008984,USER009156,12091,9
REQ008985,USER008845,19439,3
REQ008986,USER003315,52856,1
REQ008987,USER009051,36551,8
REQ008988,USER005354,42427,7
REQ008989,USER004539,35114,4
REQ008990,USER003188,68974,7
REQ008991,USER001650,7878,9
REQ008992,USER007212,70636,3
REQ008993,USER005515,43319,3
REQ008994,USER009071,6627,1
REQ008995,USER005651,40640,1
REQ008996,USER008369,59113,5
REQ008997,USER000206,54702,9
REQ008998,USER007401,14859,7
REQ008999,USER005169,66946,10
REQ009000,USER009844,43067,6
REQ009001,USER003417,1386,1
REQ009002,USER000199,29731,6
REQ009003,USER000321,26666,9
REQ009004,USER000838,48862,9
REQ009005,USER000215,81291,2
REQ009006,USER001400,10682,3
REQ009007,USER004547,46921,8
REQ009008,USER002195,68130,7
REQ009009,USER006410,76386,6
REQ009010,USER007187,56069,7
REQ009011,USER005402,2290,8
REQ009012,USER005307,15383,6
REQ009013,USER006160,14663,10
REQ009014,USER002598,77744,2
REQ009015,USER003989,28629,5
REQ009016,USER009807,12308,8
REQ009017,USER006753,47998,1
REQ009018,USER007102,8621,6
REQ009019,USER000705,68915,9
REQ009020,USER000673,84461,10
REQ009021,USER000847,63999,1
REQ009022,USER000287,16284,1
REQ009023,USER002688,65424,7
REQ009024,USER008544,32633,3
REQ009025,USER006765,4366,2
REQ009026,USER005892,12662,5
REQ009027,USER000532,76210,1
REQ009028,USER002863,6205,2
REQ009029,USER002639,42377,1
REQ009030,USER006506,48083,7
REQ009031,USER002932,48683,1
REQ009032,USER008972,15492,4
REQ009033,USER005724,11497,5
REQ009034,USER000125,20451,9
REQ009035,USER005493,7601,4
REQ009036,USER003665,5579,6
REQ009037,USER004057,71592,1
REQ009038,USER005798,31133,2
REQ009039,USER000158,35786,7
REQ009040,USER007335,13823,9
REQ009041,USER001323,21252,9
REQ009042,USER000508,66643,1
REQ009043,USER007980,8972,1
REQ009044,USER004633,15231,4
REQ009045,USER008183,47607,5
REQ009046,USER000504,54016,8
REQ009047,USER004019,17412,4
REQ009048,USER004890,6340,1
REQ009049,USER000023,20738,9
REQ009050,USER000459,72603,4
REQ009051,USER009028,14722,1
REQ009052,USER009852,23866,7
REQ009053,USER006242,20935,9
REQ009054,USER002100,3605,10
REQ009055,USER004813,60225,10
REQ009056,USER007925,5198,2
REQ009057,USER005252,84046,9
REQ009058,USER003639,19848,8
REQ009059,USER002911,49801,7
REQ009060,USER006413,43460,9
REQ009061,USER005918,75298,6
REQ009062,USER008581,76614,9
REQ009063,USER006276,60778,2
REQ009064,USER004755,34999,2
REQ009065,USER006616,65284,6
REQ009066,USER006895,43356,4
REQ009067,USER002400,61672,7
REQ009068,USER007609,81287,5
REQ009069,USER009840,42387,5
REQ009070,USER000118,39384,6
REQ009071,USER008567,18891,1
REQ009072,USER005774,44672,2
REQ009073,USER000555,77584,5
REQ009074,USER006023,46048,10
REQ009075,USER001031,42310,3
REQ009076,USER004247,11852,1
REQ009077,USER000414,26938,6
REQ009078,USER000830,80944,4
REQ009079,USER004932,70417,4
REQ009080,USER002229,4858,6
REQ009081,USER000703,69758,7
REQ009082,USER006000,69955,5
REQ009083,USER009995,77673,2
REQ009084,USER008712,61028,3
REQ009085,USER001379,41054,2
REQ009086,USER002021,5700,2
REQ009087,USER004096,39352,2
REQ009088,USER005163,68786,9
REQ009089,USER002166,19815,9
REQ009090,USER003275,77101,4
REQ009091,USER002869,23135,2
REQ009092,USER003571,7995,1
REQ009093,USER002589,1906,6
REQ009094,USER006609,10429,10
REQ009095,USER003984,16648,10
REQ009096,USER002927,57392,7
REQ009097,USER009492,26178,3
REQ009098,USER001955,59198,2
REQ009099,USER000601,43088,5
REQ009100,USER005609,54147,1
REQ009101,USER004729,76303,2
REQ009102,USER009593,81818,5
REQ009103,USER002511,85213,9
REQ009104,USER005063,56690,8
REQ009105,USER005885,80891,8
REQ009106,USER004050,28050,5
REQ009107,USER008191,19780,1
REQ009108,USER004936,29700,4
REQ009109,USER001341,82412,6
REQ009110,USER006931,15077,7
REQ009111,USER002403,62606,7
REQ009112,USER001181,4317,5
REQ009113,USER002307,61347,5
REQ009114,USER007800,39759,2
REQ009115,USER002651,45722,7
REQ009116,USER000978,45321,5
REQ009117,USER006542,25448,4
REQ009118,USER002449,36792,10
REQ009119,USER003776,22424,5
REQ009120,USER000305,62682,7
REQ009121,USER000031,55472,4
REQ009122,USER008279,85166,3
REQ009123,USER000790,3681,9
REQ009124,USER009262,19138,6
REQ009125,USER009122,32057,10
REQ009126,USER002097,10650,10
REQ009127,USER008369,19322,6
REQ009128,USER001064,50343,6
REQ009129,USER007001,8500,3
REQ009130,USER005417,84007,4
REQ009131,USER004444,61239,1
REQ009132,USER001067,32413,6
REQ009133,USER008533,45621,4
REQ009134,USER000365,47192,8
REQ009135,USER000206,15880,7
REQ009136,USER006116,55201,4
REQ009137,USER000006,31760,3
REQ009138,USER005407,17097,6
REQ009139,USER003577,14562,3
REQ009140,USER005365,26432,7
REQ009141,USER005166,18947,3
REQ009142,USER000831,54927,4
REQ009143,USER004526,5324,8
REQ009144,USER007806,81715,2
REQ009145,USER008349,30480,2
REQ009146,USER008669,71898,2
REQ009147,USER000242,55788,4
REQ009148,USER007811,8585,10
REQ009149,USER004898,20621,2
REQ009150,USER001829,16642,9
REQ009151,USER008582,47847,1
REQ009152,USER003607,66497,2
REQ009153,USER001967,9778,5
REQ009154,USER001954,64282,3
REQ009155,USER004497,67573,7
REQ009156,USER006630,24698,8
REQ009157,USER000098,27058,6
REQ009158,USER002739,78532,6
REQ009159,USER006514,84757,7
REQ009160,USER004081,22439,5
REQ009161,USER005052,24359,8
REQ009162,USER002879,68879,5
REQ009163,USER005744,81304,5
REQ009164,USER007541,41675,4
REQ009165,USER005043,18642,3
REQ009166,USER000241,742,7
REQ009167,USER006702,50521,9
REQ009168,USER005306,53967,4
REQ009169,USER002946,79931,1
REQ009170,USER000578,83530,5
REQ009171,USER003850,67065,1
REQ009172,USER008700,59399,2
REQ009173,USER003533,86111,3
REQ009174,USER000948,23635,3
REQ009175,USER008640,23109,1
REQ009176,USER009709,40372,4
REQ009177,USER000424,75914,8
REQ009178,USER006816,75165,2
REQ009179,USER004660,4922,7
REQ009180,USER005122,28394,3
REQ009181,USER008957,41998,6
REQ009182,USER003160,62449,6
REQ009183,USER004690,38786,8
REQ009184,USER003924,82150,1
REQ009185,USER007945,74509,8
REQ009186,USER004816,50292,2
REQ009187,USER007840,8396,6
REQ009188,USER003852,55945,2
REQ009189,USER006734,67964,8
REQ009190,USER007647,31225,8
REQ009191,USER000572,64211,5
REQ009192,USER004338,25250,8
REQ009193,USER006965,76673,2
REQ009194,USER003873,77764,2
REQ009195,USER000291,26759,8
REQ009196,USER009338,28509,1
REQ009197,USER002473,1769,6
REQ009198,USER007381,71147,2
REQ009199,USER002303,73763,1
REQ009200,USER008640,81114,1
REQ009201,USER008642,52405,2
REQ009202,USER005313,64355,3
REQ009203,USER002390,51840,2
REQ009204,USER008672,9030,2
REQ009205,USER000064,24032,10
REQ009206,USER002372,30829,10
REQ009207,USER004152,71381,8
REQ009208,USER006280,50112,4
REQ009209,USER007638,37310,7
REQ009210,USER003996,37405,10
REQ009211,USER004504,13172,7
REQ009212,USER000021,20788,5
REQ009213,USER008027,2919,7
REQ009214,USER001996,52585,4
REQ009215,USER006895,41970,2
REQ009216,USER008676,27718,1
REQ009217,USER008679,45196,9
REQ009218,USER005558,13925,1
REQ009219,USER007578,54392,10
REQ009220,USER009549,9678,8
REQ009221,USER002893,3194,9
REQ009222,USER000764,18672,10
REQ009223,USER009284,75179,8
REQ009224,USER000970,3845,4
REQ009225,USER005596,45329,3
REQ009226,USER005539,47656,9
REQ009227,USER005032,5589,9
REQ009228,USER003337,30548,5
REQ009229,USER007213,78889,3
REQ009230,USER006634,22202,5
REQ009231,USER009829,21801,6
REQ009232,USER004935,73733,1
REQ009233,USER001891,49831,5
REQ009234,USER002181,43236,1
REQ009235,USER007156,57836,10
REQ009236,USER008912,10647,10
REQ009237,USER001428,8954,5
REQ009238,USER008312,16686,3
REQ009239,USER007945,85408,4
REQ009240,USER009645,51819,7
REQ009241,USER000377,29641,6
REQ009242,USER000688,24081,6
REQ009243,USER000604,60018,6
REQ009244,USER005134,62700,1
REQ009245,USER009101,63862,7
REQ009246,USER003963,70284,5
REQ009247,USER008695,19366,5
REQ009248,USER006364,31946,5
REQ009249,USER005982,76891,8
REQ009250,USER007919,24373,1
REQ009251,USER000698,23219,4
REQ009252,USER009694,34231,6
REQ009253,USER000279,53030,2
REQ009254,USER003055,10459,4
REQ009255,USER001868,67027,1
REQ009256,USER000759,38445,4
REQ009257,USER003464,23806,5
REQ009258,USER003640,47075,7
REQ009259,USER007349,77005,6
REQ009260,USER006347,19651,3
REQ009261,USER008475,48507,4
REQ009262,USER008872,8444,4
REQ009263,USER008843,56806,6
REQ009264,USER004500,10287,9
REQ009265,USER000316,5278,3
REQ009266,USER004008,12834,6
REQ009267,USER009230,28133,8
REQ009268,USER004131,31075,6
REQ009269,USER001350,56361,2
REQ009270,USER002087,4178,2
REQ009271,USER008484,2672,8
REQ009272,USER006635,31364,8
REQ009273,USER003559,43576,1
REQ009274,USER005214,48282,7
REQ009275,USER009842,22518,7
REQ009276,USER005729,8022,7
REQ009277,USER007537,53627,9
REQ009278,USER004717,29681,10
REQ009279,USER000258,85203,9
REQ009280,USER007998,41262,5
REQ009281,USER006728,41354,10
REQ009282,USER009065,14483,7
REQ009283,USER005334,81013,2
REQ009284,USER003038,72035,1
REQ009285,USER000617,7107,2
REQ009286,USER008737,50153,2
REQ009287,USER007344,28302,5
REQ009288,USER000979,19738,8
REQ009289,USER006933,40621,10
REQ009290,USER004042,18700,7
REQ009291,USER004152,57852,2
REQ009292,USER005372,10586,10
REQ009293,USER007806,5026,7
REQ009294,USER000236,52181,4
REQ009295,USER008421,74432,9
REQ009296,USER007568,79090,5
REQ009297,USER009882,740,9
REQ009298,USER007765,32506,10
REQ009299,USER000438,76102,2
REQ009300,USER006192,27641,2
REQ009301,USER002381,54825,9
REQ009302,USER009453,39014,5
REQ009303,USER003719,39051,3
REQ009304,USER009640,7574,4
REQ009305,USER005465,10342,10
REQ009306,USER005496,5304,2
REQ009307,USER003161,12639,8
REQ009308,USER001079,78986,1
REQ009309,USER005066,77009,6
REQ009310,USER007962,80123,6
REQ009311,USER006231,1907,4
REQ009312,USER006216,25392,5
REQ009313,USER003266,51425,6
REQ009314,USER001647,81866,5
REQ009315,USER005993,41409,4
REQ009316,USER002867,78715,3
REQ009317,USER009845,26000,2
REQ009318,USER000314,15946,2
REQ009319,USER007154,62952,7
REQ009320,USER002798,53938,1
REQ009321,USER002816,51158,1
REQ009322,USER005655,30108,10
REQ009323,USER004744,45945,5
REQ009324,USER005975,12428,4
REQ009325,USER009941,7711,6
REQ009326,USER005678,43467,4
REQ009327,USER000788,29017,9
REQ009328,USER009255,59339,5
REQ009329,USER003102,40141,5
REQ009330,USER007046,56941,10
REQ009331,USER005363,36093,10
REQ009332,USER000494,82525,7
REQ009333,USER006138,26182,6
REQ009334,USER002641,84409,2
REQ009335,USER007762,17055,2
REQ009336,USER008723,25679,5
REQ009337,USER007317,22605,8
REQ009338,USER008991,67750,5
REQ009339,USER007660,31899,6
REQ009340,USER002061,80822,2
REQ009341,USER001392,82843,5
REQ009342,USER003982,63067,6
REQ009343,USER006506,22020,2
REQ009344,USER004483,59082,6
REQ009345,USER000642,5848,10
REQ009346,USER001884,7362,6
REQ009347,USER009022,63226,9
REQ009348,USER000164,81510,1
REQ009349,USER001989,44157,3
REQ009350,USER006538,84408,6
REQ009351,USER001086,84372,2
REQ009352,USER004139,77718,4
REQ009353,USER005964,80418,5
REQ009354,USER009260,77452,2
REQ009355,USER002184,54437,3
REQ009356,USER007427,768,9
REQ009357,USER007486,7285,9
REQ009358,USER002296,81753,9
REQ009359,USER002126,35067,1
REQ009360,USER009376,62787,6
REQ009361,USER002950,7232,2
REQ009362,USER001077,74976,4
REQ009363,USER003405,6277,5
REQ009364,USER009498,3032,5
REQ009365,USER001278,5438,8
REQ009366,USER002584,72758,5
REQ009367,USER007705,43356,4
REQ009368,USER001420,59624,5
REQ009369,USER000152,24912,7
REQ009370,USER006262,85185,8
REQ009371,USER000142,17148,8
REQ009372,USER007942,53287,8
REQ009373,USER001296,43598,10
REQ009374,USER003226,26278,4
REQ009375,USER007705,20488,3
REQ009376,USER004704,68766,3
REQ009377,USER002248,39868,2
REQ009378,USER003387,50446,8
REQ009379,USER009599,46772,7
REQ009380,USER004703,58094,9
REQ009381,USER007323,73202,3
REQ009382,USER001544,17292,10
REQ009383,USER008360,12951,4
REQ009384,USER004650,1699,8
REQ009385,USER000085,70052,5
REQ009386,USER002809,6631,1
REQ009387,USER001890,57243,2
REQ009388,USER006515,53041,9
REQ009389,USER004082,59342,4
REQ009390,USER002517,66757,4
REQ009391,USER009252,59465,1
REQ009392,USER009993,30093,2
REQ009393,USER003404,35587,1
REQ009394,USER002238,66561,8
REQ009395,USER002153,28398,9
REQ009396,USER008442,5561,2
REQ009397,USER007065,6053,4
REQ009398,USER005110,40439,5
REQ009399,USER002827,52218,3
REQ009400,USER000720,17348,10
REQ009401,USER001283,52076,4
REQ009402,USER009604,40429,3
REQ009403,USER002513,38129,6
REQ009404,USER001722,45980,10
REQ009405,USER001092,26000,9
REQ009406,USER007543,64904,3
REQ009407,USER002106,30912,9
REQ009408,USER004546,79814,2
REQ009409,USER004209,11311,1
REQ009410,USER004713,72982,5
REQ009411,USER003237,20138,9
REQ009412,USER007275,52322,2
REQ009413,USER007761,61891,10
REQ009414,USER001621,62468,5
REQ009415,USER005489,43355,2
REQ009416,USER001631,42647,5
REQ009417,USER000435,54963,10
REQ009418,USER002387,56648,5
REQ009419,USER004607,40772,8
REQ009420,USER008155,58985,9
REQ009421,USER006627,81780,8
REQ009422,USER002094,25064,3
REQ009423,USER007164,68067,3
REQ009424,USER004705,70207,8
REQ009425,USER001237,8832,1
REQ009426,USER002202,8638,5
REQ009427,USER002177,19452,9
REQ009428,USER000374,49348,4
REQ009429,USER007556,26205,2
REQ009430,USER007519,59170,7
REQ009431,USER001781,24749,1
REQ009432,USER009307,53786,7
REQ009433,USER005970,27018,5
REQ009434,USER001300,7351,7
REQ009435,USER009989,22957,10
REQ009436,USER008156,53420,7
REQ009437,USER001223,75758,1
REQ009438,USER007984,65656,9
REQ009439,USER009835,42190,7
REQ009440,USER002418,34098,8
REQ009441,USER001780,16178,9
REQ009442,USER007316,45459,1
REQ009443,USER000003,10962,7
REQ009444,USER002797,60868,9
REQ009445,USER009862,70518,4
REQ009446,USER007775,61972,6
REQ009447,USER002745,65559,3
REQ009448,USER004485,36817,10
REQ009449,USER005761,14533,6
REQ009450,USER008042,46512,3
REQ009451,USER007492,70232,5
REQ009452,USER004868,78109,4
REQ009453,USER000731,52696,8
REQ009454,USER001866,36782,5
REQ009455,USER007007,83176,6
REQ009456,USER003369,31791,5
REQ009457,USER004582,68542,1
REQ009458,USER000978,29742,7
REQ009459,USER009201,55098,4
REQ009460,USER007620,43907,5
REQ009461,USER001050,27192,4
REQ009462,USER006432,53535,3
REQ009463,USER001113,39370,7
REQ009464,USER006245,6709,1
REQ009465,USER003756,45798,6
REQ009466,USER005856,23226,10
REQ009467,USER005262,73125,9
REQ009468,USER003826,26023,6
REQ009469,USER003682,59057,2
REQ009470,USER003728,47229,1
REQ009471,USER000883,74690,4
REQ009472,USER000226,46837,2
REQ009473,USER001067,24133,2
REQ009474,USER009374,29393,7
REQ009475,USER005722,30809,5
REQ009476,USER008949,33316,4
REQ009477,USER008868,39022,6
REQ009478,USER000249,74664,1
REQ009479,USER007998,19421,7
REQ009480,USER009858,38780,6
REQ009481,USER005691,8541,1
REQ009482,USER001202,30354,8
REQ009483,USER007023,52642,1
REQ009484,USER001819,83260,2
REQ009485,USER004220,34831,2
REQ009486,USER009084,69177,9
REQ009487,USER006025,42471,8
REQ009488,USER005272,10808,9
REQ009489,USER007924,71610,5
REQ009490,USER001349,49526,4
REQ009491,USER007044,70463,1
REQ009492,USER002123,54269,10
REQ009493,USER007218,73301,6
REQ009494,USER007106,2589,7
REQ009495,USER002034,75300,1
REQ009496,USER001868,21012,2
REQ009497,USER008830,67365,5
REQ009498,USER009080,20543,6
REQ009499,USER003080,36204,7
REQ009500,USER006997,33371,9
REQ009501,USER004882,10517,2
REQ009502,USER008084,78634,2
REQ009503,USER009629,81608,3
REQ009504,USER007324,21715,10
REQ009505,USER003221,54676,8
REQ009506,USER002601,73118,1
REQ009507,USER002159,64331,7
REQ009508,USER003395,23847,9
REQ009509,USER003942,76255,2
REQ009510,USER008694,839,1
REQ009511,USER003184,5012,10
REQ009512,USER001276,22991,9
REQ009513,USER008478,17026,4
REQ009514,USER005319,67958,1
REQ009515,USER007312,42489,10
REQ009516,USER003363,38460,6
REQ009517,USER007732,76295,3
REQ009518,USER004022,30651,3
REQ009519,USER004015,55180,2
REQ009520,USER006882,68876,1
REQ009521,USER001732,42735,9
REQ009522,USER001616,40566,7
REQ009523,USER001839,29948,5
REQ009524,USER006574,53435,8
REQ009525,USER003238,48429,8
REQ009526,USER005932,45651,7
REQ009527,USER003472,47829,3
REQ009528,USER008096,15379,7
REQ009529,USER000445,81371,3
REQ009530,USER008782,40201,9
REQ009531,USER009170,36223,7
REQ009532,USER003748,44112,5
REQ009533,USER009371,40363,5
REQ009534,USER004435,14679,5
REQ009535,USER007279,78573,4
REQ009536,USER003710,8650,5
REQ009537,USER007252,19778,6
REQ009538,USER003979,26369,4
REQ009539,USER009497,59344,6
REQ009540,USER005943,41067,9
REQ009541,USER009861,12223,9
REQ009542,USER000781,14447,1
REQ009543,USER000447,49266,2
REQ009544,USER008210,69764,4
REQ009545,USER001814,85400,2
REQ009546,USER009742,62568,2
REQ009547,USER008842,77146,9
REQ009548,USER008632,42343,9
REQ009549,USER004391,44492,10
REQ009550,USER000808,64565,3
REQ009551,USER000860,5153,2
REQ009552,USER000621,69144,4
REQ009553,USER005926,49748,7
REQ009554,USER004444,56400,1
REQ009555,USER009189,60532,8
REQ009556,USER006690,1949,2
REQ009557,USER004722,21404,3
REQ009558,USER002527,67242,1
REQ009559,USER001111,75197,9
REQ009560,USER001809,68953,9
REQ009561,USER003161,15364,1
REQ009562,USER001858,38029,1
REQ009563,USER002231,85105,8
REQ009564,USER002350,39774,4
REQ009565,USER007070,3093,10
REQ009566,USER005248,5758,2
REQ009567,USER000181,18858,2
REQ009568,USER008823,19257,2
REQ009569,USER002523,40007,9
REQ009570,USER009072,67859,10
REQ009571,USER002129,23996,5
REQ009572,USER008372,71371,2
REQ009573,USER001718,35061,6
REQ009574,USER004411,41244,2
REQ009575,USER008457,13344,8
REQ009576,USER000687,26185,3
REQ009577,USER001257,45987,8
REQ009578,USER001804,3803,5
REQ009579,USER002231,27870,2
REQ009580,USER004493,86125,8
REQ009581,USER000939,14491,5
REQ009582,USER003479,20649,9
REQ009583,USER008236,51908,9
REQ009584,USER009824,40882,8
REQ009585,USER004194,38930,2
REQ009586,USER008194,65996,3
REQ009587,USER006539,8073,7
REQ009588,USER004143,18371,7
REQ009589,USER003663,4815,10
REQ009590,USER004235,12398,9
REQ009591,USER009323,80749,5
REQ009592,USER007013,53456,10
REQ009593,USER005231,82905,5
REQ009594,USER003302,77879,1
REQ009595,USER007432,53963,1
REQ009596,USER007139,69048,2
REQ009597,USER003554,28110,9
REQ009598,USER005918,70581,4
REQ009599,USER008401,22746,2
REQ009600,USER009092,68088,9
REQ009601,USER006168,82564,6
REQ009602,USER003296,39304,3
REQ009603,USER003029,165,5
REQ009604,USER007867,62859,9
REQ009605,USER004970,46724,5
REQ009606,USER006317,15637,4
REQ009607,USER006185,58590,1
REQ009608,USER009058,72207,10
REQ009609,USER007879,4871,3
REQ009610,USER007492,35310,10
REQ009611,USER004298,25625,3
REQ009612,USER005973,85688,3
REQ009613,USER009687,29529,6
REQ009614,USER006210,64525,6
REQ009615,USER009120,63612,6
REQ009616,USER003893,78680,4
REQ009617,USER002231,10362,8
REQ009618,USER001556,71625,5
REQ009619,USER005864,72399,5
REQ009620,USER006232,11941,1
REQ009621,USER005653,64957,10
REQ009622,USER000774,10236,6
REQ009623,USER000162,86051,8
REQ009624,USER001892,63740,6
REQ009625,USER006000,62055,9
REQ009626,USER004544,57221,7
REQ009627,USER001317,25391,2
REQ009628,USER003233,43819,1
REQ009629,USER002699,45635,8
REQ009630,USER001665,52354,6
REQ009631,USER004492,26769,3
REQ009632,USER009154,50293,1
REQ009633,USER006076,40784,10
REQ009634,USER009570,21093,6
REQ009635,USER002246,86315,3
REQ009636,USER000303,51899,8
REQ009637,USER003757,56600,6
REQ009638,USER003128,28985,3
REQ009639,USER006062,7402,3
REQ009640,USER008153,13006,8
REQ009641,USER005798,72901,4
REQ009642,USER005310,66982,10
REQ009643,USER003911,54144,2
REQ009644,USER005136,35433,10
REQ009645,USER000166,6452,8
REQ009646,USER000343,59687,4
REQ009647,USER007808,72353,2
REQ009648,USER002946,71978,10
REQ009649,USER007014,51130,10
REQ009650,USER000140,79927,4
REQ009651,USER009760,34712,3
REQ009652,USER009557,17099,4
REQ009653,USER000981,53920,4
REQ009654,USER009967,12993,10
REQ009655,USER008486,35874,5
REQ009656,USER006745,9788,5
REQ009657,USER004727,12053,6
REQ009658,USER006627,33373,1
REQ009659,USER005698,85723,9
REQ009660,USER004445,39408,7
REQ009661,USER008769,39549,3
REQ009662,USER009567,42524,1
REQ009663,USER004172,76008,8
REQ009664,USER009552,53895,6
REQ009665,USER002403,78415,8
REQ009666,USER008327,36874,9
REQ009667,USER004010,82987,6
REQ009668,USER009874,57261,4
REQ009669,USER002399,30413,8
REQ009670,USER008621,81419,1
REQ009671,USER006828,74071,8
REQ009672,USER009825,64187,7
REQ009673,USER003284,4233,1
REQ009674,USER003594,60,7
REQ009675,USER004504,1910,7
REQ009676,USER000010,48798,9
REQ009677,USER008479,3562,10
REQ009678,USER002835,58588,3
REQ009679,USER006300,55107,5
REQ009680,USER004703,43175,1
REQ009681,USER006400,6607,6
REQ009682,USER001066,6694,3
REQ009683,USER003764,1874,9
REQ009684,USER008504,81813,4
REQ009685,USER005152,42209,9
REQ009686,USER009604,82165,1
REQ009687,USER006735,33872,6
REQ009688,USER009368,83507,5
REQ009689,USER005615,37520,3
REQ009690,USER009254,30688,1
REQ009691,USER005752,85115,3
REQ009692,USER003489,33999,3
REQ009693,USER002695,27701,4
REQ009694,USER000704,78778,8
REQ009695,USER006980,73542,2
REQ009696,USER003250,28231,7
REQ009697,USER004684,77206,4
REQ009698,USER006563,73235,3
REQ009699,USER001682,4344,9
REQ009700,USER001351,13387,3
REQ009701,USER007374,4080,1
REQ009702,USER000299,5846,8
REQ009703,USER001684,61562,3
REQ009704,USER003859,64344,1
REQ009705,USER008614,67324,9
REQ009706,USER000047,66914,1
REQ009707,USER004887,4694,4
REQ009708,USER004226,45156,10
REQ009709,USER001310,24192,9
REQ009710,USER001689,29371,5
REQ009711,USER007552,18913,4
REQ009712,USER001651,670,7
REQ009713,USER008141,77,6
REQ009714,USER003941,72030,6
REQ009715,USER004074,79246,1
REQ009716,USER006422,21135,2
REQ009717,USER003693,36867,6
REQ009718,USER003673,29959,6
REQ009719,USER000219,38941,4
REQ009720,USER004145,37929,3
REQ009721,USER009284,74011,2
REQ009722,USER004677,23824,3
REQ009723,USER006185,46709,8
REQ009724,USER006107,28,1
REQ009725,USER006745,56811,3
REQ009726,USER007881,54598,4
REQ009727,USER005423,13712,1
REQ009728,USER007321,32673,9
REQ009729,USER002632,73937,5
REQ009730,USER007537,3345,4
REQ009731,USER009109,958,9
REQ009732,USER005580,62630,6
REQ009733,USER009611,78172,2
REQ009734,USER009018,38350,4
REQ009735,USER009108,31442,6
REQ009736,USER006678,63824,2
REQ009737,USER003889,73174,3
REQ009738,USER004634,51139,6
REQ009739,USER009288,80790,3
REQ009740,USER006315,43709,10
REQ009741,USER008145,60823,8
REQ009742,USER009867,74238,4
REQ009743,USER008787,36235,1
REQ009744,USER003134,57005,6
REQ009745,USER002966,59936,3
REQ009746,USER006321,72948,10
REQ009747,USER007302,77814,9
REQ009748,USER001606,70776,2
REQ009749,USER009279,70597,1
REQ009750,USER003977,19768,8
REQ009751,USER006755,9590,2
REQ009752,USER003954,28496,5
REQ009753,USER005860,7053,4
REQ009754,USER007932,37826,9
REQ009755,USER004195,42435,2
REQ009756,USER002701,28566,1
REQ009757,USER002460,10663,2
REQ009758,USER001401,11911,9
REQ009759,USER003223,18072,2
REQ009760,USER008508,43900,1
REQ009761,USER008611,42209,1
REQ009762,USER007984,40807,4
REQ009763,USER002516,41887,5
REQ009764,USER007092,13648,2
REQ009765,USER007791,84109,3
REQ009766,USER008683,48037,3
REQ009767,USER002739,75598,4
REQ009768,USER007177,39393,2
REQ009769,USER008047,49506,1
REQ009770,USER005725,3355,3
REQ009771,USER009773,31167,5
REQ009772,USER008386,82929,10
REQ009773,USER002883,76117,9
REQ009774,USER000634,27368,5
REQ009775,USER005617,86319,9
REQ009776,USER007695,25605,1
REQ009777,USER003942,83301,7
REQ009778,USER004039,62476,7
REQ009779,USER004815,11210,2
REQ009780,USER000725,31430,6
REQ009781,USER001160,28579,7
REQ009782,USER001161,73076,7
REQ009783,USER005867,73433,6
REQ009784,USER002470,49675,9
REQ009785,USER002091,61324,9
REQ009786,USER004544,13103,4
REQ009787,USER002177,73983,7
REQ009788,USER007318,25346,2
REQ009789,USER000237,76959,1
REQ009790,USER002088,63176,3
REQ009791,USER007357,6033,2
REQ009792,USER005512,75024,9
REQ009793,USER008367,36314,3
REQ009794,USER008385,22140,10
REQ009795,USER000054,26405,5
REQ009796,USER000819,8891,7
REQ009797,USER003166,65204,2
REQ009798,USER004468,52439,7
REQ009799,USER009805,63924,10
REQ009800,USER006297,57238,8
REQ009801,USER008791,1730,9
REQ009802,USER003847,78328,1
REQ009803,USER009895,60638,1
REQ009804,USER007841,32115,1
REQ009805,USER001260,27559,5
REQ009806,USER007008,13429,1
REQ009807,USER004008,65307,1
REQ009808,USER006359,67362,4
REQ009809,USER004203,70500,6
REQ009810,USER007594,54803,2
REQ009811,USER009982,34026,1
REQ009812,USER003059,3893,10
REQ009813,USER003827,66451,2
REQ009814,USER006985,57160,5
REQ009815,USER007162,33047,6
REQ009816,USER009728,25813,9
REQ009817,USER000775,43288,9
REQ009818,USER000544,50606,5
REQ009819,USER006247,57527,10
REQ009820,USER009903,78427,1
REQ009821,USER008633,7389,10
REQ009822,USER006833,76072,5
REQ009823,USER007094,46851,5
REQ009824,USER005185,11176,1
REQ009825,USER004937,4185,5
REQ009826,USER009279,43158,8
REQ009827,USER002732,246,4
REQ009828,USER002089,69604,8
REQ009829,USER008964,32770,5
REQ009830,USER005968,6067,6
REQ009831,USER008276,61860,5
REQ009832,USER007332,68991,8
REQ009833,USER007581,54237,10
REQ009834,USER002753,75887,2
REQ009835,USER009885,30134,4
REQ009836,USER000740,74411,4
REQ009837,USER009882,60874,7
REQ009838,USER002626,50903,5
REQ009839,USER001382,47688,5
REQ009840,USER009379,24928,3
REQ009841,USER007057,46906,8
REQ009842,USER003806,52437,5
REQ009843,USER001325,31618,2
REQ009844,USER003878,13023,9
REQ009845,USER002782,46274,9
REQ009846,USER004756,31897,5
REQ009847,USER006920,14128,3
REQ009848,USER009146,17393,9
REQ009849,USER002610,58314,5
REQ009850,USER005603,10518,2
REQ009851,USER002885,59482,4
REQ009852,USER002066,29650,8
REQ009853,USER003734,46398,1
REQ009854,USER002448,2755,1
REQ009855,USER006504,65955,6
REQ009856,USER003369,22724,5
REQ009857,USER000594,38272,8
REQ009858,USER002158,69255,9
REQ009859,USER007616,38751,1
REQ009860,USER005870,62756,1
REQ009861,USER009158,38579,8
REQ009862,USER007978,22900,9
REQ009863,USER008404,60372,5
REQ009864,USER002817,25965,10
REQ009865,USER000943,74389,10
REQ009866,USER007245,35749,9
REQ009867,USER000939,56173,6
REQ009868,USER009673,18568,1
REQ009869,USER002234,57786,3
REQ009870,USER004068,49891,1
REQ009871,USER006829,41145,2
REQ009872,USER002486,83129,7
REQ009873,USER004353,60585,9
REQ009874,USER006350,40902,4
REQ009875,USER008293,27567,2
REQ009876,USER007978,75478,4
REQ009877,USER008194,58841,7
REQ009878,USER005853,4854,7
REQ009879,USER001783,29605,2
REQ009880,USER004658,32417,4
REQ009881,USER001004,812,4
REQ009882,USER007499,11295,1
REQ009883,USER007022,82278,8
REQ009884,USER006032,74387,3
REQ009885,USER000560,56766,4
REQ009886,USER000999,5630,8
REQ009887,USER008525,15400,1
REQ009888,USER009945,30143,7
REQ009889,USER002038,19662,1
REQ009890,USER008169,42791,4
REQ009891,USER007388,69013,3
REQ009892,USER002510,11466,3
REQ009893,USER006895,68957,8
REQ009894,USER000682,19488,5
REQ009895,USER003847,35714,6
REQ009896,USER008216,9837,1
REQ009897,USER005582,26717,5
REQ009898,USER002406,58360,1
REQ009899,USER000032,64133,8
REQ009900,USER006474,24470,1
REQ009901,USER005904,2419,1
REQ009902,USER001674,57857,2
REQ009903,USER003703,82973,3
REQ009904,USER001717,9957,1
REQ009905,USER007821,11179,10
REQ009906,USER002058,59245,10
REQ009907,USER002178,61642,2
REQ009908,USER000477,73653,10
REQ009909,USER000645,50812,10
REQ009910,USER001104,26659,9
REQ009911,USER002617,30309,2
REQ009912,USER004792,56131,3
REQ009913,USER007617,56506,8
REQ009914,USER005584,32620,8
REQ009915,USER002047,48774,7
REQ009916,USER008355,59936,6
REQ009917,USER006331,50150,10
REQ009918,USER002437,39459,2
REQ009919,USER007412,19862,6
REQ009920,USER009825,25202,5
REQ009921,USER003692,27264,1
REQ009922,USER004625,25354,8
REQ009923,USER006564,17938,6
REQ009924,USER008634,21388,10
REQ009925,USER004328,25938,10
REQ009926,USER005740,6406,4
REQ009927,USER000769,40019,7
REQ009928,USER000882,54937,9
REQ009929,USER003243,56579,10
REQ009930,USER006651,52068,1
REQ009931,USER000443,25160,3
REQ009932,USER000437,3541,3
REQ009933,USER001515,52860,6
REQ009934,USER004281,52140,1
REQ009935,USER003850,22694,5
REQ009936,USER000248,9937,6
REQ009937,USER001963,39116,7
REQ009938,USER000180,53455,3
REQ009939,USER001352,77821,6
REQ009940,USER004113,69984,4
REQ009941,USER002901,65049,9
REQ009942,USER000964,6605,10
REQ009943,USER005693,52447,5
REQ009944,USER007139,42001,9
REQ009945,USER008294,44710,6
REQ009946,USER007590,59675,4
REQ009947,USER001027,76600,10
REQ009948,USER006642,8510,4
REQ009949,USER006704,7522,4
REQ009950,USER003699,50765,10
REQ009951,USER008083,18867,5
REQ009952,USER005149,70481,4
REQ009953,USER004624,67192,6
REQ009954,USER001418,46936,2
REQ009955,USER000692,24994,4
REQ009956,USER009192,22843,6
REQ009957,USER005051,63785,4
REQ009958,USER001731,33792,7
REQ009959,USER004083,81459,8
REQ009960,USER008242,67942,3
REQ009961,USER002502,83029,8
REQ009962,USER005573,10627,7
REQ009963,USER001078,11039,1
REQ009964,USER003742,48069,10
REQ009965,USER003921,53466,6
REQ009966,USER009538,30122,5
REQ009967,USER005755,38912,7
REQ009968,USER003775,66633,5
REQ009969,USER004694,3048,1
REQ009970,USER004009,57314,1
REQ009971,USER008545,14909,3
REQ009972,USER007781,10980,3
REQ009973,USER008506,55569,7
REQ009974,USER005341,5020,1
REQ009975,USER000514,12628,4
REQ009976,USER003098,37713,4
REQ009977,USER001143,1171,10
REQ009978,USER007274,83459,7
REQ009979,USER008703,626,8
REQ009980,USER003446,52036,3
REQ009981,USER001433,22868,7
REQ009982,USER003105,68341,5
REQ009983,USER004235,53881,10
REQ009984,USER003526,67553,8
REQ009985,USER003680,63055,2
REQ009986,USER007366,15518,4
REQ009987,USER008144,50663,7
REQ009988,USER008920,53950,9
REQ009989,USER007388,73773,2
REQ009990,USER004519,79783,8
REQ009991,USER006944,29279,1
REQ009992,USER000400,79016,3
REQ009993,USER004093,22418,3
REQ009994,USER000449,21515,5
REQ009995,USER001600,8910,6
REQ009996,USER009813,24481,9
REQ009997,USER000787,34506,7
REQ009998,USER001453,62281,3
REQ009999,USER003156,32761,8
REQ010000,USER001322,10221,5
