request_id,user_id,timestamp,priority
REQ000001,USER004065,59686,7
REQ000002,USER000199,43412,5
REQ000003,USER002150,82176,7
REQ000004,USER003204,12951,3
REQ000005,USER002033,32811,10
REQ000006,USER002169,10279,9
REQ000007,USER000663,77218,9
REQ000008,USER001661,7157,1
REQ000009,USER003251,16170,3
REQ000010,USER000467,17266,1
REQ000011,USER002265,70993,4
REQ000012,USER002508,13595,8
REQ000013,USER002517,86059,8
REQ000014,USER002566,2883,3
REQ000015,USER002379,14810,3
REQ000016,USER000392,38384,2
REQ000017,USER004034,49498,7
REQ000018,USER002979,55878,5
REQ000019,USER002081,49417,9
REQ000020,USER003050,80560,4
REQ000021,USER002457,29848,1
REQ000022,USER004714,14577,1
REQ000023,USER000630,14446,5
REQ000024,USER004607,17772,2
REQ000025,USER001374,26051,9
REQ000026,USER001971,32016,5
REQ000027,USER003555,33728,1
REQ000028,USER004900,13911,1
REQ000029,USER002440,62961,6
REQ000030,USER003546,36783,9
REQ000031,USER004374,82127,1
REQ000032,USER000705,20474,4
REQ000033,USER000643,21597,1
REQ000034,USER003091,50814,1
REQ000035,USER001606,34014,7
REQ000036,USER002595,50820,9
REQ000037,USER004608,24311,9
REQ000038,USER001337,46269,6
REQ000039,USER000425,64271,9
REQ000040,USER003763,11385,1
REQ000041,USER000692,65545,7
REQ000042,USER003568,84345,7
REQ000043,USER001614,14772,10
REQ000044,USER000703,64606,5
REQ000045,USER002305,51232,5
REQ000046,USER000578,65060,6
REQ000047,USER004789,22735,4
REQ000048,USER002105,20467,7
REQ000049,USER000635,53031,8
REQ000050,USER001882,74700,8
REQ000051,USER002704,56005,2
REQ000052,USER001950,60024,2
REQ000053,USER000939,58581,9
REQ000054,USER000118,85969,6
REQ000055,USER000795,18760,8
REQ000056,USER000219,82731,10
REQ000057,USER003021,10886,6
REQ000058,USER000235,79885,2
REQ000059,USER002388,50365,6
REQ000060,USER004695,8559,6
REQ000061,USER001365,76610,5
REQ000062,USER004418,52492,1
REQ000063,USER004152,40890,6
REQ000064,USER004346,49746,6
REQ000065,USER003739,46063,6
REQ000066,USER000098,40602,3
REQ000067,USER001071,73291,8
REQ000068,USER003742,25571,4
REQ000069,USER004201,8240,5
REQ000070,USER003775,7255,4
REQ000071,USER001951,18642,7
REQ000072,USER001695,14119,10
REQ000073,USER002167,73680,7
REQ000074,USER001045,15538,9
REQ000075,USER003489,48436,5
REQ000076,USER000888,7445,4
REQ000077,USER002562,33332,3
REQ000078,USER004210,546,10
REQ000079,USER001659,18318,3
REQ000080,USER004925,7413,9
REQ000081,USER000698,46507,7
REQ000082,USER002442,55641,4
REQ000083,USER001934,38236,6
REQ000084,USER000776,78901,9
REQ000085,USER000077,70880,6
REQ000086,USER003434,85804,8
REQ000087,USER001151,40288,10
REQ000088,USER002131,15263,8
REQ000089,USER001550,1796,1
REQ000090,USER004239,36927,2
REQ000091,USER002508,30583,7
REQ000092,USER004598,44617,8
REQ000093,USER003945,27061,5
REQ000094,USER002759,60994,9
REQ000095,USER004739,63509,2
REQ000096,USER001242,23240,4
REQ000097,USER002051,80085,10
REQ000098,USER003101,59365,7
REQ000099,USER002139,65801,2
REQ000100,USER004445,28210,6
REQ000101,USER003996,41533,3
REQ000102,USER000917,8636,10
REQ000103,USER001927,81743,8
REQ000104,USER003709,23544,5
REQ000105,USER004790,24628,10
REQ000106,USER002195,18261,7
REQ000107,USER004636,82081,7
REQ000108,USER004730,27703,7
REQ000109,USER003675,63545,4
REQ000110,USER001640,5545,7
REQ000111,USER001096,24506,1
REQ000112,USER000847,36015,9
REQ000113,USER001414,56751,7
REQ000114,USER000840,63137,1
REQ000115,USER001800,39023,1
REQ000116,USER001295,45487,5
REQ000117,USER001884,59554,8
REQ000118,USER001714,66287,9
REQ000119,USER004705,77205,2
REQ000120,USER000824,1111,3
REQ000121,USER002749,83163,9
REQ000122,USER001752,45856,10
REQ000123,USER004691,40843,7
REQ000124,USER004650,9825,7
REQ000125,USER000639,67965,7
REQ000126,USER003403,14190,4
REQ000127,USER003383,33416,1
REQ000128,USER002251,66360,5
REQ000129,USER003770,46842,1
REQ000130,USER004504,9550,5
REQ000131,USER004430,46966,1
REQ000132,USER001498,70044,2
REQ000133,USER003920,49814,6
REQ000134,USER001553,65251,8
REQ000135,USER003668,75332,9
REQ000136,USER003904,27473,2
REQ000137,USER002593,60828,5
REQ000138,USER003113,48850,5
REQ000139,USER002561,54073,4
REQ000140,USER003933,1826,4
REQ000141,USER004894,83071,4
REQ000142,USER000094,62111,2
REQ000143,USER003995,32163,3
REQ000144,USER000088,46093,5
REQ000145,USER001561,46326,3
REQ000146,USER001603,5079,9
REQ000147,USER003145,13779,7
REQ000148,USER002737,21713,5
REQ000149,USER003489,42836,3
REQ000150,USER003060,76824,8
REQ000151,USER003653,46322,1
REQ000152,USER000747,60946,7
REQ000153,USER003195,21611,1
REQ000154,USER004609,12983,8
REQ000155,USER000341,29653,5
REQ000156,USER002932,7988,1
REQ000157,USER003381,83318,3
REQ000158,USER000595,58997,1
REQ000159,USER000025,46863,2
REQ000160,USER004859,68552,4
REQ000161,USER001397,40474,7
REQ000162,USER003192,11460,7
REQ000163,USER000725,3373,5
REQ000164,USER004226,85484,8
REQ000165,USER000116,39614,1
REQ000166,USER004491,36199,8
REQ000167,USER004372,83313,1
REQ000168,USER004958,79483,3
REQ000169,USER004107,18815,5
REQ000170,USER001531,60346,5
REQ000171,USER002917,59786,6
REQ000172,USER002824,50105,5
REQ000173,USER001396,26510,6
REQ000174,USER002015,17168,4
REQ000175,USER000428,36090,6
REQ000176,USER004429,29301,10
REQ000177,USER003486,38119,10
REQ000178,USER004136,46946,3
REQ000179,USER002760,39586,7
REQ000180,USER004259,36718,1
REQ000181,USER004774,72718,2
REQ000182,USER002757,58356,9
REQ000183,USER000658,50719,1
REQ000184,USER001664,10776,6
REQ000185,USER001570,22820,9
REQ000186,USER001653,39669,5
REQ000187,USER003143,34762,1
REQ000188,USER001240,27211,8
REQ000189,USER000210,57708,6
REQ000190,USER000335,58848,3
REQ000191,USER000594,2807,2
REQ000192,USER004072,61554,7
REQ000193,USER002333,82156,1
REQ000194,USER000527,57241,7
REQ000195,USER001086,69,1
REQ000196,USER000687,10855,8
REQ000197,USER003025,26677,3
REQ000198,USER000610,27645,6
REQ000199,USER002123,74788,2
REQ000200,USER002515,37599,7
REQ000201,USER004794,64711,3
REQ000202,USER003260,68774,10
REQ000203,USER003732,13274,2
REQ000204,USER002579,24870,10
REQ000205,USER000431,59519,6
REQ000206,USER004701,85791,10
REQ000207,USER003016,63788,6
REQ000208,USER002189,41676,5
REQ000209,USER004453,77814,4
REQ000210,USER002490,18230,10
REQ000211,USER004850,16106,8
REQ000212,USER003975,38875,3
REQ000213,USER004058,2584,7
REQ000214,USER003468,13964,2
REQ000215,USER001619,27696,10
REQ000216,USER002203,62733,9
REQ000217,USER001383,75646,7
REQ000218,USER001709,50767,1
REQ000219,USER004858,32724,8
REQ000220,USER001878,27438,6
REQ000221,USER002090,28030,6
REQ000222,USER004155,59003,4
REQ000223,USER003452,83474,3
REQ000224,USER001424,4045,6
REQ000225,USER000750,47553,4
REQ000226,USER002419,79663,3
REQ000227,USER003279,12099,8
REQ000228,USER001313,1367,4
REQ000229,USER004735,13083,6
REQ000230,USER002981,70825,10
REQ000231,USER001062,41253,4
REQ000232,USER004080,68049,3
REQ000233,USER000517,70860,1
REQ000234,USER003473,9689,6
REQ000235,USER004717,73794,9
REQ000236,USER002533,44494,3
REQ000237,USER000724,56761,1
REQ000238,USER000504,60764,3
REQ000239,USER000814,85292,2
REQ000240,USER000984,29528,3
REQ000241,USER003356,16571,6
REQ000242,USER004409,45230,8
REQ000243,USER004429,22715,4
REQ000244,USER001255,61832,8
REQ000245,USER003056,68481,2
REQ000246,USER003955,27123,9
REQ000247,USER003940,24242,2
REQ000248,USER000982,39656,4
REQ000249,USER003994,77423,9
REQ000250,USER001329,76559,7
REQ000251,USER004088,36678,10
REQ000252,USER003239,40096,8
REQ000253,USER001499,36107,7
REQ000254,USER003512,32758,5
REQ000255,USER001909,7629,2
REQ000256,USER001039,23722,10
REQ000257,USER004510,18086,8
REQ000258,USER003671,30297,6
REQ000259,USER003064,21764,4
REQ000260,USER003886,68954,1
REQ000261,USER001144,86234,3
REQ000262,USER003427,36613,5
REQ000263,USER004635,73514,6
REQ000264,USER003780,59689,1
REQ000265,USER000579,84279,2
REQ000266,USER000830,81885,10
REQ000267,USER000224,29853,7
REQ000268,USER000345,2982,7
REQ000269,USER002172,49324,3
REQ000270,USER000910,6942,4
REQ000271,USER003292,279,4
REQ000272,USER004818,15610,5
REQ000273,USER004566,62134,2
REQ000274,USER003839,34871,2
REQ000275,USER003948,57353,7
REQ000276,USER002433,45295,2
REQ000277,USER004554,19370,1
REQ000278,USER002756,62778,8
REQ000279,USER001663,15158,5
REQ000280,USER004793,37321,9
REQ000281,USER004562,73866,8
REQ000282,USER004289,43504,2
REQ000283,USER004051,6378,7
REQ000284,USER003688,51338,6
REQ000285,USER003867,53532,1
REQ000286,USER003611,7143,7
REQ000287,USER002659,20900,8
REQ000288,USER003327,47632,1
REQ000289,USER002177,30492,8
REQ000290,USER000358,45038,3
REQ000291,USER000477,64331,4
REQ000292,USER003962,41708,10
REQ000293,USER002807,60682,4
REQ000294,USER002992,51844,9
REQ000295,USER003146,85223,9
REQ000296,USER002404,53401,2
REQ000297,USER002387,8490,2
REQ000298,USER001444,11303,6
REQ000299,USER002543,19571,1
REQ000300,USER003330,36633,6
REQ000301,USER000865,53757,6
REQ000302,USER003380,65934,2
REQ000303,USER002634,45502,9
REQ000304,USER004292,31099,7
REQ000305,USER002787,8078,1
REQ000306,USER000355,59824,2
REQ000307,USER003979,85765,6
REQ000308,USER000863,4091,6
REQ000309,USER000849,68366,1
REQ000310,USER003270,7826,2
REQ000311,USER000205,33136,5
REQ000312,USER001801,9017,10
REQ000313,USER003433,74285,10
REQ000314,USER003901,32910,9
REQ000315,USER002057,65351,2
REQ000316,USER002509,57172,8
REQ000317,USER003899,45941,4
REQ000318,USER002355,44112,1
REQ000319,USER002949,49360,2
REQ000320,USER003346,59124,10
REQ000321,USER000090,66771,10
REQ000322,USER003025,15782,1
REQ000323,USER000902,35954,10
REQ000324,USER000462,42295,4
REQ000325,USER000560,35807,3
REQ000326,USER002993,22259,5
REQ000327,USER001126,44170,7
REQ000328,USER001104,43739,3
REQ000329,USER000662,40964,1
REQ000330,USER003950,57742,2
REQ000331,USER004175,59198,2
REQ000332,USER003370,51743,4
REQ000333,USER003327,65929,5
REQ000334,USER001656,58324,4
REQ000335,USER000903,16121,7
REQ000336,USER003324,85523,8
REQ000337,USER001188,69487,2
REQ000338,USER003226,25471,9
REQ000339,USER001445,32395,1
REQ000340,USER004977,59142,6
REQ000341,USER000790,39181,4
REQ000342,USER002656,78189,9
REQ000343,USER002431,67491,3
REQ000344,USER003839,50048,2
REQ000345,USER004097,78193,7
REQ000346,USER004551,73925,6
REQ000347,USER003822,14,10
REQ000348,USER002681,59875,5
REQ000349,USER003340,42207,2
REQ000350,USER004001,74766,6
REQ000351,USER004530,84960,10
REQ000352,USER004143,84516,6
REQ000353,USER000017,37800,6
REQ000354,USER001878,82860,7
REQ000355,USER000546,20331,3
REQ000356,USER001597,50558,3
REQ000357,USER004664,13561,9
REQ000358,USER002923,55421,8
REQ000359,USER001010,7012,10
REQ000360,USER001340,772,4
REQ000361,USER003277,43948,5
REQ000362,USER002623,36704,10
REQ000363,USER002260,6914,9
REQ000364,USER003046,55575,6
REQ000365,USER001570,46280,9
REQ000366,USER001695,82663,10
REQ000367,USER002918,17772,7
REQ000368,USER003627,3896,10
REQ000369,USER003240,31711,10
REQ000370,USER003057,24043,9
REQ000371,USER004046,77243,10
REQ000372,USER002044,80179,8
REQ000373,USER004570,82283,7
REQ000374,USER002263,68689,1
REQ000375,USER000123,13453,1
REQ000376,USER004980,22998,10
REQ000377,USER004168,38732,9
REQ000378,USER003395,32769,10
REQ000379,USER002204,35044,1
REQ000380,USER003820,79372,4
REQ000381,USER003929,21086,5
REQ000382,USER001455,74301,8
REQ000383,USER002651,24875,3
REQ000384,USER003389,71434,2
REQ000385,USER004505,34612,10
REQ000386,USER002249,16161,7
REQ000387,USER004059,73940,7
REQ000388,USER001009,71734,3
REQ000389,USER002419,65002,10
REQ000390,USER004882,20822,6
REQ000391,USER001609,11463,8
REQ000392,USER004882,14383,4
REQ000393,USER000693,69933,3
REQ000394,USER000016,19794,10
REQ000395,USER001651,33899,8
REQ000396,USER004181,57236,10
REQ000397,USER002419,66517,6
REQ000398,USER002140,44267,3
REQ000399,USER003730,34438,2
REQ000400,USER001085,9558,8
REQ000401,USER002496,52568,9
REQ000402,USER004783,86105,2
REQ000403,USER003628,5918,7
REQ000404,USER002517,76143,7
REQ000405,USER001184,11680,10
REQ000406,USER003196,39536,5
REQ000407,USER000157,39472,1
REQ000408,USER000530,74939,1
REQ000409,USER001514,21627,6
REQ000410,USER003176,14855,4
REQ000411,USER001974,62885,6
REQ000412,USER001183,10016,3
REQ000413,USER004988,52806,1
REQ000414,USER001658,55668,1
REQ000415,USER004702,70869,9
REQ000416,USER003185,65144,2
REQ000417,USER000216,15147,3
REQ000418,USER004842,61467,6
REQ000419,USER002102,63170,6
REQ000420,USER000880,19319,1
REQ000421,USER000853,48162,4
REQ000422,USER002997,11155,3
REQ000423,USER000400,23024,8
REQ000424,USER002539,73838,5
REQ000425,USER003432,46895,9
REQ000426,USER001984,39368,3
REQ000427,USER004054,14154,3
REQ000428,USER002194,62465,5
REQ000429,USER002959,76218,7
REQ000430,USER001217,49135,7
REQ000431,USER003515,470,5
REQ000432,USER001903,23271,4
REQ000433,USER000415,42952,8
REQ000434,USER003534,14464,1
REQ000435,USER000144,63595,2
REQ000436,USER001727,25453,10
REQ000437,USER001467,20273,1
REQ000438,USER004349,45196,7
REQ000439,USER004833,2227,1
REQ000440,USER001930,7711,2
REQ000441,USER001272,69470,2
REQ000442,USER004195,59522,5
REQ000443,USER002702,41135,7
REQ000444,USER002581,38274,7
REQ000445,USER000741,85835,8
REQ000446,USER000584,54906,3
REQ000447,USER002774,49832,2
REQ000448,USER003194,80168,7
REQ000449,USER003092,25867,2
REQ000450,USER003403,17928,7
REQ000451,USER002846,8322,8
REQ000452,USER003815,63920,2
REQ000453,USER000360,62690,5
REQ000454,USER004204,42529,4
REQ000455,USER002621,29143,2
REQ000456,USER004600,84724,6
REQ000457,USER002080,67116,1
REQ000458,USER001476,20762,7
REQ000459,USER001703,12735,2
REQ000460,USER004014,1768,9
REQ000461,USER000946,58151,1
REQ000462,USER004757,76863,1
REQ000463,USER003629,45776,9
REQ000464,USER002014,58804,2
REQ000465,USER003416,69171,2
REQ000466,USER002352,79152,9
REQ000467,USER002054,31193,5
REQ000468,USER004497,21511,8
REQ000469,USER000483,41791,5
REQ000470,USER004269,74278,4
REQ000471,USER001710,34960,10
REQ000472,USER003146,9552,4
REQ000473,USER004492,68338,10
REQ000474,USER001839,79926,5
REQ000475,USER004421,10858,1
REQ000476,USER002031,26429,8
REQ000477,USER000812,13804,1
REQ000478,USER001249,20293,1
REQ000479,USER004960,56417,1
REQ000480,USER004231,69409,3
REQ000481,USER003846,14393,7
REQ000482,USER004795,47546,1
REQ000483,USER000870,82831,6
REQ000484,USER003327,12725,10
REQ000485,USER004077,15625,8
REQ000486,USER003413,37242,4
REQ000487,USER004306,46892,10
REQ000488,USER002066,34343,8
REQ000489,USER004649,56706,1
REQ000490,USER004989,50803,5
REQ000491,USER004668,12349,10
REQ000492,USER004894,74837,7
REQ000493,USER002825,20533,8
REQ000494,USER001957,25536,9
REQ000495,USER003142,71761,3
REQ000496,USER000082,81906,3
REQ000497,USER002959,55757,10
REQ000498,USER000270,47532,10
REQ000499,USER002082,4216,5
REQ000500,USER001713,4730,5
REQ000501,USER003712,44266,7
REQ000502,USER001818,80707,6
REQ000503,USER002851,40317,3
REQ000504,USER001934,13613,4
REQ000505,USER000565,46613,7
REQ000506,USER002660,45152,4
REQ000507,USER003573,62126,6
REQ000508,USER000349,13651,9
REQ000509,USER001139,74807,10
REQ000510,USER001093,9333,2
REQ000511,USER002801,79736,7
REQ000512,USER004165,35181,3
REQ000513,USER002915,55031,8
REQ000514,USER004225,37464,9
REQ000515,USER004858,33231,6
REQ000516,USER001923,82990,6
REQ000517,USER001743,81351,2
REQ000518,USER002454,67905,5
REQ000519,USER001508,7774,5
REQ000520,USER003608,42939,6
REQ000521,USER004987,10916,7
REQ000522,USER002176,64768,3
REQ000523,USER000450,10038,10
REQ000524,USER002498,9029,8
REQ000525,USER004697,3803,6
REQ000526,USER000167,40833,10
REQ000527,USER000002,5900,4
REQ000528,USER001000,13276,1
REQ000529,USER002198,74416,1
REQ000530,USER002422,77989,7
REQ000531,USER004562,42413,5
REQ000532,USER002408,56110,5
REQ000533,USER002245,64375,9
REQ000534,USER002321,2611,9
REQ000535,USER001895,57265,1
REQ000536,USER002046,58535,1
REQ000537,USER000850,53820,2
REQ000538,USER004465,31195,4
REQ000539,USER001918,55790,1
REQ000540,USER000659,4349,7
REQ000541,USER003427,54682,10
REQ000542,USER003754,6397,7
REQ000543,USER003622,31179,7
REQ000544,USER003545,25129,4
REQ000545,USER001383,47957,4
REQ000546,USER003355,63868,8
REQ000547,USER001363,51716,8
REQ000548,USER003295,43496,10
REQ000549,USER000492,58224,3
REQ000550,USER004122,17695,8
REQ000551,USER003054,46720,8
REQ000552,USER004242,69703,1
REQ000553,USER000960,61207,1
REQ000554,USER003334,7594,4
REQ000555,USER004884,12641,2
REQ000556,USER001238,78076,6
REQ000557,USER002075,12914,5
REQ000558,USER004048,82686,2
REQ000559,USER001452,54105,3
REQ000560,USER002762,71719,6
REQ000561,USER004974,57283,7
REQ000562,USER000808,82548,4
REQ000563,USER004958,46069,7
REQ000564,USER002414,68677,8
REQ000565,USER002063,7254,5
REQ000566,USER004926,50443,4
REQ000567,USER004660,33622,6
REQ000568,USER002777,74813,9
REQ000569,USER004113,66513,9
REQ000570,USER003810,52851,10
REQ000571,USER003680,59363,6
REQ000572,USER001275,44943,4
REQ000573,USER001848,17451,10
REQ000574,USER000099,26512,5
REQ000575,USER000397,74345,5
REQ000576,USER001423,73872,10
REQ000577,USER002455,40094,2
REQ000578,USER003881,74864,7
REQ000579,USER002914,65458,7
REQ000580,USER004079,83962,9
REQ000581,USER000293,78653,1
REQ000582,USER001313,80725,2
REQ000583,USER003803,71749,8
REQ000584,USER002002,68568,5
REQ000585,USER003461,46334,9
REQ000586,USER002597,63459,1
REQ000587,USER000672,34611,10
REQ000588,USER003316,8406,4
REQ000589,USER000234,53258,5
REQ000590,USER001285,56914,3
REQ000591,USER004573,23332,4
REQ000592,USER004478,3235,4
REQ000593,USER002518,70476,10
REQ000594,USER000877,33156,9
REQ000595,USER000064,81084,10
REQ000596,USER002405,76861,8
REQ000597,USER003831,46452,8
REQ000598,USER004510,80483,6
REQ000599,USER000991,2225,9
REQ000600,USER001525,25419,8
REQ000601,USER002862,55981,6
REQ000602,USER000855,43109,5
REQ000603,USER002710,56476,8
REQ000604,USER001717,53213,9
REQ000605,USER003226,23329,5
REQ000606,USER003914,69862,9
REQ000607,USER004818,3348,3
REQ000608,USER002380,4569,4
REQ000609,USER004180,35967,8
REQ000610,USER001670,66012,4
REQ000611,USER000116,25269,4
REQ000612,USER001500,56477,4
REQ000613,USER002041,7703,2
REQ000614,USER000958,81985,3
REQ000615,USER003624,81726,1
REQ000616,USER004331,76842,8
REQ000617,USER002590,65122,2
REQ000618,USER000034,82580,5
REQ000619,USER000315,57961,7
REQ000620,USER000073,86088,6
REQ000621,USER000603,73186,8
REQ000622,USER000470,4861,5
REQ000623,USER000210,5386,6
REQ000624,USER004205,1343,2
REQ000625,USER001665,25151,5
REQ000626,USER001376,41679,5
REQ000627,USER002861,62799,1
REQ000628,USER001263,19672,3
REQ000629,USER004251,57724,8
REQ000630,USER002377,58102,2
REQ000631,USER000895,9919,10
REQ000632,USER000931,59733,2
REQ000633,USER002651,20872,2
REQ000634,USER001660,68058,7
REQ000635,USER004652,16478,10
REQ000636,USER003960,75899,10
REQ000637,USER001686,51451,7
REQ000638,USER004307,27048,9
REQ000639,USER000423,52475,4
REQ000640,USER001133,19027,1
REQ000641,USER000574,44770,4
REQ000642,USER003113,2680,6
REQ000643,USER004046,30111,4
REQ000644,USER001493,55348,1
REQ000645,USER002787,35061,4
REQ000646,USER003405,37171,1
REQ000647,USER003146,64010,9
REQ000648,USER000009,31154,5
REQ000649,USER004898,39419,9
REQ000650,USER002740,22626,6
REQ000651,USER002126,78640,3
REQ000652,USER000048,36725,10
REQ000653,USER001056,62115,2
REQ000654,USER000188,70531,6
REQ000655,USER001330,76429,5
REQ000656,USER004968,82393,10
REQ000657,USER004708,15895,5
REQ000658,USER002242,5286,9
REQ000659,USER001385,61560,1
REQ000660,USER003274,62861,6
REQ000661,USER000060,52815,7
REQ000662,USER003761,84510,2
REQ000663,USER001926,41818,2
REQ000664,USER001956,14486,4
REQ000665,USER000979,48961,5
REQ000666,USER000347,12156,2
REQ000667,USER000072,78786,4
REQ000668,USER000574,32379,9
REQ000669,USER001268,13419,9
REQ000670,USER000983,13958,5
REQ000671,USER002918,77450,3
REQ000672,USER003393,38800,5
REQ000673,USER002399,13644,3
REQ000674,USER002862,23364,10
REQ000675,USER004738,38235,7
REQ000676,USER003803,79799,7
REQ000677,USER000651,69656,5
REQ000678,USER004520,28822,5
REQ000679,USER003604,22176,1
REQ000680,USER000825,65924,7
REQ000681,USER001553,77936,2
REQ000682,USER004761,26147,4
REQ000683,USER002919,28184,9
REQ000684,USER000492,84197,8
REQ000685,USER002761,82437,6
REQ000686,USER003549,66379,8
REQ000687,USER002715,81672,1
REQ000688,USER001552,7287,6
REQ000689,USER002530,82983,2
REQ000690,USER000085,11427,7
REQ000691,USER003436,53128,2
REQ000692,USER001346,5547,6
REQ000693,USER003762,5181,8
REQ000694,USER004432,37347,10
REQ000695,USER001530,42692,8
REQ000696,USER001543,65605,3
REQ000697,USER000961,58215,10
REQ000698,USER004031,29144,9
REQ000699,USER003845,63033,3
REQ000700,USER000562,31865,6
REQ000701,USER003742,67465,6
REQ000702,USER003818,51347,3
REQ000703,USER004527,46629,3
REQ000704,USER001210,76437,7
REQ000705,USER002856,9204,5
REQ000706,USER002677,61485,7
REQ000707,USER000016,73615,9
REQ000708,USER000106,1977,5
REQ000709,USER001076,5574,7
REQ000710,USER004553,59065,3
REQ000711,USER004769,14300,10
REQ000712,USER002523,33189,2
REQ000713,USER004606,55654,9
REQ000714,USER003459,54980,8
REQ000715,USER003278,72340,7
REQ000716,USER002550,59576,3
REQ000717,USER001417,20985,10
REQ000718,USER004962,65643,1
REQ000719,USER002649,79119,4
REQ000720,USER002192,71126,8
REQ000721,USER002993,16798,3
REQ000722,USER000655,10336,3
REQ000723,USER000780,60712,8
REQ000724,USER000246,58111,1
REQ000725,USER001822,17020,6
REQ000726,USER000061,61843,9
REQ000727,USER000470,6965,1
REQ000728,USER003622,82105,4
REQ000729,USER001809,68523,5
REQ000730,USER004561,53689,9
REQ000731,USER002164,177,9
REQ000732,USER001084,2850,9
REQ000733,USER001528,69071,3
REQ000734,USER004032,21140,3
REQ000735,USER001059,43830,2
REQ000736,USER004290,19086,9
REQ000737,USER001594,32075,5
REQ000738,USER001490,6939,1
REQ000739,USER002945,50187,8
REQ000740,USER001220,82677,10
REQ000741,USER004038,62170,1
REQ000742,USER002689,48316,2
REQ000743,USER001377,5670,10
REQ000744,USER003655,69997,4
REQ000745,USER002604,24793,1
REQ000746,USER000491,42598,10
REQ000747,USER004808,42531,4
REQ000748,USER002343,77696,6
REQ000749,USER001118,68787,1
REQ000750,USER004155,73641,5
REQ000751,USER003643,5023,1
REQ000752,USER001855,85370,5
REQ000753,USER000379,38903,9
REQ000754,USER000106,82943,5
REQ000755,USER004155,21872,2
REQ000756,USER003247,65512,3
REQ000757,USER001004,42750,1
REQ000758,USER000285,55048,1
REQ000759,USER001496,35878,1
REQ000760,USER001885,55366,4
REQ000761,USER000957,28132,6
REQ000762,USER001850,15146,6
REQ000763,USER000760,9930,5
REQ000764,USER002424,73674,6
REQ000765,USER003338,58503,9
REQ000766,USER001402,30093,9
REQ000767,USER002684,11894,8
REQ000768,USER000754,77089,10
REQ000769,USER003134,64035,6
REQ000770,USER000025,22692,10
REQ000771,USER001161,42363,1
REQ000772,USER002872,25867,8
REQ000773,USER001512,85307,7
REQ000774,USER002412,38077,1
REQ000775,USER000442,74776,9
REQ000776,USER001211,31105,1
REQ000777,USER002571,82490,1
REQ000778,USER001528,59779,2
REQ000779,USER000830,36300,1
REQ000780,USER001446,37915,9
REQ000781,USER003426,65934,8
REQ000782,USER001585,54809,4
REQ000783,USER004955,54382,7
REQ000784,USER003618,59133,1
REQ000785,USER000051,66254,10
REQ000786,USER000535,60097,7
REQ000787,USER002535,23990,2
REQ000788,USER003062,79820,2
REQ000789,USER002698,33458,3
REQ000790,USER003816,10736,4
REQ000791,USER001715,70897,6
REQ000792,USER001657,66676,3
REQ000793,USER004884,3279,8
REQ000794,USER003590,16747,3
REQ000795,USER001640,79139,8
REQ000796,USER003876,71420,1
REQ000797,USER003899,58001,3
REQ000798,USER001541,28826,1
REQ000799,USER003928,36102,9
REQ000800,USER002234,82790,10
REQ000801,USER000690,52584,9
REQ000802,USER000773,15430,8
REQ000803,USER003245,46075,5
REQ000804,USER003843,22196,4
REQ000805,USER004110,19971,7
REQ000806,USER003427,7249,3
REQ000807,USER000268,64382,7
REQ000808,USER003348,75435,1
REQ000809,USER004804,39381,10
REQ000810,USER002140,83484,2
REQ000811,USER004996,31453,5
REQ000812,USER004901,79459,6
REQ000813,USER002882,33490,8
REQ000814,USER000804,30762,7
REQ000815,USER002767,1038,7
REQ000816,USER004943,72978,8
REQ000817,USER001857,67666,9
REQ000818,USER004418,30329,3
REQ000819,USER002620,41306,9
REQ000820,USER002667,17410,4
REQ000821,USER001123,32298,9
REQ000822,USER000725,21018,1
REQ000823,USER000235,6962,7
REQ000824,USER003232,79260,9
REQ000825,USER001742,6542,10
REQ000826,USER000180,18469,7
REQ000827,USER004393,6020,6
REQ000828,USER003151,56306,5
REQ000829,USER003508,59135,9
REQ000830,USER002326,37342,7
REQ000831,USER002308,41701,5
REQ000832,USER002651,59025,3
REQ000833,USER002586,74636,6
REQ000834,USER004632,76354,3
REQ000835,USER001676,30531,7
REQ000836,USER004468,32421,4
REQ000837,USER000967,19480,2
REQ000838,USER001524,28702,6
REQ000839,USER000884,30034,6
REQ000840,USER003526,82504,4
REQ000841,USER003016,55019,4
REQ000842,USER003700,63391,4
REQ000843,USER000071,37912,1
REQ000844,USER001140,74801,6
REQ000845,USER000843,72764,2
REQ000846,USER002691,54444,4
REQ000847,USER002653,11450,6
REQ000848,USER001200,10003,6
REQ000849,USER002540,65466,2
REQ000850,USER002003,32395,8
REQ000851,USER004895,43932,2
REQ000852,USER002281,6667,7
REQ000853,USER000534,48919,8
REQ000854,USER003815,16418,1
REQ000855,USER002370,53749,9
REQ000856,USER000193,25315,10
REQ000857,USER000864,58125,8
REQ000858,USER002448,20391,9
REQ000859,USER002557,1975,5
REQ000860,USER000996,43618,9
REQ000861,USER000026,66532,4
REQ000862,USER003737,39854,2
REQ000863,USER003919,9947,9
REQ000864,USER001593,43331,9
REQ000865,USER004512,77664,2
REQ000866,USER001096,61201,4
REQ000867,USER003917,13262,4
REQ000868,USER001434,63490,3
REQ000869,USER000261,79230,10
REQ000870,USER002242,14200,6
REQ000871,USER001437,82853,2
REQ000872,USER002493,42476,6
REQ000873,USER003983,33502,8
REQ000874,USER000493,30422,6
REQ000875,USER000486,54518,6
REQ000876,USER003748,22485,7
REQ000877,USER003457,52627,6
REQ000878,USER001802,7453,4
REQ000879,USER004881,15405,8
REQ000880,USER003409,76777,5
REQ000881,USER000042,4893,9
REQ000882,USER000554,52759,10
REQ000883,USER001641,2556,7
REQ000884,USER003234,360,1
REQ000885,USER003720,59332,6
REQ000886,USER001668,40631,5
REQ000887,USER000656,26133,5
REQ000888,USER001831,51007,5
REQ000889,USER000975,12023,1
REQ000890,USER000670,23968,7
REQ000891,USER003245,35516,9
REQ000892,USER000903,2506,6
REQ000893,USER000144,81596,1
REQ000894,USER002707,12612,1
REQ000895,USER002770,4462,9
REQ000896,USER002010,15187,3
REQ000897,USER000724,3750,3
REQ000898,USER004827,59650,4
REQ000899,USER003114,55414,4
REQ000900,USER001488,24306,10
REQ000901,USER004774,42317,4
REQ000902,USER002589,23319,10
REQ000903,USER002359,54819,2
REQ000904,USER001021,68457,4
REQ000905,USER004181,30815,5
REQ000906,USER004964,75633,1
REQ000907,USER002597,60742,9
REQ000908,USER000911,37423,9
REQ000909,USER003719,31213,2
REQ000910,USER000192,12095,2
REQ000911,USER001869,56978,2
REQ000912,USER004378,54577,7
REQ000913,USER001311,31705,7
REQ000914,USER000640,16339,10
REQ000915,USER001635,21807,3
REQ000916,USER003494,40585,9
REQ000917,USER002858,21568,5
REQ000918,USER004898,20363,6
REQ000919,USER003312,1175,7
REQ000920,USER004461,41498,9
REQ000921,USER004514,25143,6
REQ000922,USER003133,60514,9
REQ000923,USER001112,74959,7
REQ000924,USER002481,71514,4
REQ000925,USER002115,40279,8
REQ000926,USER001563,78020,1
REQ000927,USER003765,60433,5
REQ000928,USER000255,60140,6
REQ000929,USER000251,59261,4
REQ000930,USER003943,41919,2
REQ000931,USER001744,68932,3
REQ000932,USER002558,19371,2
REQ000933,USER000189,39499,4
REQ000934,USER003714,70664,7
REQ000935,USER000974,45919,4
REQ000936,USER000629,82916,4
REQ000937,USER004821,67594,6
REQ000938,USER002322,47423,2
REQ000939,USER003605,7568,6
REQ000940,USER000976,84207,10
REQ000941,USER001168,10192,7
REQ000942,USER001421,55300,7
REQ000943,USER003184,15167,8
REQ000944,USER003788,48903,7
REQ000945,USER003854,76009,2
REQ000946,USER000032,25690,7
REQ000947,USER000867,53830,4
REQ000948,USER000628,69095,3
REQ000949,USER002644,46590,6
REQ000950,USER003497,18663,1
REQ000951,USER004661,1551,9
REQ000952,USER004316,83559,6
REQ000953,USER000080,55355,7
REQ000954,USER003034,62129,6
REQ000955,USER000809,38432,4
REQ000956,USER004420,78747,7
REQ000957,USER004714,68080,1
REQ000958,USER004922,80034,3
REQ000959,USER003858,71905,9
REQ000960,USER003167,5249,8
REQ000961,USER004507,13518,4
REQ000962,USER004547,83294,6
REQ000963,USER000295,47993,9
REQ000964,USER003819,25393,3
REQ000965,USER002946,26185,9
REQ000966,USER003722,80623,9
REQ000967,USER002369,42249,2
REQ000968,USER001939,77083,4
REQ000969,USER003926,58048,4
REQ000970,USER003450,60159,9
REQ000971,USER001955,54881,2
REQ000972,USER004247,79249,8
REQ000973,USER003064,39265,5
REQ000974,USER002306,58276,8
REQ000975,USER003274,52100,2
REQ000976,USER000158,37482,8
REQ000977,USER000189,26916,4
REQ000978,USER001085,76849,10
REQ000979,USER003675,22626,10
REQ000980,USER002141,45795,7
REQ000981,USER001946,17401,10
REQ000982,USER004853,70841,5
REQ000983,USER001470,12975,7
REQ000984,USER000735,44550,1
REQ000985,USER004141,31917,9
REQ000986,USER000423,19859,8
REQ000987,USER002467,76519,3
REQ000988,USER001020,11648,7
REQ000989,USER003752,7570,8
REQ000990,USER004968,46020,9
REQ000991,USER004068,40324,1
REQ000992,USER004321,46588,8
REQ000993,USER000981,10319,4
REQ000994,USER004245,80610,10
REQ000995,USER002727,40294,1
REQ000996,USER000442,22804,4
REQ000997,USER002271,6220,8
REQ000998,USER001979,58126,9
REQ000999,USER000512,27731,4
REQ001000,USER001718,53277,6
REQ001001,USER002213,56718,2
REQ001002,USER001647,72612,9
REQ001003,USER002188,13337,1
REQ001004,USER002722,7264,8
REQ001005,USER004652,56592,9
REQ001006,USER004410,64350,7
REQ001007,USER002964,54536,5
REQ001008,USER000732,19509,10
REQ001009,USER003525,69907,10
REQ001010,USER000547,65520,6
REQ001011,USER001112,52240,9
REQ001012,USER002522,40666,2
REQ001013,USER004826,39487,9
REQ001014,USER002066,56410,10
REQ001015,USER002168,3325,9
REQ001016,USER002125,80561,3
REQ001017,USER004393,7932,8
REQ001018,USER001509,76021,8
REQ001019,USER002323,21554,3
REQ001020,USER003296,24943,10
REQ001021,USER004275,54470,1
REQ001022,USER002528,72118,9
REQ001023,USER001420,23617,6
REQ001024,USER001673,11147,1
REQ001025,USER004026,67350,6
REQ001026,USER003319,10958,10
REQ001027,USER004264,20847,7
REQ001028,USER001613,74859,9
REQ001029,USER001517,69341,9
REQ001030,USER004663,47652,2
REQ001031,USER003442,78774,3
REQ001032,USER000634,54219,9
REQ001033,USER000674,77989,10
REQ001034,USER001507,58239,3
REQ001035,USER001466,46925,3
REQ001036,USER002515,30840,7
REQ001037,USER003717,13726,2
REQ001038,USER004141,33403,7
REQ001039,USER000753,50725,9
REQ001040,USER001396,84514,4
REQ001041,USER003976,36504,4
REQ001042,USER001799,8266,4
REQ001043,USER004728,13262,10
REQ001044,USER002307,56543,5
REQ001045,USER002165,38049,1
REQ001046,USER004717,81362,3
REQ001047,USER002568,69035,2
REQ001048,USER004138,9007,8
REQ001049,USER001911,39705,7
REQ001050,USER001229,36988,9
REQ001051,USER001424,19694,5
REQ001052,USER003356,20296,2
REQ001053,USER000056,11637,8
REQ001054,USER001047,69223,1
REQ001055,USER002864,55172,1
REQ001056,USER000373,81151,10
REQ001057,USER003221,83526,9
REQ001058,USER004472,74070,3
REQ001059,USER002890,58,7
REQ001060,USER002937,59231,6
REQ001061,USER001162,35142,8
REQ001062,USER000029,5663,4
REQ001063,USER003844,22043,5
REQ001064,USER002911,46194,3
REQ001065,USER004979,21207,2
REQ001066,USER004502,50787,6
REQ001067,USER003701,11636,5
REQ001068,USER000856,55279,7
REQ001069,USER002448,11621,1
REQ001070,USER004317,78299,4
REQ001071,USER003302,62745,3
REQ001072,USER001422,86014,2
REQ001073,USER001871,76092,9
REQ001074,USER001629,23630,4
REQ001075,USER003127,22033,7
REQ001076,USER004105,68025,1
REQ001077,USER003399,38368,7
REQ001078,USER002553,75305,4
REQ001079,USER004404,22008,2
REQ001080,USER004572,22244,7
REQ001081,USER001110,50017,9
REQ001082,USER002620,66007,7
REQ001083,USER004694,56395,10
REQ001084,USER000957,16641,5
REQ001085,USER004906,18364,3
REQ001086,USER003933,61556,1
REQ001087,USER004168,45370,10
REQ001088,USER002210,81708,8
REQ001089,USER002932,85701,5
REQ001090,USER002603,72296,4
REQ001091,USER003931,64198,6
REQ001092,USER002723,27458,5
REQ001093,USER001773,81051,3
REQ001094,USER000802,41165,5
REQ001095,USER002994,51770,5
REQ001096,USER000581,50362,3
REQ001097,USER000426,3373,6
REQ001098,USER004610,56327,5
REQ001099,USER004853,83757,9
REQ001100,USER004706,36590,8
REQ001101,USER001187,79800,7
REQ001102,USER001764,61285,6
REQ001103,USER003927,13554,10
REQ001104,USER000154,68296,5
REQ001105,USER001306,16501,7
REQ001106,USER002691,79934,8
REQ001107,USER004995,84128,1
REQ001108,USER000454,44671,3
REQ001109,USER001314,29036,5
REQ001110,USER000139,45620,2
REQ001111,USER002628,81287,1
REQ001112,USER004463,27672,6
REQ001113,USER003160,58341,4
REQ001114,USER003445,30581,2
REQ001115,USER001228,70720,10
REQ001116,USER003935,55121,2
REQ001117,USER001544,61081,1
REQ001118,USER001778,61415,3
REQ001119,USER002383,81864,10
REQ001120,USER002324,2054,7
REQ001121,USER001907,70002,8
REQ001122,USER001606,22441,3
REQ001123,USER000030,38968,8
REQ001124,USER001772,53553,2
REQ001125,USER002437,7011,1
REQ001126,USER004380,74381,10
REQ001127,USER000099,18826,4
REQ001128,USER004385,23814,4
REQ001129,USER002795,37518,1
REQ001130,USER003328,51568,4
REQ001131,USER000145,17546,5
REQ001132,USER001515,67698,2
REQ001133,USER001837,81186,2
REQ001134,USER002188,47341,7
REQ001135,USER002493,59522,10
REQ001136,USER000823,485,5
REQ001137,USER002673,20955,4
REQ001138,USER001732,12500,8
REQ001139,USER004631,29974,3
REQ001140,USER001406,71181,1
REQ001141,USER000932,244,10
REQ001142,USER001927,32597,5
REQ001143,USER001547,16638,3
REQ001144,USER000794,85040,7
REQ001145,USER001398,85600,9
REQ001146,USER000712,28749,6
REQ001147,USER001171,48513,7
REQ001148,USER001979,62968,2
REQ001149,USER001227,9174,4
REQ001150,USER003548,58653,3
REQ001151,USER003701,75371,10
REQ001152,USER004332,49695,10
REQ001153,USER003831,29581,8
REQ001154,USER001811,67024,10
REQ001155,USER002930,36702,9
REQ001156,USER002333,51693,5
REQ001157,USER000838,12100,1
REQ001158,USER002779,12389,10
REQ001159,USER000998,48935,10
REQ001160,USER000209,40800,5
REQ001161,USER000561,19959,2
REQ001162,USER000786,36462,10
REQ001163,USER001769,30627,3
REQ001164,USER002143,5605,2
REQ001165,USER000317,46557,9
REQ001166,USER000960,43240,2
REQ001167,USER002855,84578,2
REQ001168,USER004031,70799,2
REQ001169,USER004771,42925,6
REQ001170,USER004310,6819,3
REQ001171,USER000300,34096,9
REQ001172,USER000646,9991,2
REQ001173,USER001778,86144,10
REQ001174,USER003368,53928,8
REQ001175,USER002966,52598,9
REQ001176,USER003749,61563,8
REQ001177,USER001719,15829,9
REQ001178,USER002288,37746,7
REQ001179,USER000793,8918,1
REQ001180,USER002455,71864,3
REQ001181,USER003981,66751,10
REQ001182,USER003372,30990,4
REQ001183,USER001796,51731,5
REQ001184,USER003471,35443,6
REQ001185,USER000829,36503,7
REQ001186,USER001164,14462,6
REQ001187,USER001910,56778,2
REQ001188,USER004950,36225,5
REQ001189,USER002501,33958,1
REQ001190,USER003779,46043,1
REQ001191,USER004500,69997,1
REQ001192,USER001832,9806,9
REQ001193,USER002658,83274,8
REQ001194,USER001288,16481,1
REQ001195,USER004368,69502,8
REQ001196,USER000064,76679,1
REQ001197,USER004839,56690,2
REQ001198,USER001504,41831,10
REQ001199,USER003476,3914,5
REQ001200,USER002865,37248,2
REQ001201,USER004068,35065,6
REQ001202,USER001745,31254,10
REQ001203,USER003562,85480,1
REQ001204,USER001701,66292,6
REQ001205,USER002656,38276,10
REQ001206,USER000748,14863,3
REQ001207,USER001793,51626,5
REQ001208,USER003801,2461,5
REQ001209,USER004738,65507,7
REQ001210,USER001217,81666,6
REQ001211,USER004505,43986,2
REQ001212,USER004945,76235,8
REQ001213,USER001816,3071,5
REQ001214,USER001271,32281,9
REQ001215,USER000882,49487,7
REQ001216,USER000724,57929,10
REQ001217,USER001501,2673,4
REQ001218,USER000673,7417,7
REQ001219,USER002479,66497,9
REQ001220,USER000877,39754,1
REQ001221,USER003876,29738,1
REQ001222,USER003729,5995,9
REQ001223,USER002655,62503,1
REQ001224,USER004985,19788,3
REQ001225,USER003737,26506,6
REQ001226,USER001447,17422,2
REQ001227,USER001854,49933,9
REQ001228,USER004382,57140,2
REQ001229,USER000882,31245,5
REQ001230,USER002423,44069,3
REQ001231,USER004120,53312,2
REQ001232,USER001519,31903,4
REQ001233,USER003527,65348,7
REQ001234,USER000679,59355,1
REQ001235,USER004280,35250,2
REQ001236,USER000699,2013,10
REQ001237,USER003294,57579,5
REQ001238,USER001153,7667,3
REQ001239,USER000104,85914,4
REQ001240,USER001597,84481,2
REQ001241,USER002988,31274,6
REQ001242,USER001136,62773,10
REQ001243,USER003075,62927,6
REQ001244,USER001698,18701,5
REQ001245,USER003570,46218,1
REQ001246,USER001142,63790,6
REQ001247,USER003635,22865,3
REQ001248,USER001487,47341,7
REQ001249,USER003469,2715,1
REQ001250,USER004376,4698,4
REQ001251,USER000602,56605,2
REQ001252,USER000489,83516,7
REQ001253,USER000606,40934,6
REQ001254,USER000918,21725,4
REQ001255,USER004423,50533,10
REQ001256,USER002810,73732,4
REQ001257,USER002426,80909,6
REQ001258,USER004897,19428,9
REQ001259,USER001435,80813,6
REQ001260,USER002490,70961,8
REQ001261,USER003601,35983,10
REQ001262,USER000088,14005,2
REQ001263,USER004781,4240,8
REQ001264,USER003200,78006,3
REQ001265,USER004729,1165,3
REQ001266,USER002747,7431,4
REQ001267,USER001747,42071,5
REQ001268,USER001852,59613,10
REQ001269,USER000863,58783,6
REQ001270,USER003297,85209,7
REQ001271,USER004100,83676,1
REQ001272,USER000454,44899,9
REQ001273,USER000626,22388,7
REQ001274,USER001652,27611,1
REQ001275,USER001053,10667,5
REQ001276,USER000724,11445,6
REQ001277,USER003396,29190,5
REQ001278,USER002392,1357,1
REQ001279,USER002475,61952,7
REQ001280,USER004867,71846,5
REQ001281,USER003508,56686,10
REQ001282,USER002779,56991,2
REQ001283,USER002699,16715,4
REQ001284,USER002491,56963,6
REQ001285,USER001910,66119,1
REQ001286,USER002327,22321,8
REQ001287,USER004450,22276,1
REQ001288,USER004138,19982,8
REQ001289,USER000215,4465,5
REQ001290,USER001990,36229,6
REQ001291,USER004749,29236,2
REQ001292,USER000462,72691,2
REQ001293,USER002758,33687,5
REQ001294,USER001494,38913,2
REQ001295,USER002075,82827,8
REQ001296,USER003382,14106,4
REQ001297,USER003610,73551,10
REQ001298,USER002837,40649,2
REQ001299,USER004001,65599,2
REQ001300,USER001686,34977,6
REQ001301,USER000991,76880,10
REQ001302,USER002549,300,1
REQ001303,USER002610,9429,9
REQ001304,USER003287,1065,1
REQ001305,USER000417,40912,2
REQ001306,USER004742,41920,6
REQ001307,USER000489,27803,1
REQ001308,USER002306,13622,4
REQ001309,USER003348,56020,4
REQ001310,USER003352,72492,3
REQ001311,USER003178,77968,7
REQ001312,USER003162,50470,8
REQ001313,USER000013,67541,1
REQ001314,USER003460,14154,3
REQ001315,USER002948,59395,2
REQ001316,USER003300,1036,10
REQ001317,USER003514,85397,2
REQ001318,USER003996,33361,7
REQ001319,USER004164,68685,10
REQ001320,USER000363,46214,2
REQ001321,USER000623,78193,8
REQ001322,USER001625,5251,5
REQ001323,USER002884,55366,10
REQ001324,USER004979,61611,8
REQ001325,USER003219,26956,5
REQ001326,USER004982,21069,2
REQ001327,USER003098,17976,2
REQ001328,USER001967,55142,10
REQ001329,USER004152,37075,4
REQ001330,USER002380,42769,2
REQ001331,USER001229,78641,9
REQ001332,USER001520,74071,1
REQ001333,USER000612,10176,7
REQ001334,USER000361,3769,10
REQ001335,USER004877,5510,5
REQ001336,USER003768,28999,5
REQ001337,USER004241,47242,3
REQ001338,USER002545,82585,5
REQ001339,USER002955,64798,6
REQ001340,USER004367,3581,6
REQ001341,USER003261,44628,7
REQ001342,USER004602,8263,1
REQ001343,USER001582,31915,9
REQ001344,USER004640,45451,4
REQ001345,USER002462,7976,6
REQ001346,USER000049,58759,5
REQ001347,USER004197,49747,2
REQ001348,USER000531,28168,3
REQ001349,USER004729,64437,5
REQ001350,USER003910,38485,5
REQ001351,USER001634,60855,7
REQ001352,USER003191,71765,6
REQ001353,USER003117,65647,8
REQ001354,USER000861,81799,5
REQ001355,USER002738,12246,9
REQ001356,USER001953,65637,1
REQ001357,USER003083,67829,1
REQ001358,USER000692,54797,8
REQ001359,USER001560,9866,4
REQ001360,USER003238,10623,1
REQ001361,USER004047,13919,4
REQ001362,USER000739,54121,9
REQ001363,USER001058,31204,7
REQ001364,USER004406,13144,6
REQ001365,USER002567,77619,6
REQ001366,USER002982,1800,6
REQ001367,USER001117,27765,4
REQ001368,USER002059,21301,8
REQ001369,USER002444,76488,1
REQ001370,USER002888,51348,6
REQ001371,USER000080,83771,10
REQ001372,USER004253,27383,9
REQ001373,USER000027,1956,2
REQ001374,USER003295,70609,6
REQ001375,USER000560,25697,8
REQ001376,USER003245,46110,1
REQ001377,USER004840,5185,7
REQ001378,USER000644,49072,2
REQ001379,USER000347,53141,2
REQ001380,USER002445,84643,10
REQ001381,USER000136,68772,4
REQ001382,USER000081,30702,7
REQ001383,USER000062,45895,5
REQ001384,USER003030,73185,8
REQ001385,USER000670,6181,7
REQ001386,USER004298,2270,6
REQ001387,USER004557,67184,10
REQ001388,USER002741,7927,4
REQ001389,USER003629,53556,8
REQ001390,USER002175,84776,1
REQ001391,USER000454,22589,4
REQ001392,USER001610,9340,3
REQ001393,USER003501,52871,9
REQ001394,USER001752,18337,10
REQ001395,USER002057,24245,10
REQ001396,USER002567,14356,3
REQ001397,USER003217,3097,10
REQ001398,USER001563,78856,3
REQ001399,USER004057,80464,9
REQ001400,USER001935,23762,3
REQ001401,USER002976,62736,8
REQ001402,USER001059,64474,8
REQ001403,USER003963,33467,6
REQ001404,USER003709,33185,4
REQ001405,USER000091,25609,10
REQ001406,USER003708,31991,7
REQ001407,USER003024,61430,3
REQ001408,USER001173,66641,6
REQ001409,USER002652,82705,5
REQ001410,USER004977,83596,6
REQ001411,USER003520,24890,6
REQ001412,USER004029,22260,8
REQ001413,USER003480,24611,1
REQ001414,USER003517,3591,5
REQ001415,USER002930,11016,5
REQ001416,USER004304,23217,3
REQ001417,USER001541,32658,5
REQ001418,USER002207,40445,5
REQ001419,USER001548,44932,2
REQ001420,USER001238,29541,8
REQ001421,USER003399,23944,2
REQ001422,USER001577,18858,8
REQ001423,USER003774,34906,4
REQ001424,USER002676,28853,3
REQ001425,USER000734,84363,4
REQ001426,USER004712,82358,10
REQ001427,USER002887,78183,1
REQ001428,USER004210,31650,1
REQ001429,USER004179,38688,5
REQ001430,USER004250,74004,9
REQ001431,USER000574,18210,3
REQ001432,USER004852,61806,1
REQ001433,USER002961,63071,9
REQ001434,USER001647,40891,7
REQ001435,USER001816,81319,4
REQ001436,USER000124,2465,5
REQ001437,USER002475,16729,3
REQ001438,USER000127,38723,8
REQ001439,USER003223,78090,10
REQ001440,USER001228,23543,6
REQ001441,USER000851,31494,6
REQ001442,USER003574,6565,6
REQ001443,USER002118,83071,4
REQ001444,USER001648,428,6
REQ001445,USER001024,28183,8
REQ001446,USER002092,59794,7
REQ001447,USER000104,43615,10
REQ001448,USER002011,67012,4
REQ001449,USER003628,10055,8
REQ001450,USER001919,4790,7
REQ001451,USER003125,84026,9
REQ001452,USER000123,10055,7
REQ001453,USER003881,60451,2
REQ001454,USER002590,78971,2
REQ001455,USER001659,56912,7
REQ001456,USER000876,80404,3
REQ001457,USER004446,36415,9
REQ001458,USER003046,19117,8
REQ001459,USER003949,70280,2
REQ001460,USER003842,34107,7
REQ001461,USER000037,11621,7
REQ001462,USER004828,31488,3
REQ001463,USER003424,16944,1
REQ001464,USER001771,72779,6
REQ001465,USER002033,14662,5
REQ001466,USER000391,16799,5
REQ001467,USER000899,58479,8
REQ001468,USER001725,84555,5
REQ001469,USER004606,58768,10
REQ001470,USER001449,46762,7
REQ001471,USER004436,64928,2
REQ001472,USER003733,53455,8
REQ001473,USER002944,18834,3
REQ001474,USER002448,83209,8
REQ001475,USER001912,31141,5
REQ001476,USER000144,9216,9
REQ001477,USER000251,36405,1
REQ001478,USER004490,64300,5
REQ001479,USER000061,15822,6
REQ001480,USER004634,42794,3
REQ001481,USER002251,15586,2
REQ001482,USER004925,47045,1
REQ001483,USER001401,20744,6
REQ001484,USER002140,58469,2
REQ001485,USER002582,16045,1
REQ001486,USER001448,17286,10
REQ001487,USER000856,73741,9
REQ001488,USER002978,83470,3
REQ001489,USER000004,79075,3
REQ001490,USER000926,14251,4
REQ001491,USER004654,8725,1
REQ001492,USER001502,50208,2
REQ001493,USER004238,69861,3
REQ001494,USER003065,39320,5
REQ001495,USER002681,81625,10
REQ001496,USER000630,71873,6
REQ001497,USER000696,34373,9
REQ001498,USER001835,67364,10
REQ001499,USER002659,32839,7
REQ001500,USER000242,48675,1
REQ001501,USER001135,2109,10
REQ001502,USER003100,32868,7
REQ001503,USER001799,9127,6
REQ001504,USER000627,33644,3
REQ001505,USER000824,74570,10
REQ001506,USER001329,67882,4
REQ001507,USER001209,58182,9
REQ001508,USER000397,2735,1
REQ001509,USER002288,38657,3
REQ001510,USER001207,5537,10
REQ001511,USER000588,73082,4
REQ001512,USER003830,31198,1
REQ001513,USER001634,13164,9
REQ001514,USER004550,45258,3
REQ001515,USER000685,12027,4
REQ001516,USER002684,38708,4
REQ001517,USER001766,19900,7
REQ001518,USER004616,59545,1
REQ001519,USER000805,7465,3
REQ001520,USER000955,24401,8
REQ001521,USER001587,82802,10
REQ001522,USER002383,11407,8
REQ001523,USER004032,40762,7
REQ001524,USER003715,70951,3
REQ001525,USER001803,38919,1
REQ001526,USER000505,24814,1
REQ001527,USER002345,22423,6
REQ001528,USER000172,18255,7
REQ001529,USER002406,55663,6
REQ001530,USER003466,73920,4
REQ001531,USER004863,44383,1
REQ001532,USER003087,62468,6
REQ001533,USER000256,27599,2
REQ001534,USER001720,71981,3
REQ001535,USER003514,35653,6
REQ001536,USER003078,28153,9
REQ001537,USER001928,52563,6
REQ001538,USER004204,19119,2
REQ001539,USER002426,59376,7
REQ001540,USER000047,53386,5
REQ001541,USER000845,31677,3
REQ001542,USER000360,5307,1
REQ001543,USER003797,44668,3
REQ001544,USER003085,1042,5
REQ001545,USER000410,11174,1
REQ001546,USER001589,56774,5
REQ001547,USER000310,10879,9
REQ001548,USER003537,27937,9
REQ001549,USER002877,83577,4
REQ001550,USER003840,20021,6
REQ001551,USER002716,57407,7
REQ001552,USER004012,82784,5
REQ001553,USER002569,10571,10
REQ001554,USER001729,29578,7
REQ001555,USER004385,29401,2
REQ001556,USER001678,76733,6
REQ001557,USER004084,31104,3
REQ001558,USER000727,81139,10
REQ001559,USER002722,84976,1
REQ001560,USER003131,74155,10
REQ001561,USER003848,21073,1
REQ001562,USER003775,13861,8
REQ001563,USER003139,67541,3
REQ001564,USER002898,39059,9
REQ001565,USER002509,32212,5
REQ001566,USER001331,44516,3
REQ001567,USER000524,80095,3
REQ001568,USER001950,46508,3
REQ001569,USER000264,28720,6
REQ001570,USER002626,9262,4
REQ001571,USER004447,39927,9
REQ001572,USER000486,81368,3
REQ001573,USER002543,16240,3
REQ001574,USER004551,49828,6
REQ001575,USER000051,74369,10
REQ001576,USER003803,7169,7
REQ001577,USER003332,47583,9
REQ001578,USER004222,57771,7
REQ001579,USER003747,77141,4
REQ001580,USER001060,16255,3
REQ001581,USER004132,64808,7
REQ001582,USER001037,20986,2
REQ001583,USER001722,79187,7
REQ001584,USER004841,67628,4
REQ001585,USER001823,68980,3
REQ001586,USER001602,57192,3
REQ001587,USER003514,5878,7
REQ001588,USER004988,69523,3
REQ001589,USER000684,49880,4
REQ001590,USER003660,69708,9
REQ001591,USER003146,4077,5
REQ001592,USER000031,47543,3
REQ001593,USER003421,70324,4
REQ001594,USER001776,6924,6
REQ001595,USER000333,36515,6
REQ001596,USER001730,46033,6
REQ001597,USER003306,41567,6
REQ001598,USER004434,7099,7
REQ001599,USER004443,71547,6
REQ001600,USER004047,66315,3
REQ001601,USER004429,40131,1
REQ001602,USER002100,39351,2
REQ001603,USER002722,46332,8
REQ001604,USER003622,38028,4
REQ001605,USER002812,67698,3
REQ001606,USER001962,37445,10
REQ001607,USER002921,68689,2
REQ001608,USER000009,57292,9
REQ001609,USER003180,19395,7
REQ001610,USER000271,47898,7
REQ001611,USER002607,46511,5
REQ001612,USER000374,51263,9
REQ001613,USER000873,14,2
REQ001614,USER003405,10092,7
REQ001615,USER002672,42319,9
REQ001616,USER003894,34865,1
REQ001617,USER004812,43993,5
REQ001618,USER004490,82066,4
REQ001619,USER000603,57544,2
REQ001620,USER000335,3815,9
REQ001621,USER004283,41359,8
REQ001622,USER003880,39037,2
REQ001623,USER002900,32031,1
REQ001624,USER003703,54468,4
REQ001625,USER003144,50597,1
REQ001626,USER004569,65305,10
REQ001627,USER004938,5445,7
REQ001628,USER003492,56003,5
REQ001629,USER002198,28638,8
REQ001630,USER003389,33066,8
REQ001631,USER003086,6914,6
REQ001632,USER002813,55568,9
REQ001633,USER000453,56045,2
REQ001634,USER001579,85097,7
REQ001635,USER001408,59970,7
REQ001636,USER001673,52901,2
REQ001637,USER000628,2678,8
REQ001638,USER004314,29913,4
REQ001639,USER004468,66666,9
REQ001640,USER002501,36452,7
REQ001641,USER000472,80637,8
REQ001642,USER001815,72731,4
REQ001643,USER003973,43197,8
REQ001644,USER001430,85426,3
REQ001645,USER004999,36312,7
REQ001646,USER002710,76386,7
REQ001647,USER002171,53198,3
REQ001648,USER000744,48118,4
REQ001649,USER003327,29098,6
REQ001650,USER002180,68515,1
REQ001651,USER002917,15819,3
REQ001652,USER000348,16151,6
REQ001653,USER004393,35123,7
REQ001654,USER002960,39733,2
REQ001655,USER001132,40322,1
REQ001656,USER003961,14305,2
REQ001657,USER002141,53997,6
REQ001658,USER001331,78261,9
REQ001659,USER002319,82741,3
REQ001660,USER003262,52700,10
REQ001661,USER003351,55601,10
REQ001662,USER001057,30863,4
REQ001663,USER004239,4269,2
REQ001664,USER003213,59323,3
REQ001665,USER001945,50593,6
REQ001666,USER004838,2788,1
REQ001667,USER002535,34078,4
REQ001668,USER003647,35115,4
REQ001669,USER004460,68445,10
REQ001670,USER001276,43986,9
REQ001671,USER004718,34343,1
REQ001672,USER001621,54329,6
REQ001673,USER002635,49731,8
REQ001674,USER004919,63875,8
REQ001675,USER002115,4577,4
REQ001676,USER003245,30026,7
REQ001677,USER003634,22040,9
REQ001678,USER000725,10677,6
REQ001679,USER002218,26358,5
REQ001680,USER004386,64653,8
REQ001681,USER002244,56151,7
REQ001682,USER004515,78578,2
REQ001683,USER001098,30347,1
REQ001684,USER000613,74846,6
REQ001685,USER001618,68244,9
REQ001686,USER003776,57521,6
REQ001687,USER001617,57177,5
REQ001688,USER003153,25359,4
REQ001689,USER003611,82686,5
REQ001690,USER000075,60206,4
REQ001691,USER000153,52433,10
REQ001692,USER003366,64420,3
REQ001693,USER003681,28095,1
REQ001694,USER004302,35532,2
REQ001695,USER003933,40141,3
REQ001696,USER003988,73314,6
REQ001697,USER000920,56345,9
REQ001698,USER002037,32749,6
REQ001699,USER001978,81288,6
REQ001700,USER001893,18791,6
REQ001701,USER002577,55668,10
REQ001702,USER000529,46262,6
REQ001703,USER002185,69369,10
REQ001704,USER001527,42100,6
REQ001705,USER002691,13085,1
REQ001706,USER003656,64013,1
REQ001707,USER001086,22945,2
REQ001708,USER002386,15878,9
REQ001709,USER001730,47168,7
REQ001710,USER004769,15849,1
REQ001711,USER001518,84645,10
REQ001712,USER003928,53430,5
REQ001713,USER000973,84154,1
REQ001714,USER004358,24474,9
REQ001715,USER004871,16065,5
REQ001716,USER002838,6275,9
REQ001717,USER002047,41140,2
REQ001718,USER004680,3495,9
REQ001719,USER003034,40625,4
REQ001720,USER004567,66368,3
REQ001721,USER000635,35884,1
REQ001722,USER000755,83644,8
REQ001723,USER004787,1330,1
REQ001724,USER000547,79304,1
REQ001725,USER003142,60097,4
REQ001726,USER001634,60972,10
REQ001727,USER000008,67412,8
REQ001728,USER002448,77162,2
REQ001729,USER001325,85335,10
REQ001730,USER003695,56037,1
REQ001731,USER003460,6991,3
REQ001732,USER001546,38591,5
REQ001733,USER001517,48351,2
REQ001734,USER001616,83863,7
REQ001735,USER001991,22929,5
REQ001736,USER001815,66720,2
REQ001737,USER004952,82472,6
REQ001738,USER000439,16963,8
REQ001739,USER002643,28308,7
REQ001740,USER000524,79175,3
REQ001741,USER001249,46507,9
REQ001742,USER003326,11498,9
REQ001743,USER002665,73867,4
REQ001744,USER002502,65062,9
REQ001745,USER001067,70899,1
REQ001746,USER004894,72839,1
REQ001747,USER003790,1552,8
REQ001748,USER001645,44004,10
REQ001749,USER001790,1554,9
REQ001750,USER004818,37261,1
REQ001751,USER001059,26118,4
REQ001752,USER003873,19839,2
REQ001753,USER003655,48876,5
REQ001754,USER001397,26585,7
REQ001755,USER001842,10525,1
REQ001756,USER003280,64258,10
REQ001757,USER001704,29459,5
REQ001758,USER000077,22156,7
REQ001759,USER002837,62284,7
REQ001760,USER004179,36489,4
REQ001761,USER004681,3148,1
REQ001762,USER000043,4322,7
REQ001763,USER001973,30117,1
REQ001764,USER004280,29727,10
REQ001765,USER001182,72184,9
REQ001766,USER004943,6095,10
REQ001767,USER000428,24218,3
REQ001768,USER001505,77596,10
REQ001769,USER000194,66386,8
REQ001770,USER002178,4640,10
REQ001771,USER001987,13206,10
REQ001772,USER004533,79828,1
REQ001773,USER002973,77365,4
REQ001774,USER002710,17527,7
REQ001775,USER000443,67749,8
REQ001776,USER004806,4414,10
REQ001777,USER004102,76488,6
REQ001778,USER004870,15304,3
REQ001779,USER000931,19455,2
REQ001780,USER004831,24289,5
REQ001781,USER003412,44758,1
REQ001782,USER000536,374,5
REQ001783,USER004334,79126,9
REQ001784,USER003829,44761,3
REQ001785,USER001228,18866,1
REQ001786,USER001512,1234,10
REQ001787,USER000684,40864,8
REQ001788,USER003242,60264,2
REQ001789,USER003021,11662,1
REQ001790,USER004812,80400,3
REQ001791,USER004204,63092,6
REQ001792,USER004141,33566,5
REQ001793,USER000427,2864,9
REQ001794,USER004690,61680,3
REQ001795,USER001778,78923,2
REQ001796,USER000382,74239,10
REQ001797,USER001711,13648,2
REQ001798,USER000302,63466,3
REQ001799,USER004083,51961,8
REQ001800,USER002535,66103,7
REQ001801,USER002868,63664,7
REQ001802,USER000192,79436,2
REQ001803,USER004458,54070,4
REQ001804,USER000533,28101,10
REQ001805,USER002591,58477,4
REQ001806,USER004035,56093,6
REQ001807,USER001774,35820,6
REQ001808,USER003423,78763,2
REQ001809,USER001952,17842,10
REQ001810,USER002267,6436,5
REQ001811,USER002446,49168,5
REQ001812,USER002027,84254,5
REQ001813,USER004049,50307,1
REQ001814,USER003860,63994,10
REQ001815,USER004037,8337,2
REQ001816,USER001599,20876,7
REQ001817,USER003310,80707,8
REQ001818,USER002856,64993,10
REQ001819,USER002318,34952,1
REQ001820,USER002623,45505,4
REQ001821,USER003929,29503,8
REQ001822,USER003987,28133,10
REQ001823,USER003913,70350,4
REQ001824,USER000686,76290,2
REQ001825,USER003883,40834,7
REQ001826,USER002181,10547,8
REQ001827,USER001856,61999,8
REQ001828,USER002588,53581,9
REQ001829,USER001800,62722,8
REQ001830,USER002614,75593,3
REQ001831,USER001971,16645,9
REQ001832,USER000898,81150,2
REQ001833,USER001912,78484,9
REQ001834,USER004936,15502,4
REQ001835,USER004092,65352,6
REQ001836,USER002491,2854,5
REQ001837,USER004341,72919,1
REQ001838,USER000303,13947,1
REQ001839,USER003456,73326,7
REQ001840,USER000202,102,8
REQ001841,USER003445,53900,2
REQ001842,USER001004,57603,4
REQ001843,USER001021,78490,1
REQ001844,USER000373,17197,8
REQ001845,USER002804,59973,6
REQ001846,USER002235,34006,5
REQ001847,USER000360,25592,1
REQ001848,USER002956,26792,10
REQ001849,USER002264,73567,1
REQ001850,USER001127,80183,1
REQ001851,USER001114,13822,3
REQ001852,USER001701,68943,4
REQ001853,USER004657,75813,3
REQ001854,USER000509,20714,4
REQ001855,USER004392,75595,7
REQ001856,USER001129,45680,4
REQ001857,USER003289,78118,10
REQ001858,USER003129,20294,1
REQ001859,USER003849,17550,10
REQ001860,USER003992,47303,3
REQ001861,USER003909,54292,4
REQ001862,USER000713,10367,5
REQ001863,USER001563,70357,6
REQ001864,USER004855,77550,3
REQ001865,USER001308,24539,10
REQ001866,USER002988,86231,3
REQ001867,USER001602,55371,6
REQ001868,USER004513,28824,2
REQ001869,USER003428,70854,2
REQ001870,USER001971,45743,6
REQ001871,USER004155,19622,9
REQ001872,USER001264,13169,2
REQ001873,USER004465,51954,3
REQ001874,USER003645,17337,8
REQ001875,USER002533,13543,7
REQ001876,USER003574,69587,9
REQ001877,USER000347,47894,4
REQ001878,USER003371,56541,6
REQ001879,USER000997,45574,6
REQ001880,USER001197,17031,10
REQ001881,USER004476,25104,6
REQ001882,USER001262,42610,3
REQ001883,USER004685,4750,5
REQ001884,USER002471,53032,5
REQ001885,USER004654,48260,6
REQ001886,USER004704,9746,6
REQ001887,USER003253,42103,9
REQ001888,USER004873,21122,5
REQ001889,USER004827,45566,6
REQ001890,USER003018,12409,4
REQ001891,USER000419,65776,7
REQ001892,USER001337,8824,3
REQ001893,USER002194,6209,1
REQ001894,USER003017,59608,10
REQ001895,USER004689,80463,4
REQ001896,USER004042,70625,6
REQ001897,USER000941,53129,7
REQ001898,USER003500,13842,7
REQ001899,USER004978,36641,3
REQ001900,USER003687,52251,2
REQ001901,USER000421,28395,4
REQ001902,USER000881,24052,5
REQ001903,USER004297,73055,6
REQ001904,USER003630,64263,4
REQ001905,USER002693,42336,2
REQ001906,USER002052,36453,7
REQ001907,USER000018,158,10
REQ001908,USER000159,66338,4
REQ001909,USER001027,38112,9
REQ001910,USER001189,39349,8
REQ001911,USER000891,37154,1
REQ001912,USER002112,52075,6
REQ001913,USER002068,23531,9
REQ001914,USER004933,56669,5
REQ001915,USER004342,10094,5
REQ001916,USER003732,43686,8
REQ001917,USER001298,44914,7
REQ001918,USER003194,4139,8
REQ001919,USER004725,51819,5
REQ001920,USER004619,60298,9
REQ001921,USER001988,65099,8
REQ001922,USER000207,46806,8
REQ001923,USER003815,5337,1
REQ001924,USER004623,77108,9
REQ001925,USER001830,28112,4
REQ001926,USER000848,1956,2
REQ001927,USER002596,56251,1
REQ001928,USER003054,58425,4
REQ001929,USER002240,17827,7
REQ001930,USER000288,25044,10
REQ001931,USER003964,50090,3
REQ001932,USER004884,69681,8
REQ001933,USER003909,61287,8
REQ001934,USER002002,16301,7
REQ001935,USER002703,26784,4
REQ001936,USER004499,58128,1
REQ001937,USER002543,24805,9
REQ001938,USER001159,84842,1
REQ001939,USER003575,45216,9
REQ001940,USER002443,13671,2
REQ001941,USER004736,34802,8
REQ001942,USER001785,77144,10
REQ001943,USER004404,64119,7
REQ001944,USER001512,36805,1
REQ001945,USER003747,21738,7
REQ001946,USER000191,15533,2
REQ001947,USER004153,31285,4
REQ001948,USER004945,40977,10
REQ001949,USER001080,53720,1
REQ001950,USER002053,20487,3
REQ001951,USER000262,23403,6
REQ001952,USER001378,27674,3
REQ001953,USER003308,37187,6
REQ001954,USER004143,70631,7
REQ001955,USER002886,75144,4
REQ001956,USER002962,22505,6
REQ001957,USER004655,50494,5
REQ001958,USER004838,13458,2
REQ001959,USER000112,77257,3
REQ001960,USER002501,83595,8
REQ001961,USER000022,12214,3
REQ001962,USER002220,69085,8
REQ001963,USER004234,4218,3
REQ001964,USER003589,51102,6
REQ001965,USER003810,33508,3
REQ001966,USER004863,27051,3
REQ001967,USER004600,51137,6
REQ001968,USER003026,40749,6
REQ001969,USER001471,75287,3
REQ001970,USER003129,42613,3
REQ001971,USER004651,18785,6
REQ001972,USER000053,38727,4
REQ001973,USER002074,72069,10
REQ001974,USER002765,30355,10
REQ001975,USER003797,9199,9
REQ001976,USER000469,51968,5
REQ001977,USER001151,7390,3
REQ001978,USER003558,41698,7
REQ001979,USER001086,56098,6
REQ001980,USER001527,14597,3
REQ001981,USER001334,46758,2
REQ001982,USER002889,51498,3
REQ001983,USER003656,20186,7
REQ001984,USER001498,76629,3
REQ001985,USER004603,56765,5
REQ001986,USER002983,74676,6
REQ001987,USER000446,66988,7
REQ001988,USER003268,18314,10
REQ001989,USER003406,72353,8
REQ001990,USER003010,75804,10
REQ001991,USER001697,67637,5
REQ001992,USER001893,25958,1
REQ001993,USER002083,82768,8
REQ001994,USER003742,27841,1
REQ001995,USER002694,49867,5
REQ001996,USER001334,44818,10
REQ001997,USER002707,14858,5
REQ001998,USER002818,74688,1
REQ001999,USER004203,59046,9
REQ002000,USER001502,41717,2
REQ002001,USER003926,25916,10
REQ002002,USER003732,60910,6
REQ002003,USER003503,61176,9
REQ002004,USER001436,55811,9
REQ002005,USER003908,34241,4
REQ002006,USER001569,49066,4
REQ002007,USER001383,43496,7
REQ002008,USER001662,79052,8
REQ002009,USER001676,79280,8
REQ002010,USER004836,75751,2
REQ002011,USER001587,33458,1
REQ002012,USER001426,67001,7
REQ002013,USER004732,33861,7
REQ002014,USER002584,64289,5
REQ002015,USER000313,74461,1
REQ002016,USER001521,449,1
REQ002017,USER004496,13153,2
REQ002018,USER004770,45554,3
REQ002019,USER001214,78159,6
REQ002020,USER000435,1573,6
REQ002021,USER000471,45042,4
REQ002022,USER002693,49044,8
REQ002023,USER004539,19406,3
REQ002024,USER004077,22483,1
REQ002025,USER000194,15666,10
REQ002026,USER002008,805,2
REQ002027,USER004032,60138,9
REQ002028,USER003995,30565,3
REQ002029,USER003795,50547,10
REQ002030,USER001186,1022,3
REQ002031,USER000558,36230,8
REQ002032,USER002403,9271,6
REQ002033,USER003659,57206,4
REQ002034,USER004250,1089,9
REQ002035,USER000128,69896,4
REQ002036,USER000371,1550,6
REQ002037,USER001829,72671,2
REQ002038,USER000583,9897,7
REQ002039,USER002254,83228,1
REQ002040,USER001509,53775,6
REQ002041,USER001707,84111,2
REQ002042,USER003662,79719,2
REQ002043,USER000785,43317,1
REQ002044,USER000391,63760,10
REQ002045,USER000716,10715,7
REQ002046,USER002099,24368,4
REQ002047,USER003314,27887,2
REQ002048,USER000454,51672,2
REQ002049,USER001253,7546,4
REQ002050,USER000550,79154,1
REQ002051,USER004022,773,6
REQ002052,USER003364,31351,2
REQ002053,USER002920,44993,9
REQ002054,USER003758,38620,8
REQ002055,USER001136,21165,10
REQ002056,USER001393,64123,3
REQ002057,USER001102,37938,9
REQ002058,USER001804,60323,2
REQ002059,USER004548,7819,5
REQ002060,USER004162,61661,10
REQ002061,USER000188,32403,10
REQ002062,USER000059,62600,8
REQ002063,USER003201,24551,8
REQ002064,USER002774,43483,5
REQ002065,USER002800,7603,6
REQ002066,USER003335,356,9
REQ002067,USER000202,47711,9
REQ002068,USER001434,28484,1
REQ002069,USER001662,26407,7
REQ002070,USER001575,973,4
REQ002071,USER004232,39586,5
REQ002072,USER002168,34410,6
REQ002073,USER000236,6545,8
REQ002074,USER000883,71035,5
REQ002075,USER001551,79633,3
REQ002076,USER000375,68826,6
REQ002077,USER004787,61034,5
REQ002078,USER000518,80473,9
REQ002079,USER000790,45174,2
REQ002080,USER004187,77785,3
REQ002081,USER001780,82696,2
REQ002082,USER004281,67590,6
REQ002083,USER002217,37433,4
REQ002084,USER004034,59930,10
REQ002085,USER004073,50088,6
REQ002086,USER001218,6351,3
REQ002087,USER001022,30030,4
REQ002088,USER002606,67606,4
REQ002089,USER001097,29261,4
REQ002090,USER000701,80872,5
REQ002091,USER004714,62426,2
REQ002092,USER001875,68963,9
REQ002093,USER004709,6839,8
REQ002094,USER004069,45170,2
REQ002095,USER003184,70288,5
REQ002096,USER004714,52079,7
REQ002097,USER003735,57557,6
REQ002098,USER002383,68358,5
REQ002099,USER004529,68277,1
REQ002100,USER001485,27153,10
REQ002101,USER001726,60700,6
REQ002102,USER000737,41307,3
REQ002103,USER001039,26142,1
REQ002104,USER000974,46959,7
REQ002105,USER002866,81392,1
REQ002106,USER004304,45820,9
REQ002107,USER004579,53591,1
REQ002108,USER004737,8060,5
REQ002109,USER003258,30803,1
REQ002110,USER001750,6800,4
REQ002111,USER000795,15116,1
REQ002112,USER001802,6420,3
REQ002113,USER003280,74148,5
REQ002114,USER000527,63976,8
REQ002115,USER004537,65498,10
REQ002116,USER004312,52899,10
REQ002117,USER002181,70222,5
REQ002118,USER000873,6812,2
REQ002119,USER001384,12860,2
REQ002120,USER000769,16039,7
REQ002121,USER004087,48627,3
REQ002122,USER004702,37622,2
REQ002123,USER003119,10531,4
REQ002124,USER004462,15731,5
REQ002125,USER000252,30733,5
REQ002126,USER002917,29411,8
REQ002127,USER003188,27987,6
REQ002128,USER000235,42961,5
REQ002129,USER000714,15874,5
REQ002130,USER001799,55025,8
REQ002131,USER002145,37416,4
REQ002132,USER000863,42848,3
REQ002133,USER000055,80025,5
REQ002134,USER000542,85822,6
REQ002135,USER003399,84602,6
REQ002136,USER004013,21895,1
REQ002137,USER004382,16722,4
REQ002138,USER000923,21637,2
REQ002139,USER003910,22877,9
REQ002140,USER004370,1378,9
REQ002141,USER001799,50905,6
REQ002142,USER003694,36806,3
REQ002143,USER002246,58022,8
REQ002144,USER001561,28961,6
REQ002145,USER001434,30531,8
REQ002146,USER003552,12262,9
REQ002147,USER003980,72807,3
REQ002148,USER001991,76118,8
REQ002149,USER001740,26049,9
REQ002150,USER002206,47095,3
REQ002151,USER000467,38288,2
REQ002152,USER003139,85927,6
REQ002153,USER003986,23693,10
REQ002154,USER001873,82258,9
REQ002155,USER000064,83326,2
REQ002156,USER002801,80876,6
REQ002157,USER001488,74934,4
REQ002158,USER000464,67953,1
REQ002159,USER000878,44565,10
REQ002160,USER002065,49393,4
REQ002161,USER002301,6119,2
REQ002162,USER003563,73035,3
REQ002163,USER003554,6678,10
REQ002164,USER004905,9236,6
REQ002165,USER002227,55425,3
REQ002166,USER004061,24656,6
REQ002167,USER000289,7151,8
REQ002168,USER003070,17720,6
REQ002169,USER003772,65950,3
REQ002170,USER003008,52987,7
REQ002171,USER000028,73811,10
REQ002172,USER003879,28201,4
REQ002173,USER002149,56471,5
REQ002174,USER003055,41083,1
REQ002175,USER002764,31812,8
REQ002176,USER004401,83307,7
REQ002177,USER000241,83613,3
REQ002178,USER003716,70961,6
REQ002179,USER002336,70051,7
REQ002180,USER002500,52075,7
REQ002181,USER001346,79242,4
REQ002182,USER001501,47294,4
REQ002183,USER004281,2683,6
REQ002184,USER001187,54813,1
REQ002185,USER004778,49309,10
REQ002186,USER004178,72912,5
REQ002187,USER003307,76385,8
REQ002188,USER003053,16227,7
REQ002189,USER002402,17698,2
REQ002190,USER000039,61420,1
REQ002191,USER002358,21962,8
REQ002192,USER004858,84342,7
REQ002193,USER002978,29113,7
REQ002194,USER001979,15055,1
REQ002195,USER001010,45341,2
REQ002196,USER002133,64506,6
REQ002197,USER002924,49431,6
REQ002198,USER002226,66105,2
REQ002199,USER002945,42022,5
REQ002200,USER000523,19886,8
REQ002201,USER001214,38261,7
REQ002202,USER001734,59002,10
REQ002203,USER001071,41089,6
REQ002204,USER001830,23701,9
REQ002205,USER004067,37365,8
REQ002206,USER003796,82270,6
REQ002207,USER004921,53635,7
REQ002208,USER000483,7993,7
REQ002209,USER002097,47616,5
REQ002210,USER001165,34726,4
REQ002211,USER003858,44679,10
REQ002212,USER001448,1598,5
REQ002213,USER001768,67021,10
REQ002214,USER000809,57644,6
REQ002215,USER001902,32935,3
REQ002216,USER002146,43360,1
REQ002217,USER003965,80652,7
REQ002218,USER000911,68761,7
REQ002219,USER002697,66472,2
REQ002220,USER001778,68472,5
REQ002221,USER000729,64803,7
REQ002222,USER001401,18774,5
REQ002223,USER001372,24216,8
REQ002224,USER001437,79266,10
REQ002225,USER000911,14594,9
REQ002226,USER001198,70653,9
REQ002227,USER003013,16768,10
REQ002228,USER003332,7724,2
REQ002229,USER004224,85570,5
REQ002230,USER001345,49631,5
REQ002231,USER000140,11694,9
REQ002232,USER002663,5284,10
REQ002233,USER002026,2746,1
REQ002234,USER004674,26023,6
REQ002235,USER004511,13507,9
REQ002236,USER003222,58303,4
REQ002237,USER000009,79173,8
REQ002238,USER004842,15360,7
REQ002239,USER000916,36793,1
REQ002240,USER004109,29519,1
REQ002241,USER002930,57416,4
REQ002242,USER000883,79313,4
REQ002243,USER002852,42353,6
REQ002244,USER004608,77433,3
REQ002245,USER001027,38283,1
REQ002246,USER002375,11355,10
REQ002247,USER001598,78544,10
REQ002248,USER000932,55592,10
REQ002249,USER001966,46095,10
REQ002250,USER002726,41043,10
REQ002251,USER000878,65212,4
REQ002252,USER002634,51657,10
REQ002253,USER003098,4177,3
REQ002254,USER000852,68346,6
REQ002255,USER000613,70676,2
REQ002256,USER004375,13688,5
REQ002257,USER003081,33990,1
REQ002258,USER003737,54324,10
REQ002259,USER003166,16048,5
REQ002260,USER002843,18564,6
REQ002261,USER002270,49464,10
REQ002262,USER002713,86235,8
REQ002263,USER002204,9376,1
REQ002264,USER003262,37050,6
REQ002265,USER003416,13313,3
REQ002266,USER001292,54277,4
REQ002267,USER000259,4566,10
REQ002268,USER000571,33176,9
REQ002269,USER002917,2590,7
REQ002270,USER003380,3541,10
REQ002271,USER003422,64145,5
REQ002272,USER001221,82576,5
REQ002273,USER002236,59210,7
REQ002274,USER002027,50596,6
REQ002275,USER001728,66679,10
REQ002276,USER001354,55369,4
REQ002277,USER000195,4935,8
REQ002278,USER000227,45416,9
REQ002279,USER003555,47126,9
REQ002280,USER004334,75476,5
REQ002281,USER001185,5242,2
REQ002282,USER003572,85958,1
REQ002283,USER003312,27396,1
REQ002284,USER004293,10663,1
REQ002285,USER004684,61373,7
REQ002286,USER001041,43297,1
REQ002287,USER004633,80934,7
REQ002288,USER001093,39091,8
REQ002289,USER000620,85954,7
REQ002290,USER000802,69304,3
REQ002291,USER002767,71168,7
REQ002292,USER001887,761,4
REQ002293,USER001723,51684,7
REQ002294,USER001994,7914,1
REQ002295,USER004109,52109,1
REQ002296,USER003669,12815,6
REQ002297,USER004320,43171,4
REQ002298,USER002288,50203,8
REQ002299,USER003024,46478,5
REQ002300,USER004505,82440,4
REQ002301,USER001413,16718,9
REQ002302,USER002394,55488,10
REQ002303,USER004078,50878,7
REQ002304,USER001152,85528,1
REQ002305,USER000312,75384,5
REQ002306,USER004453,69487,1
REQ002307,USER003621,28772,8
REQ002308,USER002042,48548,6
REQ002309,USER004910,80018,1
REQ002310,USER001947,33480,9
REQ002311,USER002019,47646,7
REQ002312,USER003149,66816,2
REQ002313,USER003105,33311,3
REQ002314,USER004682,19681,1
REQ002315,USER003324,51945,9
REQ002316,USER001291,64946,5
REQ002317,USER002631,46802,4
REQ002318,USER003839,65331,9
REQ002319,USER000488,41688,8
REQ002320,USER003325,86276,9
REQ002321,USER003770,76931,2
REQ002322,USER001836,16166,2
REQ002323,USER001621,57011,7
REQ002324,USER002375,84324,7
REQ002325,USER003504,18210,1
REQ002326,USER002056,29648,4
REQ002327,USER001519,73215,4
REQ002328,USER003201,16719,4
REQ002329,USER004111,80217,4
REQ002330,USER000784,5769,1
REQ002331,USER000926,8734,2
REQ002332,USER000971,10004,5
REQ002333,USER004277,26673,2
REQ002334,USER003774,6381,6
REQ002335,USER004358,71393,10
REQ002336,USER002039,23366,5
REQ002337,USER002078,46319,1
REQ002338,USER003252,57659,4
REQ002339,USER003674,12688,1
REQ002340,USER001543,28722,8
REQ002341,USER004403,2924,10
REQ002342,USER002469,9928,9
REQ002343,USER002964,37201,5
REQ002344,USER001296,83073,1
REQ002345,USER004869,69866,6
REQ002346,USER004657,39785,9
REQ002347,USER002215,48893,10
REQ002348,USER000404,11137,10
REQ002349,USER002199,19706,5
REQ002350,USER001692,32663,6
REQ002351,USER004887,5397,5
REQ002352,USER004970,19237,9
REQ002353,USER003948,15821,7
REQ002354,USER000567,15934,7
REQ002355,USER003852,36716,7
REQ002356,USER002812,21404,1
REQ002357,USER004994,12176,1
REQ002358,USER004631,69682,9
REQ002359,USER003845,58043,6
REQ002360,USER001351,46752,6
REQ002361,USER000260,13051,8
REQ002362,USER000007,73161,2
REQ002363,USER004969,56640,2
REQ002364,USER004815,45998,2
REQ002365,USER004549,1929,1
REQ002366,USER001154,8167,2
REQ002367,USER000966,84234,8
REQ002368,USER001695,63305,8
REQ002369,USER002659,61924,1
REQ002370,USER002003,31501,4
REQ002371,USER002642,36968,6
REQ002372,USER001544,8920,10
REQ002373,USER001942,29032,8
REQ002374,USER001576,2332,10
REQ002375,USER002209,24866,4
REQ002376,USER004175,27786,5
REQ002377,USER003262,20104,9
REQ002378,USER002808,61428,10
REQ002379,USER002881,9177,6
REQ002380,USER002015,55071,3
REQ002381,USER003262,73357,6
REQ002382,USER002329,54011,7
REQ002383,USER004433,65612,5
REQ002384,USER002198,21119,3
REQ002385,USER000296,13052,2
REQ002386,USER000207,48535,1
REQ002387,USER001845,20935,9
REQ002388,USER004533,67282,5
REQ002389,USER003807,23681,10
REQ002390,USER003830,17438,1
REQ002391,USER000855,13317,4
REQ002392,USER001608,9526,1
REQ002393,USER004023,13920,4
REQ002394,USER000057,42577,10
REQ002395,USER001057,80483,4
REQ002396,USER003147,49642,1
REQ002397,USER000260,34512,4
REQ002398,USER000156,71914,10
REQ002399,USER002400,25460,2
REQ002400,USER001681,715,7
REQ002401,USER004896,71429,9
REQ002402,USER002092,80401,1
REQ002403,USER000321,64169,6
REQ002404,USER000248,23142,5
REQ002405,USER000223,35328,5
REQ002406,USER001171,15032,2
REQ002407,USER004588,86189,10
REQ002408,USER000871,15416,1
REQ002409,USER001568,12555,10
REQ002410,USER003622,65747,6
REQ002411,USER004119,16581,3
REQ002412,USER004449,7665,4
REQ002413,USER000983,13399,5
REQ002414,USER001728,82542,8
REQ002415,USER000649,79273,8
REQ002416,USER002608,79131,10
REQ002417,USER000622,67652,6
REQ002418,USER001990,49671,3
REQ002419,USER000018,19821,2
REQ002420,USER001800,59718,9
REQ002421,USER003059,69048,10
REQ002422,USER004583,60138,10
REQ002423,USER004271,69073,2
REQ002424,USER003200,67574,7
REQ002425,USER001444,37639,1
REQ002426,USER004489,98,8
REQ002427,USER000851,36163,10
REQ002428,USER001116,27228,3
REQ002429,USER001402,44520,4
REQ002430,USER001084,77376,10
REQ002431,USER003134,6859,8
REQ002432,USER002260,20732,10
REQ002433,USER003860,62438,2
REQ002434,USER000630,27100,6
REQ002435,USER000650,72954,5
REQ002436,USER002431,20717,10
REQ002437,USER000123,19925,7
REQ002438,USER001387,49344,7
REQ002439,USER004347,57657,7
REQ002440,USER004011,6395,2
REQ002441,USER000203,17159,7
REQ002442,USER003456,28138,10
REQ002443,USER001792,11687,3
REQ002444,USER001895,52921,6
REQ002445,USER004302,17167,10
REQ002446,USER002331,60170,10
REQ002447,USER001496,83237,7
REQ002448,USER004181,77714,3
REQ002449,USER003686,72836,10
REQ002450,USER003927,21816,1
REQ002451,USER002638,21412,6
REQ002452,USER001269,39932,6
REQ002453,USER002764,62048,8
REQ002454,USER001086,69980,3
REQ002455,USER000143,39890,2
REQ002456,USER002795,68130,7
REQ002457,USER001769,70053,9
REQ002458,USER002033,71897,9
REQ002459,USER002331,71168,5
REQ002460,USER000774,77535,8
REQ002461,USER003724,78207,4
REQ002462,USER003260,48837,5
REQ002463,USER002751,50831,4
REQ002464,USER001856,39072,6
REQ002465,USER003581,1814,6
REQ002466,USER004046,19242,5
REQ002467,USER003909,71655,9
REQ002468,USER004711,15755,1
REQ002469,USER003079,27597,8
REQ002470,USER004681,34608,1
REQ002471,USER004701,23934,2
REQ002472,USER001185,54036,6
REQ002473,USER004177,2466,4
REQ002474,USER002576,61089,5
REQ002475,USER002987,26349,5
REQ002476,USER001534,83172,1
REQ002477,USER001658,50256,3
REQ002478,USER004859,15988,9
REQ002479,USER003778,44733,8
REQ002480,USER002971,28742,5
REQ002481,USER004414,22059,1
REQ002482,USER000110,54935,7
REQ002483,USER004733,23903,5
REQ002484,USER000805,47491,8
REQ002485,USER002856,51442,4
REQ002486,USER000667,24624,8
REQ002487,USER002852,30723,10
REQ002488,USER003309,12972,9
REQ002489,USER003043,49487,7
REQ002490,USER004621,78104,4
REQ002491,USER004074,76339,3
REQ002492,USER001189,23766,7
REQ002493,USER002584,42111,3
REQ002494,USER000433,23922,6
REQ002495,USER004171,61298,8
REQ002496,USER003516,37079,7
REQ002497,USER002607,6721,9
REQ002498,USER001421,79140,6
REQ002499,USER000018,52064,8
REQ002500,USER000823,4402,9
REQ002501,USER002221,50696,2
REQ002502,USER002291,17116,10
REQ002503,USER002279,47350,9
REQ002504,USER003346,13956,2
REQ002505,USER001162,83207,10
REQ002506,USER000042,65343,9
REQ002507,USER000642,41673,3
REQ002508,USER001701,21455,9
REQ002509,USER004617,9861,10
REQ002510,USER001233,43176,8
REQ002511,USER001804,32167,8
REQ002512,USER001101,28081,7
REQ002513,USER001961,73443,6
REQ002514,USER003951,18544,6
REQ002515,USER003636,24281,1
REQ002516,USER000087,30967,3
REQ002517,USER001870,78709,8
REQ002518,USER001415,81563,2
REQ002519,USER001732,6889,8
REQ002520,USER003965,72150,9
REQ002521,USER002714,57027,6
REQ002522,USER004209,3166,4
REQ002523,USER002851,3423,5
REQ002524,USER004350,9626,9
REQ002525,USER001401,76512,3
REQ002526,USER002609,67817,1
REQ002527,USER004749,23503,3
REQ002528,USER003992,62185,8
REQ002529,USER004193,16006,1
REQ002530,USER000400,35534,9
REQ002531,USER000499,66994,5
REQ002532,USER003495,41659,7
REQ002533,USER002484,62569,9
REQ002534,USER001452,68852,10
REQ002535,USER002114,43189,6
REQ002536,USER000896,331,1
REQ002537,USER004098,66907,5
REQ002538,USER000058,42818,2
REQ002539,USER003199,548,8
REQ002540,USER000396,48929,6
REQ002541,USER004258,56658,9
REQ002542,USER002085,5650,9
REQ002543,USER002968,59793,8
REQ002544,USER002567,15441,5
REQ002545,USER002534,37224,9
REQ002546,USER004344,57956,10
REQ002547,USER003417,72270,10
REQ002548,USER001354,2078,5
REQ002549,USER001611,74648,8
REQ002550,USER004230,48169,8
REQ002551,USER003672,40400,3
REQ002552,USER001381,73355,5
REQ002553,USER001870,85732,5
REQ002554,USER004546,76022,7
REQ002555,USER002747,31630,4
REQ002556,USER004693,59225,1
REQ002557,USER003664,68157,8
REQ002558,USER004725,19743,6
REQ002559,USER002951,24878,7
REQ002560,USER002624,2649,8
REQ002561,USER000790,26054,6
REQ002562,USER003733,64752,10
REQ002563,USER002719,82793,6
REQ002564,USER004376,3534,2
REQ002565,USER003158,1257,10
REQ002566,USER003124,58694,5
REQ002567,USER002533,37271,4
REQ002568,USER000602,77126,10
REQ002569,USER003270,80957,2
REQ002570,USER003024,84429,4
REQ002571,USER002562,60041,5
REQ002572,USER000489,9807,9
REQ002573,USER000110,78797,7
REQ002574,USER003701,36882,4
REQ002575,USER004067,67659,9
REQ002576,USER003629,45941,3
REQ002577,USER003839,18313,5
REQ002578,USER001888,36609,7
REQ002579,USER000923,28615,9
REQ002580,USER001730,59804,5
REQ002581,USER001732,19269,5
REQ002582,USER001154,20899,5
REQ002583,USER000742,83064,1
REQ002584,USER000628,6509,2
REQ002585,USER003441,27610,7
REQ002586,USER004702,64487,6
REQ002587,USER002369,22278,4
REQ002588,USER000649,4135,1
REQ002589,USER003420,54829,7
REQ002590,USER000684,53723,5
REQ002591,USER004909,63327,3
REQ002592,USER000121,61778,7
REQ002593,USER003955,11234,4
REQ002594,USER004067,43224,9
REQ002595,USER000914,39868,3
REQ002596,USER004015,31184,6
REQ002597,USER004356,1213,6
REQ002598,USER004330,82783,10
REQ002599,USER001598,68200,2
REQ002600,USER001059,46338,1
REQ002601,USER003317,60603,10
REQ002602,USER001775,77225,5
REQ002603,USER004274,56580,9
REQ002604,USER001887,7798,7
REQ002605,USER000206,45394,7
REQ002606,USER003442,35519,1
REQ002607,USER000569,6985,5
REQ002608,USER000348,36611,2
REQ002609,USER003873,9932,10
REQ002610,USER000311,53722,5
REQ002611,USER001219,16774,6
REQ002612,USER000360,78469,4
REQ002613,USER001161,6098,9
REQ002614,USER000541,46938,10
REQ002615,USER000076,12140,1
REQ002616,USER004580,29815,1
REQ002617,USER004906,33311,2
REQ002618,USER000251,43791,8
REQ002619,USER003388,44166,4
REQ002620,USER000590,82826,3
REQ002621,USER001965,27538,10
REQ002622,USER001581,75070,10
REQ002623,USER000618,9299,5
REQ002624,USER003502,81198,9
REQ002625,USER000614,63600,5
REQ002626,USER003556,30138,7
REQ002627,USER000279,71596,10
REQ002628,USER003108,32193,10
REQ002629,USER001149,9580,9
REQ002630,USER001455,61898,1
REQ002631,USER000301,22239,1
REQ002632,USER001874,43243,3
REQ002633,USER002058,76125,1
REQ002634,USER001184,83220,4
REQ002635,USER003724,59043,10
REQ002636,USER000050,23835,2
REQ002637,USER001646,23859,1
REQ002638,USER004994,8017,4
REQ002639,USER002098,67852,8
REQ002640,USER000529,47564,5
REQ002641,USER001069,38896,8
REQ002642,USER004127,81838,5
REQ002643,USER003340,44691,6
REQ002644,USER004183,58589,5
REQ002645,USER001395,82753,1
REQ002646,USER001163,42947,3
REQ002647,USER001046,84341,2
REQ002648,USER000575,70894,8
REQ002649,USER002750,65121,4
REQ002650,USER002030,23123,8
REQ002651,USER001405,70135,5
REQ002652,USER001260,26128,6
REQ002653,USER004130,21389,6
REQ002654,USER001017,53736,10
REQ002655,USER000738,59654,10
REQ002656,USER002044,69690,7
REQ002657,USER000124,31632,1
REQ002658,USER004414,78678,3
REQ002659,USER002030,56520,10
REQ002660,USER003749,64242,4
REQ002661,USER001488,6355,1
REQ002662,USER002215,1111,5
REQ002663,USER003427,23236,3
REQ002664,USER003952,63919,5
REQ002665,USER003276,49068,8
REQ002666,USER002919,28438,2
REQ002667,USER000509,46016,10
REQ002668,USER001726,60662,4
REQ002669,USER004907,35791,6
REQ002670,USER000750,20500,8
REQ002671,USER004445,14223,5
REQ002672,USER001959,62784,1
REQ002673,USER002702,67047,1
REQ002674,USER002869,6250,8
REQ002675,USER002438,49070,2
REQ002676,USER001936,66293,10
REQ002677,USER003097,24546,1
REQ002678,USER002488,80750,6
REQ002679,USER000239,66475,4
REQ002680,USER000132,23891,7
REQ002681,USER002072,85687,4
REQ002682,USER002229,33524,7
REQ002683,USER004019,44739,2
REQ002684,USER000584,79914,7
REQ002685,USER001542,67460,1
REQ002686,USER003357,29690,7
REQ002687,USER001458,14208,10
REQ002688,USER001521,32687,5
REQ002689,USER003971,393,5
REQ002690,USER003989,21748,2
REQ002691,USER002095,73800,3
REQ002692,USER000488,51031,1
REQ002693,USER002418,4765,9
REQ002694,USER001617,2163,6
REQ002695,USER001391,4465,9
REQ002696,USER000466,19339,8
REQ002697,USER004346,37550,6
REQ002698,USER002536,43082,4
REQ002699,USER002047,10378,7
REQ002700,USER004171,64693,2
REQ002701,USER001019,19076,7
REQ002702,USER000716,51136,10
REQ002703,USER004147,60344,7
REQ002704,USER003061,55453,10
REQ002705,USER002137,80413,8
REQ002706,USER003557,59020,10
REQ002707,USER004329,28623,1
REQ002708,USER000370,49803,4
REQ002709,USER000391,7262,10
REQ002710,USER004034,21259,7
REQ002711,USER003854,49108,2
REQ002712,USER004048,70425,4
REQ002713,USER004945,53676,9
REQ002714,USER004827,18817,6
REQ002715,USER001902,18787,7
REQ002716,USER003359,21616,5
REQ002717,USER002415,66325,1
REQ002718,USER001858,53875,7
REQ002719,USER002809,45582,2
REQ002720,USER003560,50108,3
REQ002721,USER004037,16728,5
REQ002722,USER004266,48756,7
REQ002723,USER000524,63515,4
REQ002724,USER003987,51128,2
REQ002725,USER002938,39225,2
REQ002726,USER000946,81648,2
REQ002727,USER002539,24512,1
REQ002728,USER000590,41299,5
REQ002729,USER004139,67642,1
REQ002730,USER003053,74934,7
REQ002731,USER003166,31097,6
REQ002732,USER002912,44299,3
REQ002733,USER004634,43808,8
REQ002734,USER003754,31826,10
REQ002735,USER001053,73155,4
REQ002736,USER001638,44136,1
REQ002737,USER003624,74756,9
REQ002738,USER004701,15602,7
REQ002739,USER000134,75691,6
REQ002740,USER000859,85409,10
REQ002741,USER003544,36440,8
REQ002742,USER003562,29829,4
REQ002743,USER004537,62004,6
REQ002744,USER004053,62222,1
REQ002745,USER003637,25495,3
REQ002746,USER002959,52527,7
REQ002747,USER004497,19542,5
REQ002748,USER001287,21892,5
REQ002749,USER003404,46924,3
REQ002750,USER002311,52485,5
REQ002751,USER004222,23075,6
REQ002752,USER000464,29248,3
REQ002753,USER001011,32938,7
REQ002754,USER004720,2593,5
REQ002755,USER004500,40323,1
REQ002756,USER000252,19793,4
REQ002757,USER001609,1147,4
REQ002758,USER002647,63594,3
REQ002759,USER001116,50755,10
REQ002760,USER004819,78155,9
REQ002761,USER003067,55105,7
REQ002762,USER003375,82867,9
REQ002763,USER000272,67128,9
REQ002764,USER001828,17992,7
REQ002765,USER000353,47294,6
REQ002766,USER001812,23334,3
REQ002767,USER001874,5797,6
REQ002768,USER003864,83374,10
REQ002769,USER000413,42348,8
REQ002770,USER000086,6222,1
REQ002771,USER004055,36102,5
REQ002772,USER002454,63502,1
REQ002773,USER001691,12949,4
REQ002774,USER003850,71343,8
REQ002775,USER000214,26559,5
REQ002776,USER001287,20849,1
REQ002777,USER000231,16175,6
REQ002778,USER001362,29526,2
REQ002779,USER000654,56105,6
REQ002780,USER002983,82616,3
REQ002781,USER003480,53714,1
REQ002782,USER004389,33258,9
REQ002783,USER001506,85893,9
REQ002784,USER002804,16494,7
REQ002785,USER003764,56467,6
REQ002786,USER003643,70587,2
REQ002787,USER001320,61295,8
REQ002788,USER003249,58836,5
REQ002789,USER002339,84268,1
REQ002790,USER001960,11405,8
REQ002791,USER000503,58006,4
REQ002792,USER004784,74756,10
REQ002793,USER003085,81462,6
REQ002794,USER004871,64116,5
REQ002795,USER002008,77838,6
REQ002796,USER000955,6382,2
REQ002797,USER004982,52321,3
REQ002798,USER004131,6139,5
REQ002799,USER000335,19615,10
REQ002800,USER002984,33857,9
REQ002801,USER002242,33469,9
REQ002802,USER003566,22495,5
REQ002803,USER002996,44909,1
REQ002804,USER003809,86158,5
REQ002805,USER001294,35246,1
REQ002806,USER002777,2665,1
REQ002807,USER004469,81436,10
REQ002808,USER004157,4958,6
REQ002809,USER000042,34370,10
REQ002810,USER003581,43784,2
REQ002811,USER000624,77062,10
REQ002812,USER004609,69771,4
REQ002813,USER000713,4779,6
REQ002814,USER000760,43512,6
REQ002815,USER003449,61856,5
REQ002816,USER004761,68390,6
REQ002817,USER003108,10857,2
REQ002818,USER003202,69292,9
REQ002819,USER004857,63001,7
REQ002820,USER002599,81593,10
REQ002821,USER004426,50620,4
REQ002822,USER001184,80846,7
REQ002823,USER003044,68243,6
REQ002824,USER004573,37833,6
REQ002825,USER004142,29359,9
REQ002826,USER004608,80297,10
REQ002827,USER004847,50527,9
REQ002828,USER002122,46872,6
REQ002829,USER004168,30334,10
REQ002830,USER004350,67102,1
REQ002831,USER003496,43745,10
REQ002832,USER001719,32748,3
REQ002833,USER000833,14268,1
REQ002834,USER002672,28420,2
REQ002835,USER000577,83970,2
REQ002836,USER003192,40358,5
REQ002837,USER003999,79564,6
REQ002838,USER003987,48943,4
REQ002839,USER004363,71996,9
REQ002840,USER001906,29013,9
REQ002841,USER002824,42147,2
REQ002842,USER000233,23783,4
REQ002843,USER003666,51756,10
REQ002844,USER000776,23155,9
REQ002845,USER000838,29832,1
REQ002846,USER000372,33307,7
REQ002847,USER004164,63486,1
REQ002848,USER000103,31404,6
REQ002849,USER003406,81532,9
REQ002850,USER004104,50532,8
REQ002851,USER000749,2971,3
REQ002852,USER004415,33040,7
REQ002853,USER001829,85637,5
REQ002854,USER004223,79410,2
REQ002855,USER000978,32192,1
REQ002856,USER003908,18834,5
REQ002857,USER002520,74736,6
REQ002858,USER003461,61671,9
REQ002859,USER002259,66009,8
REQ002860,USER002606,6993,5
REQ002861,USER001082,3572,5
REQ002862,USER001929,65105,10
REQ002863,USER000014,66699,2
REQ002864,USER000290,42366,9
REQ002865,USER004944,56512,10
REQ002866,USER003919,3968,7
REQ002867,USER002028,8792,6
REQ002868,USER004450,32714,7
REQ002869,USER004471,9068,7
REQ002870,USER000573,1213,10
REQ002871,USER003678,57298,5
REQ002872,USER004517,69750,6
REQ002873,USER000960,76788,3
REQ002874,USER001494,17442,5
REQ002875,USER003565,26435,9
REQ002876,USER001371,2237,1
REQ002877,USER004124,38965,5
REQ002878,USER002106,41923,9
REQ002879,USER002510,16469,6
REQ002880,USER002378,37861,6
REQ002881,USER002187,27690,4
REQ002882,USER002488,28611,8
REQ002883,USER004857,76005,4
REQ002884,USER000024,28747,6
REQ002885,USER000880,75969,6
REQ002886,USER000173,3847,10
REQ002887,USER003755,58620,4
REQ002888,USER000631,32072,2
REQ002889,USER003177,80510,5
REQ002890,USER004873,45946,1
REQ002891,USER002348,39774,6
REQ002892,USER004075,84687,3
REQ002893,USER004165,75575,1
REQ002894,USER000756,42991,9
REQ002895,USER001450,57633,8
REQ002896,USER004312,31568,3
REQ002897,USER001699,6235,9
REQ002898,USER003363,7717,8
REQ002899,USER004227,46538,4
REQ002900,USER000091,77025,8
REQ002901,USER004722,39691,6
REQ002902,USER003254,70444,7
REQ002903,USER000322,62950,10
REQ002904,USER000825,33922,10
REQ002905,USER000344,62262,7
REQ002906,USER000638,17337,10
REQ002907,USER000469,26178,6
REQ002908,USER002107,3109,5
REQ002909,USER004975,20499,4
REQ002910,USER001486,59435,1
REQ002911,USER002418,40348,1
REQ002912,USER004770,24529,6
REQ002913,USER000122,43918,8
REQ002914,USER004654,61347,1
REQ002915,USER000891,22828,2
REQ002916,USER003873,36165,4
REQ002917,USER002782,48472,1
REQ002918,USER001698,7319,1
REQ002919,USER001161,64286,3
REQ002920,USER001538,38623,2
REQ002921,USER001986,69832,7
REQ002922,USER002569,78982,5
REQ002923,USER003761,28600,4
REQ002924,USER001051,54943,2
REQ002925,USER000159,64041,8
REQ002926,USER003454,20721,2
REQ002927,USER000783,74229,7
REQ002928,USER000271,73673,1
REQ002929,USER004084,8380,7
REQ002930,USER001219,58575,8
REQ002931,USER000313,35726,7
REQ002932,USER002352,71267,6
REQ002933,USER002489,50408,2
REQ002934,USER001243,10387,5
REQ002935,USER004850,18214,6
REQ002936,USER004606,41320,1
REQ002937,USER002820,70653,6
REQ002938,USER003970,23260,3
REQ002939,USER001797,59830,1
REQ002940,USER002148,76479,2
REQ002941,USER004586,34685,5
REQ002942,USER004506,38803,9
REQ002943,USER003788,14677,9
REQ002944,USER002557,82704,9
REQ002945,USER000500,41597,7
REQ002946,USER000923,60253,7
REQ002947,USER003512,3219,8
REQ002948,USER003354,83469,7
REQ002949,USER003627,59812,2
REQ002950,USER003062,38962,2
REQ002951,USER000561,80397,8
REQ002952,USER003056,22689,10
REQ002953,USER004474,829,8
REQ002954,USER001255,14482,7
REQ002955,USER005000,76686,7
REQ002956,USER004682,76230,10
REQ002957,USER002630,73534,5
REQ002958,USER004217,67676,4
REQ002959,USER004487,26136,10
REQ002960,USER003377,52021,2
REQ002961,USER001000,40807,2
REQ002962,USER002241,44700,7
REQ002963,USER004836,48638,9
REQ002964,USER004028,62304,5
REQ002965,USER000475,83503,10
REQ002966,USER002880,6485,9
REQ002967,USER001421,12864,7
REQ002968,USER003292,20896,2
REQ002969,USER002633,65049,7
REQ002970,USER002942,68574,2
REQ002971,USER000137,17858,3
REQ002972,USER003427,68340,7
REQ002973,USER003272,82188,3
REQ002974,USER003296,6984,8
REQ002975,USER001413,20409,10
REQ002976,USER000990,16370,1
REQ002977,USER000238,36077,2
REQ002978,USER000628,19623,5
REQ002979,USER003074,70152,1
REQ002980,USER003919,66703,4
REQ002981,USER002561,60980,5
REQ002982,USER000627,73117,5
REQ002983,USER002772,76823,1
REQ002984,USER000645,72792,1
REQ002985,USER003075,7700,4
REQ002986,USER004981,48235,1
REQ002987,USER002245,39276,3
REQ002988,USER003644,82758,1
REQ002989,USER002760,12424,2
REQ002990,USER001181,16445,7
REQ002991,USER001280,42306,2
REQ002992,USER003111,9183,7
REQ002993,USER004339,58466,9
REQ002994,USER001116,84900,5
REQ002995,USER002095,30047,9
REQ002996,USER004267,24262,6
REQ002997,USER000041,16395,4
REQ002998,USER002747,10882,10
REQ002999,USER000008,76388,9
REQ003000,USER002620,64100,4
REQ003001,USER001422,7038,8
REQ003002,USER002421,30101,10
REQ003003,USER002689,14680,6
REQ003004,USER002098,76770,2
REQ003005,USER002737,68890,2
REQ003006,USER001425,3780,1
REQ003007,USER003753,76406,5
REQ003008,USER004045,84547,9
REQ003009,USER002690,27634,9
REQ003010,USER003600,54695,10
REQ003011,USER004901,40380,3
REQ003012,USER002187,41429,2
REQ003013,USER003085,54616,9
REQ003014,USER000798,52519,5
REQ003015,USER000196,1873,9
REQ003016,USER002195,34886,4
REQ003017,USER001949,83817,3
REQ003018,USER004894,81812,9
REQ003019,USER004887,20495,8
REQ003020,USER000775,14553,7
REQ003021,USER002679,75617,10
REQ003022,USER002220,8718,10
REQ003023,USER004478,79232,9
REQ003024,USER000410,2917,2
REQ003025,USER004276,52072,9
REQ003026,USER001356,43555,3
REQ003027,USER002979,24473,9
REQ003028,USER004900,50443,10
REQ003029,USER004108,13894,8
REQ003030,USER000466,22614,10
REQ003031,USER003942,11218,2
REQ003032,USER004337,43746,7
REQ003033,USER002195,20362,9
REQ003034,USER001566,80328,9
REQ003035,USER004770,68073,2
REQ003036,USER000966,2677,8
REQ003037,USER004344,59610,2
REQ003038,USER000191,43023,4
REQ003039,USER002895,30583,1
REQ003040,USER000545,77165,6
REQ003041,USER003635,48692,3
REQ003042,USER004799,1307,7
REQ003043,USER003205,55648,10
REQ003044,USER002807,23037,6
REQ003045,USER004501,69742,3
REQ003046,USER003628,55380,1
REQ003047,USER002087,32557,7
REQ003048,USER003244,5038,6
REQ003049,USER001063,16826,9
REQ003050,USER004018,34988,2
REQ003051,USER002807,9105,8
REQ003052,USER000629,83980,2
REQ003053,USER001898,20713,2
REQ003054,USER004495,52369,7
REQ003055,USER000658,25656,8
REQ003056,USER004945,55193,2
REQ003057,USER001485,56478,7
REQ003058,USER002904,84670,9
REQ003059,USER001255,57469,4
REQ003060,USER004389,28084,3
REQ003061,USER001136,78085,5
REQ003062,USER002587,62626,2
REQ003063,USER004143,65244,9
REQ003064,USER000590,44625,1
REQ003065,USER000969,3838,8
REQ003066,USER003295,57315,4
REQ003067,USER000007,73760,2
REQ003068,USER003012,76439,10
REQ003069,USER002746,35288,2
REQ003070,USER004633,21035,3
REQ003071,USER001876,8388,6
REQ003072,USER004337,55345,4
REQ003073,USER003922,16635,8
REQ003074,USER003301,39540,2
REQ003075,USER002040,36294,8
REQ003076,USER000052,20516,6
REQ003077,USER001244,46562,4
REQ003078,USER004077,65990,3
REQ003079,USER003868,29571,3
REQ003080,USER004629,41603,5
REQ003081,USER003483,1805,6
REQ003082,USER001000,51129,3
REQ003083,USER002674,45919,1
REQ003084,USER004152,56757,6
REQ003085,USER002018,83960,1
REQ003086,USER001853,50277,3
REQ003087,USER001181,21445,7
REQ003088,USER002515,21733,7
REQ003089,USER003492,72877,1
REQ003090,USER003507,33141,6
REQ003091,USER003393,726,10
REQ003092,USER003588,81245,9
REQ003093,USER004058,59884,6
REQ003094,USER003766,34180,3
REQ003095,USER003942,40109,2
REQ003096,USER001017,40007,6
REQ003097,USER002026,60543,1
REQ003098,USER002847,53922,6
REQ003099,USER001380,21127,6
REQ003100,USER002436,57302,8
REQ003101,USER003268,45753,5
REQ003102,USER004861,15117,9
REQ003103,USER004990,20862,1
REQ003104,USER004849,41117,9
REQ003105,USER001202,28577,7
REQ003106,USER004028,42965,6
REQ003107,USER004180,22689,8
REQ003108,USER000800,30142,3
REQ003109,USER003729,17792,4
REQ003110,USER000745,78047,4
REQ003111,USER003609,75232,1
REQ003112,USER001135,25157,3
REQ003113,USER002848,65724,5
REQ003114,USER001153,77836,6
REQ003115,USER001951,48431,2
REQ003116,USER000894,28205,8
REQ003117,USER004282,37151,1
REQ003118,USER002988,25807,5
REQ003119,USER002069,46617,5
REQ003120,USER000463,31814,6
REQ003121,USER003790,12646,8
REQ003122,USER003446,26938,2
REQ003123,USER002581,182,2
REQ003124,USER000957,74419,5
REQ003125,USER004780,38982,2
REQ003126,USER003794,21536,4
REQ003127,USER000143,75701,9
REQ003128,USER001355,53019,2
REQ003129,USER003836,85934,8
REQ003130,USER004882,28188,9
REQ003131,USER004722,16424,9
REQ003132,USER003942,45255,9
REQ003133,USER003934,45374,10
REQ003134,USER000082,70671,7
REQ003135,USER004042,22411,2
REQ003136,USER001752,4737,2
REQ003137,USER000970,26545,1
REQ003138,USER001605,67481,3
REQ003139,USER002231,54283,10
REQ003140,USER004631,73474,7
REQ003141,USER004987,71138,5
REQ003142,USER004586,77511,2
REQ003143,USER002924,64143,10
REQ003144,USER000369,80365,2
REQ003145,USER004415,56106,1
REQ003146,USER004846,82489,6
REQ003147,USER000941,4307,3
REQ003148,USER002084,2030,1
REQ003149,USER001357,74782,1
REQ003150,USER001179,45148,8
REQ003151,USER004396,69763,2
REQ003152,USER004586,7062,1
REQ003153,USER001294,31885,8
REQ003154,USER001700,81830,9
REQ003155,USER002507,35947,5
REQ003156,USER003030,76686,10
REQ003157,USER000443,40150,10
REQ003158,USER001156,14205,8
REQ003159,USER004647,60838,1
REQ003160,USER003398,79593,8
REQ003161,USER000107,82475,1
REQ003162,USER001937,10577,7
REQ003163,USER004870,55312,7
REQ003164,USER001050,73749,1
REQ003165,USER001140,60986,10
REQ003166,USER002795,36321,3
REQ003167,USER000570,78596,6
REQ003168,USER000498,27960,4
REQ003169,USER000366,71377,10
REQ003170,USER003074,81325,3
REQ003171,USER003649,4619,10
REQ003172,USER002301,5899,3
REQ003173,USER000313,21893,8
REQ003174,USER004866,59157,5
REQ003175,USER004815,18251,2
REQ003176,USER002238,47745,5
REQ003177,USER003269,5844,3
REQ003178,USER004471,69500,1
REQ003179,USER001230,78892,10
REQ003180,USER003137,10831,9
REQ003181,USER003028,30759,5
REQ003182,USER001310,47381,1
REQ003183,USER004787,6958,7
REQ003184,USER003802,25731,2
REQ003185,USER001598,77202,3
REQ003186,USER002952,3302,3
REQ003187,USER003487,65909,6
REQ003188,USER000703,46124,2
REQ003189,USER003199,20382,10
REQ003190,USER004000,79130,5
REQ003191,USER002866,9332,5
REQ003192,USER004865,52378,3
REQ003193,USER002208,66175,9
REQ003194,USER001473,7157,9
REQ003195,USER003430,19965,2
REQ003196,USER002041,34486,5
REQ003197,USER004476,61727,9
REQ003198,USER004482,19974,9
REQ003199,USER000681,39431,2
REQ003200,USER000013,75822,1
REQ003201,USER000087,84672,2
REQ003202,USER003632,64016,2
REQ003203,USER002325,27350,6
REQ003204,USER004961,14466,4
REQ003205,USER001302,9111,10
REQ003206,USER004673,12536,2
REQ003207,USER004087,57298,9
REQ003208,USER003352,83686,6
REQ003209,USER003531,38710,5
REQ003210,USER001383,24855,3
REQ003211,USER000524,83513,2
REQ003212,USER004853,57515,5
REQ003213,USER003407,40638,4
REQ003214,USER002527,63200,5
REQ003215,USER004517,73415,6
REQ003216,USER002775,59247,1
REQ003217,USER004210,32802,6
REQ003218,USER004671,64212,5
REQ003219,USER002070,25746,1
REQ003220,USER000606,39017,5
REQ003221,USER003087,25010,7
REQ003222,USER002332,64484,7
REQ003223,USER001335,50602,9
REQ003224,USER004619,68348,3
REQ003225,USER000806,25150,8
REQ003226,USER003473,85631,9
REQ003227,USER000749,70383,3
REQ003228,USER002038,50953,1
REQ003229,USER003370,22698,7
REQ003230,USER003881,53427,2
REQ003231,USER001454,53860,3
REQ003232,USER001687,27051,8
REQ003233,USER003119,20023,9
REQ003234,USER000194,12516,6
REQ003235,USER003517,38603,8
REQ003236,USER000303,6153,10
REQ003237,USER003703,19022,5
REQ003238,USER000619,76568,6
REQ003239,USER003214,17487,5
REQ003240,USER004522,33136,8
REQ003241,USER001954,30141,10
REQ003242,USER003065,22579,7
REQ003243,USER004201,57860,1
REQ003244,USER002879,29080,10
REQ003245,USER003869,9168,7
REQ003246,USER004889,2788,7
REQ003247,USER002604,24454,2
REQ003248,USER001057,1848,5
REQ003249,USER000051,78099,2
REQ003250,USER003669,51185,5
REQ003251,USER001375,57064,5
REQ003252,USER003921,49953,7
REQ003253,USER004012,57908,4
REQ003254,USER000137,59806,10
REQ003255,USER004415,3348,5
REQ003256,USER002780,55002,6
REQ003257,USER003873,39994,10
REQ003258,USER001286,52184,1
REQ003259,USER000775,77274,8
REQ003260,USER004220,56830,4
REQ003261,USER003226,29168,7
REQ003262,USER001624,48016,8
REQ003263,USER003590,31612,9
REQ003264,USER000760,83248,10
REQ003265,USER001957,16470,2
REQ003266,USER002013,79629,2
REQ003267,USER004077,48794,9
REQ003268,USER004802,79847,7
REQ003269,USER004130,9569,4
REQ003270,USER003460,33364,2
REQ003271,USER003909,62245,5
REQ003272,USER000061,49679,7
REQ003273,USER003640,73174,1
REQ003274,USER002832,17993,9
REQ003275,USER000326,17764,7
REQ003276,USER002526,6362,9
REQ003277,USER003613,67555,9
REQ003278,USER001801,45105,10
REQ003279,USER002103,60519,8
REQ003280,USER001868,83541,2
REQ003281,USER000324,27722,8
REQ003282,USER004306,14763,10
REQ003283,USER004070,25380,8
REQ003284,USER004661,68573,6
REQ003285,USER003901,21341,2
REQ003286,USER004912,34613,4
REQ003287,USER002652,29702,7
REQ003288,USER003877,33989,10
REQ003289,USER002886,48301,4
REQ003290,USER004365,5969,9
REQ003291,USER000302,49554,9
REQ003292,USER001330,85793,3
REQ003293,USER004230,78766,3
REQ003294,USER003637,47767,6
REQ003295,USER001295,84521,6
REQ003296,USER000996,11152,4
REQ003297,USER004422,85251,7
REQ003298,USER001160,80342,1
REQ003299,USER004764,56705,8
REQ003300,USER003174,24615,1
REQ003301,USER004512,78724,1
REQ003302,USER003013,12463,9
REQ003303,USER004529,44518,1
REQ003304,USER004031,36126,1
REQ003305,USER004132,6026,6
REQ003306,USER001095,30706,10
REQ003307,USER002453,53260,3
REQ003308,USER002797,38781,1
REQ003309,USER000416,42377,2
REQ003310,USER002110,37903,4
REQ003311,USER000453,63147,5
REQ003312,USER000777,40855,4
REQ003313,USER004159,5056,8
REQ003314,USER003422,47219,3
REQ003315,USER004363,44286,2
REQ003316,USER003625,49828,2
REQ003317,USER000174,31537,9
REQ003318,USER003591,80940,6
REQ003319,USER002696,33916,3
REQ003320,USER004563,64807,7
REQ003321,USER003294,73195,6
REQ003322,USER004585,78371,8
REQ003323,USER000732,74228,1
REQ003324,USER000471,10945,7
REQ003325,USER001269,45805,5
REQ003326,USER004291,66667,5
REQ003327,USER001146,36994,5
REQ003328,USER002962,35479,1
REQ003329,USER004034,27996,1
REQ003330,USER002663,78453,4
REQ003331,USER002169,68612,8
REQ003332,USER004142,28358,5
REQ003333,USER002016,66944,7
REQ003334,USER004155,17251,7
REQ003335,USER002328,9448,5
REQ003336,USER002408,18362,9
REQ003337,USER004640,68528,8
REQ003338,USER001623,34698,5
REQ003339,USER004347,68175,7
REQ003340,USER000026,53445,10
REQ003341,USER003976,38424,1
REQ003342,USER004148,41674,10
REQ003343,USER003020,26924,2
REQ003344,USER004092,48157,3
REQ003345,USER003920,72787,2
REQ003346,USER003699,60967,2
REQ003347,USER004994,39611,9
REQ003348,USER003375,76864,10
REQ003349,USER000231,26831,8
REQ003350,USER002884,49318,9
REQ003351,USER001168,33369,2
REQ003352,USER004862,72994,2
REQ003353,USER002201,17207,7
REQ003354,USER004157,13980,8
REQ003355,USER000494,67322,1
REQ003356,USER001071,53219,1
REQ003357,USER002987,71764,8
REQ003358,USER000062,46405,10
REQ003359,USER003544,53032,10
REQ003360,USER001380,21944,6
REQ003361,USER004013,44028,7
REQ003362,USER003672,47000,4
REQ003363,USER000209,44927,2
REQ003364,USER002323,57448,6
REQ003365,USER002860,76971,10
REQ003366,USER004901,18533,6
REQ003367,USER001142,30329,4
REQ003368,USER002091,2042,9
REQ003369,USER003842,75813,6
REQ003370,USER001010,81926,4
REQ003371,USER004555,53517,1
REQ003372,USER001157,27935,10
REQ003373,USER001691,3528,7
REQ003374,USER002756,39378,4
REQ003375,USER001286,15291,3
REQ003376,USER003908,81194,7
REQ003377,USER000519,64080,5
REQ003378,USER000472,8520,3
REQ003379,USER002548,66424,2
REQ003380,USER000698,71301,4
REQ003381,USER001271,73983,8
REQ003382,USER000143,67321,4
REQ003383,USER000638,4286,4
REQ003384,USER003559,45985,2
REQ003385,USER003282,61150,3
REQ003386,USER004406,41841,1
REQ003387,USER004405,25182,2
REQ003388,USER003845,53257,10
REQ003389,USER001195,83232,4
REQ003390,USER000607,71471,6
REQ003391,USER003050,20828,10
REQ003392,USER004906,41141,6
REQ003393,USER001318,42865,6
REQ003394,USER000879,34339,5
REQ003395,USER002662,58024,5
REQ003396,USER000614,41573,4
REQ003397,USER003954,50598,5
REQ003398,USER003637,80067,2
REQ003399,USER004237,53456,2
REQ003400,USER002957,35377,5
REQ003401,USER004570,35325,7
REQ003402,USER002191,22839,8
REQ003403,USER001116,81648,6
REQ003404,USER004212,77236,10
REQ003405,USER004107,21857,6
REQ003406,USER003646,40320,6
REQ003407,USER001457,61380,7
REQ003408,USER003345,71970,3
REQ003409,USER004346,61717,9
REQ003410,USER002682,31317,9
REQ003411,USER001762,9679,10
REQ003412,USER003790,50836,5
REQ003413,USER003648,14395,1
REQ003414,USER003244,62569,1
REQ003415,USER002936,78252,5
REQ003416,USER002678,16493,7
REQ003417,USER003733,18585,1
REQ003418,USER000082,62942,9
REQ003419,USER003166,58393,4
REQ003420,USER004716,70698,9
REQ003421,USER003761,25851,5
REQ003422,USER003021,27959,2
REQ003423,USER001721,35208,6
REQ003424,USER000297,32899,10
REQ003425,USER004937,39522,1
REQ003426,USER001388,73788,3
REQ003427,USER002388,42925,3
REQ003428,USER000411,20022,6
REQ003429,USER004832,57783,9
REQ003430,USER003176,12093,6
REQ003431,USER000897,17486,8
REQ003432,USER003894,49602,6
REQ003433,USER001514,71624,9
REQ003434,USER002162,28056,4
REQ003435,USER004162,47665,2
REQ003436,USER004628,62716,8
REQ003437,USER002318,77244,1
REQ003438,USER004498,60853,5
REQ003439,USER001169,84714,2
REQ003440,USER000512,55628,10
REQ003441,USER001529,44941,1
REQ003442,USER004758,86218,8
REQ003443,USER000688,62870,4
REQ003444,USER001886,70973,4
REQ003445,USER001665,81570,5
REQ003446,USER002805,53576,3
REQ003447,USER002323,7990,6
REQ003448,USER001658,43791,1
REQ003449,USER003224,12632,7
REQ003450,USER004804,30430,1
REQ003451,USER003058,26709,6
REQ003452,USER004846,31195,10
REQ003453,USER003213,76117,3
REQ003454,USER004644,32985,4
REQ003455,USER000098,83026,2
REQ003456,USER004525,63541,1
REQ003457,USER003977,40244,3
REQ003458,USER002606,25635,7
REQ003459,USER003454,28047,9
REQ003460,USER004422,54916,3
REQ003461,USER003421,65005,5
REQ003462,USER003973,58848,10
REQ003463,USER004360,39014,1
REQ003464,USER003250,51590,2
REQ003465,USER003187,75735,1
REQ003466,USER002932,79987,5
REQ003467,USER004112,74248,9
REQ003468,USER001799,55795,1
REQ003469,USER001964,39604,10
REQ003470,USER002668,84185,9
REQ003471,USER000975,70517,7
REQ003472,USER001430,76915,4
REQ003473,USER002159,13078,4
REQ003474,USER000151,47165,10
REQ003475,USER002681,40407,2
REQ003476,USER002705,74313,5
REQ003477,USER000100,36872,2
REQ003478,USER000609,11622,9
REQ003479,USER000875,12986,10
REQ003480,USER003100,25623,6
REQ003481,USER003265,46942,7
REQ003482,USER000499,79186,10
REQ003483,USER001051,71528,2
REQ003484,USER003657,77588,8
REQ003485,USER000250,27908,2
REQ003486,USER001993,70914,9
REQ003487,USER000917,35629,10
REQ003488,USER003924,72428,2
REQ003489,USER001804,76164,1
REQ003490,USER003521,37308,3
REQ003491,USER000199,52059,5
REQ003492,USER000259,42203,4
REQ003493,USER001677,33258,10
REQ003494,USER001482,1827,2
REQ003495,USER001365,37769,3
REQ003496,USER000541,56936,2
REQ003497,USER001837,76049,6
REQ003498,USER000310,79446,7
REQ003499,USER004905,25264,4
REQ003500,USER003617,43062,8
REQ003501,USER003088,57843,5
REQ003502,USER001191,30220,1
REQ003503,USER000903,27235,5
REQ003504,USER002143,11664,7
REQ003505,USER002894,58854,1
REQ003506,USER002025,18662,4
REQ003507,USER003940,59708,2
REQ003508,USER003936,7571,8
REQ003509,USER000469,38936,4
REQ003510,USER004563,84388,9
REQ003511,USER000885,64196,1
REQ003512,USER003069,20311,7
REQ003513,USER003231,34691,5
REQ003514,USER000086,59144,6
REQ003515,USER000854,44427,8
REQ003516,USER000106,7554,6
REQ003517,USER000637,6870,8
REQ003518,USER000645,48028,1
REQ003519,USER001127,77566,2
REQ003520,USER004341,83689,7
REQ003521,USER003735,63540,7
REQ003522,USER004852,68887,9
REQ003523,USER000222,28687,9
REQ003524,USER004819,12185,5
REQ003525,USER003053,6809,3
REQ003526,USER003260,6866,7
REQ003527,USER002976,31681,1
REQ003528,USER004006,58070,6
REQ003529,USER001169,43020,3
REQ003530,USER001750,69586,7
REQ003531,USER001304,15392,7
REQ003532,USER002178,64471,6
REQ003533,USER003534,8398,10
REQ003534,USER001018,16821,1
REQ003535,USER004484,31135,1
REQ003536,USER004584,42839,9
REQ003537,USER002839,65989,10
REQ003538,USER000684,64154,6
REQ003539,USER001564,30757,1
REQ003540,USER000708,58546,1
REQ003541,USER004349,17814,8
REQ003542,USER003702,80985,2
REQ003543,USER001831,48406,9
REQ003544,USER004909,83412,4
REQ003545,USER004141,46138,7
REQ003546,USER003403,50047,3
REQ003547,USER001430,13595,4
REQ003548,USER000792,65940,1
REQ003549,USER002716,6019,4
REQ003550,USER000778,32155,7
REQ003551,USER004044,32100,2
REQ003552,USER003235,45821,2
REQ003553,USER004945,25668,1
REQ003554,USER002706,39370,9
REQ003555,USER003138,72894,8
REQ003556,USER000117,41027,4
REQ003557,USER001392,47698,8
REQ003558,USER001427,37069,1
REQ003559,USER002361,78109,2
REQ003560,USER000814,17262,5
REQ003561,USER002240,66155,8
REQ003562,USER004529,60631,3
REQ003563,USER002602,84716,9
REQ003564,USER002435,50966,6
REQ003565,USER002000,29718,9
REQ003566,USER001515,13693,5
REQ003567,USER002314,48324,8
REQ003568,USER002936,67072,1
REQ003569,USER002543,25139,7
REQ003570,USER004336,17999,10
REQ003571,USER001456,72700,6
REQ003572,USER004898,34879,5
REQ003573,USER003741,10378,8
REQ003574,USER001011,85392,6
REQ003575,USER002222,65372,7
REQ003576,USER001339,66241,6
REQ003577,USER003665,32108,5
REQ003578,USER000679,77444,9
REQ003579,USER001309,61744,10
REQ003580,USER001946,43358,7
REQ003581,USER002826,61629,3
REQ003582,USER004857,80473,10
REQ003583,USER000891,26096,6
REQ003584,USER003407,25379,7
REQ003585,USER002739,31746,8
REQ003586,USER004703,16021,6
REQ003587,USER002797,78690,10
REQ003588,USER004028,75097,7
REQ003589,USER004481,42046,9
REQ003590,USER000908,73571,1
REQ003591,USER002693,43968,9
REQ003592,USER003523,42403,4
REQ003593,USER001264,65145,1
REQ003594,USER002502,49559,5
REQ003595,USER001114,69883,6
REQ003596,USER000213,66251,2
REQ003597,USER002736,18043,7
REQ003598,USER002124,72784,5
REQ003599,USER001183,33668,3
REQ003600,USER004048,66758,6
REQ003601,USER001351,8985,9
REQ003602,USER001418,32192,8
REQ003603,USER004638,61744,8
REQ003604,USER004336,71392,3
REQ003605,USER002319,79382,5
REQ003606,USER004097,21237,7
REQ003607,USER001793,40296,4
REQ003608,USER002547,62581,3
REQ003609,USER004866,18349,8
REQ003610,USER004030,50440,3
REQ003611,USER003030,54648,1
REQ003612,USER002516,27135,5
REQ003613,USER000992,15294,2
REQ003614,USER003078,60097,5
REQ003615,USER000007,26981,2
REQ003616,USER003258,9317,5
REQ003617,USER002284,52559,8
REQ003618,USER003382,53033,7
REQ003619,USER000526,17494,1
REQ003620,USER004316,23769,2
REQ003621,USER002354,14106,5
REQ003622,USER002152,9194,5
REQ003623,USER003131,58730,7
REQ003624,USER001063,7305,9
REQ003625,USER000715,62157,5
REQ003626,USER001414,12346,7
REQ003627,USER003777,51180,9
REQ003628,USER002677,53763,7
REQ003629,USER003638,60620,1
REQ003630,USER004947,2427,6
REQ003631,USER003989,4746,8
REQ003632,USER000962,75310,10
REQ003633,USER003868,84102,9
REQ003634,USER004455,85657,5
REQ003635,USER000789,2968,4
REQ003636,USER000677,22622,2
REQ003637,USER004951,85436,1
REQ003638,USER004806,26495,10
REQ003639,USER003897,77223,9
REQ003640,USER004294,18032,7
REQ003641,USER004832,77161,9
REQ003642,USER003772,45039,7
REQ003643,USER004151,33321,3
REQ003644,USER003261,4388,9
REQ003645,USER004115,41633,9
REQ003646,USER003989,52989,3
REQ003647,USER001154,60898,1
REQ003648,USER001186,67227,4
REQ003649,USER000699,76448,6
REQ003650,USER004276,15017,8
REQ003651,USER000075,46252,4
REQ003652,USER003228,75887,3
REQ003653,USER004792,67611,9
REQ003654,USER002473,42237,2
REQ003655,USER000023,46043,5
REQ003656,USER002275,52776,2
REQ003657,USER003338,39729,8
REQ003658,USER003340,65847,6
REQ003659,USER000325,81258,5
REQ003660,USER004641,64382,6
REQ003661,USER004165,19551,9
REQ003662,USER003416,9947,8
REQ003663,USER004133,71301,3
REQ003664,USER002301,9841,3
REQ003665,USER003925,4552,5
REQ003666,USER002575,78775,10
REQ003667,USER003176,48709,1
REQ003668,USER001147,21346,5
REQ003669,USER000034,20088,10
REQ003670,USER002570,70417,8
REQ003671,USER001344,2323,10
REQ003672,USER004651,10205,7
REQ003673,USER000715,66861,1
REQ003674,USER003446,71750,10
REQ003675,USER000015,54821,1
REQ003676,USER000388,60317,7
REQ003677,USER004579,24438,4
REQ003678,USER002935,26844,8
REQ003679,USER004440,62231,3
REQ003680,USER002440,37753,1
REQ003681,USER003877,27503,2
REQ003682,USER002497,13049,7
REQ003683,USER004981,84862,7
REQ003684,USER002429,10635,6
REQ003685,USER003566,3852,7
REQ003686,USER004209,30112,8
REQ003687,USER001076,82762,8
REQ003688,USER001737,86178,9
REQ003689,USER001834,7053,9
REQ003690,USER002544,22987,7
REQ003691,USER003040,16363,9
REQ003692,USER002811,66403,9
REQ003693,USER001868,59653,10
REQ003694,USER003048,68306,5
REQ003695,USER002124,71633,2
REQ003696,USER000339,17708,10
REQ003697,USER001788,3187,3
REQ003698,USER001722,70127,4
REQ003699,USER004666,29919,1
REQ003700,USER001350,39970,8
REQ003701,USER004022,18943,5
REQ003702,USER003373,21114,9
REQ003703,USER000155,55476,6
REQ003704,USER001681,39440,4
REQ003705,USER003408,16238,3
REQ003706,USER004847,7096,10
REQ003707,USER001438,3327,7
REQ003708,USER003842,77147,3
REQ003709,USER002094,80995,8
REQ003710,USER004585,66333,9
REQ003711,USER004792,31996,5
REQ003712,USER004916,76061,6
REQ003713,USER002776,9930,6
REQ003714,USER002859,37925,6
REQ003715,USER003297,37873,5
REQ003716,USER001596,2886,5
REQ003717,USER001458,9937,4
REQ003718,USER003186,24596,5
REQ003719,USER003814,44227,8
REQ003720,USER003471,82771,3
REQ003721,USER003721,43838,6
REQ003722,USER000071,19653,9
REQ003723,USER001745,13615,4
REQ003724,USER004326,61494,10
REQ003725,USER001715,18874,8
REQ003726,USER002559,17833,10
REQ003727,USER001983,7577,6
REQ003728,USER003726,83117,3
REQ003729,USER002353,65877,2
REQ003730,USER002984,27835,10
REQ003731,USER001756,48599,4
REQ003732,USER003173,13239,5
REQ003733,USER000157,57614,10
REQ003734,USER002691,38568,3
REQ003735,USER001644,42397,8
REQ003736,USER001487,76609,6
REQ003737,USER001181,80410,7
REQ003738,USER003815,40215,5
REQ003739,USER001792,26909,1
REQ003740,USER004814,81476,5
REQ003741,USER002771,16311,9
REQ003742,USER002291,4487,3
REQ003743,USER002224,41541,4
REQ003744,USER001240,80020,8
REQ003745,USER004849,58801,7
REQ003746,USER002992,78060,9
REQ003747,USER001622,45550,5
REQ003748,USER002288,61740,2
REQ003749,USER002527,80999,9
REQ003750,USER002038,76590,10
REQ003751,USER002635,15668,5
REQ003752,USER004300,48222,4
REQ003753,USER001084,33167,2
REQ003754,USER004240,26874,3
REQ003755,USER004951,17058,8
REQ003756,USER004768,52626,10
REQ003757,USER003181,5449,4
REQ003758,USER001023,60918,8
REQ003759,USER004191,61812,1
REQ003760,USER004528,15178,7
REQ003761,USER003011,34155,3
REQ003762,USER002040,8065,3
REQ003763,USER002299,79929,7
REQ003764,USER002089,80271,1
REQ003765,USER003475,24731,3
REQ003766,USER002064,81881,7
REQ003767,USER001349,69482,8
REQ003768,USER002377,67430,5
REQ003769,USER004956,44124,5
REQ003770,USER002019,20244,5
REQ003771,USER003621,80753,6
REQ003772,USER003662,31482,7
REQ003773,USER000665,50124,10
REQ003774,USER003509,48934,3
REQ003775,USER000005,59411,1
REQ003776,USER002760,46390,7
REQ003777,USER003184,57917,3
REQ003778,USER001615,55552,2
REQ003779,USER003651,46303,6
REQ003780,USER004128,26178,3
REQ003781,USER001933,42087,3
REQ003782,USER003598,44997,5
REQ003783,USER002645,12737,4
REQ003784,USER002536,17799,8
REQ003785,USER000465,59309,10
REQ003786,USER000802,58381,6
REQ003787,USER000270,38010,7
REQ003788,USER002303,68052,5
REQ003789,USER000526,22809,4
REQ003790,USER001073,24490,2
REQ003791,USER003991,5070,4
REQ003792,USER003010,17711,1
REQ003793,USER004147,33432,8
REQ003794,USER001436,15215,5
REQ003795,USER001737,1731,9
REQ003796,USER003207,48549,10
REQ003797,USER002466,25183,2
REQ003798,USER004505,62123,4
REQ003799,USER002323,48195,10
REQ003800,USER004237,47132,2
REQ003801,USER003854,40952,9
REQ003802,USER002480,23730,1
REQ003803,USER003363,74850,5
REQ003804,USER002784,85962,5
REQ003805,USER004490,21031,2
REQ003806,USER004276,57273,5
REQ003807,USER003685,6700,10
REQ003808,USER004757,71124,4
REQ003809,USER000708,32396,1
REQ003810,USER004169,4148,4
REQ003811,USER000947,34255,1
REQ003812,USER001344,68391,7
REQ003813,USER000828,17048,7
REQ003814,USER000052,8583,10
REQ003815,USER003992,71449,6
REQ003816,USER004760,38368,10
REQ003817,USER000345,72015,1
REQ003818,USER002375,17472,8
REQ003819,USER000024,9322,3
REQ003820,USER001413,70163,4
REQ003821,USER000125,12092,9
REQ003822,USER004419,47501,5
REQ003823,USER001426,25043,4
REQ003824,USER000461,56421,1
REQ003825,USER003244,19379,5
REQ003826,USER000088,9260,6
REQ003827,USER001905,58269,7
REQ003828,USER002478,22140,10
REQ003829,USER004418,47588,9
REQ003830,USER002228,10528,3
REQ003831,USER000699,58758,6
REQ003832,USER002573,50529,8
REQ003833,USER003292,815,2
REQ003834,USER003528,67091,8
REQ003835,USER001246,17911,6
REQ003836,USER003317,38966,9
REQ003837,USER003280,35387,4
REQ003838,USER001056,40944,1
REQ003839,USER003752,19939,1
REQ003840,USER000520,38628,7
REQ003841,USER002895,80040,10
REQ003842,USER001974,16840,8
REQ003843,USER003395,23471,5
REQ003844,USER003112,49097,1
REQ003845,USER001140,7314,5
REQ003846,USER002942,57720,4
REQ003847,USER000579,26591,10
REQ003848,USER002341,35547,1
REQ003849,USER001503,84364,6
REQ003850,USER001686,79304,3
REQ003851,USER004222,42133,9
REQ003852,USER003873,23434,7
REQ003853,USER002764,9710,8
REQ003854,USER004110,33677,2
REQ003855,USER004948,649,8
REQ003856,USER001762,54380,10
REQ003857,USER003623,37110,2
REQ003858,USER003643,15062,1
REQ003859,USER004796,47761,3
REQ003860,USER004437,28235,1
REQ003861,USER000794,2884,4
REQ003862,USER000598,42997,6
REQ003863,USER004288,37975,10
REQ003864,USER002337,10602,5
REQ003865,USER002381,22187,1
REQ003866,USER001737,31372,5
REQ003867,USER001849,59938,8
REQ003868,USER003972,58631,1
REQ003869,USER004790,16532,1
REQ003870,USER001943,57383,8
REQ003871,USER004616,5689,5
REQ003872,USER001835,82839,10
REQ003873,USER000960,57444,2
REQ003874,USER000117,9678,8
REQ003875,USER004691,56070,5
REQ003876,USER004883,46932,10
REQ003877,USER001553,61299,2
REQ003878,USER002247,32749,1
REQ003879,USER000197,71760,1
REQ003880,USER004652,332,1
REQ003881,USER000753,12436,9
REQ003882,USER002066,81767,4
REQ003883,USER004364,70113,3
REQ003884,USER001133,39871,7
REQ003885,USER003179,2482,5
REQ003886,USER001911,5514,6
REQ003887,USER002071,26330,5
REQ003888,USER001740,52490,6
REQ003889,USER001808,46383,3
REQ003890,USER002855,592,3
REQ003891,USER000773,27323,7
REQ003892,USER003589,73709,10
REQ003893,USER001613,12844,9
REQ003894,USER003989,4650,4
REQ003895,USER002192,69422,1
REQ003896,USER002345,10828,1
REQ003897,USER004320,75692,3
REQ003898,USER000153,25600,9
REQ003899,USER000117,74849,8
REQ003900,USER001679,29383,8
REQ003901,USER001693,9131,4
REQ003902,USER004671,59767,1
REQ003903,USER000362,23936,2
REQ003904,USER000592,7285,6
REQ003905,USER000316,78903,7
REQ003906,USER001844,72256,5
REQ003907,USER001307,85690,5
REQ003908,USER004114,17251,9
REQ003909,USER002169,8557,10
REQ003910,USER002177,40513,7
REQ003911,USER002306,30265,2
REQ003912,USER000279,33656,2
REQ003913,USER000835,37121,8
REQ003914,USER002687,58017,1
REQ003915,USER003054,37341,3
REQ003916,USER000639,16893,9
REQ003917,USER004217,61445,6
REQ003918,USER004742,30461,3
REQ003919,USER000174,58655,5
REQ003920,USER001281,81030,10
REQ003921,USER002029,21144,4
REQ003922,USER003692,72001,3
REQ003923,USER004242,54250,2
REQ003924,USER003632,67512,10
REQ003925,USER002857,22965,8
REQ003926,USER004180,69457,10
REQ003927,USER003939,38931,3
REQ003928,USER003160,68260,2
REQ003929,USER000291,42777,3
REQ003930,USER002621,69669,4
REQ003931,USER000682,75382,10
REQ003932,USER004949,69339,3
REQ003933,USER004612,51921,10
REQ003934,USER000828,18680,9
REQ003935,USER003830,78374,9
REQ003936,USER003793,56076,3
REQ003937,USER003000,85550,5
REQ003938,USER004049,7892,2
REQ003939,USER000434,79926,5
REQ003940,USER003104,36747,8
REQ003941,USER000329,12595,10
REQ003942,USER000944,10208,10
REQ003943,USER003411,45436,4
REQ003944,USER003831,56371,9
REQ003945,USER004957,6161,7
REQ003946,USER001808,8159,1
REQ003947,USER002923,47690,7
REQ003948,USER000861,73699,7
REQ003949,USER001455,77400,1
REQ003950,USER002433,5633,7
REQ003951,USER001441,75559,5
REQ003952,USER002635,44156,2
REQ003953,USER003241,38744,6
REQ003954,USER004285,8378,10
REQ003955,USER003865,23805,1
REQ003956,USER002062,26475,9
REQ003957,USER001835,47476,9
REQ003958,USER004255,38120,10
REQ003959,USER002306,8950,1
REQ003960,USER003167,52430,9
REQ003961,USER004230,5139,7
REQ003962,USER004057,31218,6
REQ003963,USER003317,37713,1
REQ003964,USER001683,34881,3
REQ003965,USER003586,15287,1
REQ003966,USER000658,16803,9
REQ003967,USER003392,18914,2
REQ003968,USER003550,84355,7
REQ003969,USER001983,53240,9
REQ003970,USER001411,78567,8
REQ003971,USER003251,62733,1
REQ003972,USER002274,13287,5
REQ003973,USER004344,81797,2
REQ003974,USER000058,76588,5
REQ003975,USER004545,77822,3
REQ003976,USER001005,970,8
REQ003977,USER002455,7774,10
REQ003978,USER003953,59465,10
REQ003979,USER000041,3093,9
REQ003980,USER004517,22374,8
REQ003981,USER001232,70842,10
REQ003982,USER001651,82172,8
REQ003983,USER002697,47983,9
REQ003984,USER001052,56896,2
REQ003985,USER004636,3165,2
REQ003986,USER001154,31586,5
REQ003987,USER004918,26353,7
REQ003988,USER004079,18505,8
REQ003989,USER000084,58482,5
REQ003990,USER003575,74104,7
REQ003991,USER000152,57440,7
REQ003992,USER002476,72502,9
REQ003993,USER001967,43644,2
REQ003994,USER002137,43906,7
REQ003995,USER003585,33255,9
REQ003996,USER002154,7601,4
REQ003997,USER002418,7826,8
REQ003998,USER003821,59397,2
REQ003999,USER001805,48625,4
REQ004000,USER001532,23055,3
REQ004001,USER004869,51430,1
REQ004002,USER003828,16859,10
REQ004003,USER001959,69187,3
REQ004004,USER003468,51035,9
REQ004005,USER001735,1706,5
REQ004006,USER003487,37601,2
REQ004007,USER002851,22683,8
REQ004008,USER002019,60663,9
REQ004009,USER001527,73255,9
REQ004010,USER001511,59568,8
REQ004011,USER002860,44320,1
REQ004012,USER004420,58191,4
REQ004013,USER004680,31269,9
REQ004014,USER000104,37726,4
REQ004015,USER003354,83719,5
REQ004016,USER000755,80369,1
REQ004017,USER004841,43137,6
REQ004018,USER000177,54461,5
REQ004019,USER000941,21190,8
REQ004020,USER001802,47248,7
REQ004021,USER001142,36884,8
REQ004022,USER003075,11076,4
REQ004023,USER004980,35512,5
REQ004024,USER003226,24231,6
REQ004025,USER003809,73317,2
REQ004026,USER001671,71398,9
REQ004027,USER001244,36549,10
REQ004028,USER003805,11542,4
REQ004029,USER000221,63571,2
REQ004030,USER004987,75890,10
REQ004031,USER004147,5121,4
REQ004032,USER002030,64052,3
REQ004033,USER002055,20364,7
REQ004034,USER003617,11376,5
REQ004035,USER004023,70637,5
REQ004036,USER000359,16957,2
REQ004037,USER000656,58431,8
REQ004038,USER000630,50592,4
REQ004039,USER001650,55395,3
REQ004040,USER003739,3024,1
REQ004041,USER001490,41920,6
REQ004042,USER000841,8687,4
REQ004043,USER001365,24064,7
REQ004044,USER002057,58836,3
REQ004045,USER003109,56112,4
REQ004046,USER003111,23592,2
REQ004047,USER004129,18771,7
REQ004048,USER003937,39257,4
REQ004049,USER000061,85573,8
REQ004050,USER001655,58860,3
REQ004051,USER003497,81936,9
REQ004052,USER004659,25083,3
REQ004053,USER000958,63628,1
REQ004054,USER000605,74764,1
REQ004055,USER004543,80378,7
REQ004056,USER004914,34754,8
REQ004057,USER000533,42821,6
REQ004058,USER000177,57651,10
REQ004059,USER001868,75289,1
REQ004060,USER000712,44952,2
REQ004061,USER001457,71328,5
REQ004062,USER000716,74993,2
REQ004063,USER004471,71269,5
REQ004064,USER001706,14623,6
REQ004065,USER001345,2695,5
REQ004066,USER002703,84026,3
REQ004067,USER001005,60409,10
REQ004068,USER003628,1451,5
REQ004069,USER004866,8738,5
REQ004070,USER002488,61435,3
REQ004071,USER001671,50728,5
REQ004072,USER000868,32668,6
REQ004073,USER002832,50393,7
REQ004074,USER000557,9231,3
REQ004075,USER002669,4791,9
REQ004076,USER003992,13458,9
REQ004077,USER002182,36271,7
REQ004078,USER000571,13161,6
REQ004079,USER004895,62565,4
REQ004080,USER000747,13396,10
REQ004081,USER004893,76649,3
REQ004082,USER001291,51837,4
REQ004083,USER004744,68530,10
REQ004084,USER001420,77553,5
REQ004085,USER002577,42810,7
REQ004086,USER004261,70002,5
REQ004087,USER004365,76420,4
REQ004088,USER001394,74612,7
REQ004089,USER003399,6479,9
REQ004090,USER002860,49767,9
REQ004091,USER000445,43069,3
REQ004092,USER003568,27503,9
REQ004093,USER002566,51579,2
REQ004094,USER000479,72168,10
REQ004095,USER003756,50652,2
REQ004096,USER000837,43078,5
REQ004097,USER002688,57284,3
REQ004098,USER001820,565,3
REQ004099,USER000152,69044,2
REQ004100,USER003878,32640,4
REQ004101,USER002978,691,9
REQ004102,USER003111,17583,9
REQ004103,USER002843,78588,9
REQ004104,USER002710,84092,6
REQ004105,USER003555,645,8
REQ004106,USER004762,15894,9
REQ004107,USER003477,62806,10
REQ004108,USER001532,36782,3
REQ004109,USER001588,65051,2
REQ004110,USER002317,52428,10
REQ004111,USER004497,46923,10
REQ004112,USER003414,46545,8
REQ004113,USER004397,46777,4
REQ004114,USER002889,1581,1
REQ004115,USER004238,71034,8
REQ004116,USER001666,34605,1
REQ004117,USER004952,8075,2
REQ004118,USER003531,67525,2
REQ004119,USER003905,66421,8
REQ004120,USER003354,51659,4
REQ004121,USER000707,77915,3
REQ004122,USER002276,35830,10
REQ004123,USER004854,18403,4
REQ004124,USER001568,58957,8
REQ004125,USER000124,78680,7
REQ004126,USER004009,72884,8
REQ004127,USER001458,26787,7
REQ004128,USER004804,51487,10
REQ004129,USER003422,33631,3
REQ004130,USER000841,30146,4
REQ004131,USER001315,84903,6
REQ004132,USER001441,41223,1
REQ004133,USER000739,4745,1
REQ004134,USER004126,51381,5
REQ004135,USER001097,84724,10
REQ004136,USER000636,53884,9
REQ004137,USER003433,6113,7
REQ004138,USER002929,32224,3
REQ004139,USER001169,85740,9
REQ004140,USER003713,74872,8
REQ004141,USER003059,32314,1
REQ004142,USER000498,11528,5
REQ004143,USER000407,25960,10
REQ004144,USER004583,19990,4
REQ004145,USER003394,67495,7
REQ004146,USER002403,52791,5
REQ004147,USER002138,59394,10
REQ004148,USER001581,40777,3
REQ004149,USER004536,66061,5
REQ004150,USER004612,61511,5
REQ004151,USER004756,19554,5
REQ004152,USER002933,27089,1
REQ004153,USER002807,74430,9
REQ004154,USER001769,33276,1
REQ004155,USER001286,85276,10
REQ004156,USER001888,56735,6
REQ004157,USER003651,6386,8
REQ004158,USER002195,52688,7
REQ004159,USER000344,55478,10
REQ004160,USER000624,28367,8
REQ004161,USER003871,22271,9
REQ004162,USER000448,65329,8
REQ004163,USER001473,73536,1
REQ004164,USER002407,52476,6
REQ004165,USER003573,46788,8
REQ004166,USER001824,22819,4
REQ004167,USER004312,65884,1
REQ004168,USER004026,61610,2
REQ004169,USER003870,72840,6
REQ004170,USER004817,56655,2
REQ004171,USER003984,63729,4
REQ004172,USER004579,32047,10
REQ004173,USER000866,63144,10
REQ004174,USER004217,30595,9
REQ004175,USER002669,36238,6
REQ004176,USER000793,67495,2
REQ004177,USER003200,69,4
REQ004178,USER004383,22898,1
REQ004179,USER002061,6867,2
REQ004180,USER001019,78482,4
REQ004181,USER004882,38261,7
REQ004182,USER003501,57050,6
REQ004183,USER002287,4476,7
REQ004184,USER002476,3513,8
REQ004185,USER000434,40349,9
REQ004186,USER001909,23597,10
REQ004187,USER003278,45834,9
REQ004188,USER003752,81558,6
REQ004189,USER002376,54397,5
REQ004190,USER004136,24957,10
REQ004191,USER001848,43910,1
REQ004192,USER003098,35021,3
REQ004193,USER001274,53427,5
REQ004194,USER000058,42139,8
REQ004195,USER001427,84639,7
REQ004196,USER003452,33298,10
REQ004197,USER003931,30363,6
REQ004198,USER001094,29837,10
REQ004199,USER004791,40615,1
REQ004200,USER001715,58144,4
REQ004201,USER000219,44808,10
REQ004202,USER004304,9590,3
REQ004203,USER002998,57453,3
REQ004204,USER003184,65731,8
REQ004205,USER004452,43676,7
REQ004206,USER000319,80226,2
REQ004207,USER002387,84912,8
REQ004208,USER000296,65655,5
REQ004209,USER002553,6459,5
REQ004210,USER003968,46521,6
REQ004211,USER001983,16640,9
REQ004212,USER001764,25563,8
REQ004213,USER002127,40893,1
REQ004214,USER003246,40303,4
REQ004215,USER004259,76842,8
REQ004216,USER000268,18932,5
REQ004217,USER000696,33432,4
REQ004218,USER000929,7638,5
REQ004219,USER000236,58642,3
REQ004220,USER002738,30811,7
REQ004221,USER000929,36457,9
REQ004222,USER000813,8131,10
REQ004223,USER000931,16234,10
REQ004224,USER002008,72540,4
REQ004225,USER004286,59640,9
REQ004226,USER004888,79714,7
REQ004227,USER002472,18914,1
REQ004228,USER002474,59855,1
REQ004229,USER003875,78370,8
REQ004230,USER003495,75149,7
REQ004231,USER001970,44724,1
REQ004232,USER003713,30688,10
REQ004233,USER000723,35607,6
REQ004234,USER003294,40228,8
REQ004235,USER003709,33429,6
REQ004236,USER000935,71014,5
REQ004237,USER004099,85678,8
REQ004238,USER004733,69342,5
REQ004239,USER001131,63744,10
REQ004240,USER003869,45129,3
REQ004241,USER000287,36587,7
REQ004242,USER001699,21168,10
REQ004243,USER004729,80974,8
REQ004244,USER004214,71246,6
REQ004245,USER001096,64069,2
REQ004246,USER002287,51540,4
REQ004247,USER000692,56006,9
REQ004248,USER004614,35422,3
REQ004249,USER002339,12970,8
REQ004250,USER004152,1513,3
REQ004251,USER002078,81628,2
REQ004252,USER003608,51487,8
REQ004253,USER002614,64994,6
REQ004254,USER001721,73049,10
REQ004255,USER004077,84584,3
REQ004256,USER003584,10235,9
REQ004257,USER000238,25441,8
REQ004258,USER003815,45314,6
REQ004259,USER001376,47674,8
REQ004260,USER000648,34922,10
REQ004261,USER001691,48641,6
REQ004262,USER004173,2005,4
REQ004263,USER000728,25657,9
REQ004264,USER001121,78816,8
REQ004265,USER004183,1685,1
REQ004266,USER003185,27423,9
REQ004267,USER003587,19727,1
REQ004268,USER002820,56583,9
REQ004269,USER000282,53239,4
REQ004270,USER000225,65303,10
REQ004271,USER001251,79825,9
REQ004272,USER002938,74493,10
REQ004273,USER003038,23503,5
REQ004274,USER003834,7921,2
REQ004275,USER004543,2640,5
REQ004276,USER002764,13992,1
REQ004277,USER000720,9565,6
REQ004278,USER004475,47180,4
REQ004279,USER001789,62782,10
REQ004280,USER002936,57896,4
REQ004281,USER000102,4018,6
REQ004282,USER002522,27217,7
REQ004283,USER003939,60662,6
REQ004284,USER003168,20924,7
REQ004285,USER000539,12565,5
REQ004286,USER004797,70140,8
REQ004287,USER000144,34699,1
REQ004288,USER003143,52156,3
REQ004289,USER001337,59227,3
REQ004290,USER000454,15182,10
REQ004291,USER002466,36721,5
REQ004292,USER004068,1606,5
REQ004293,USER001329,26004,7
REQ004294,USER000018,48430,3
REQ004295,USER002645,75996,3
REQ004296,USER004838,16405,1
REQ004297,USER004406,48207,2
REQ004298,USER001061,31466,9
REQ004299,USER002187,51495,3
REQ004300,USER004096,52589,7
REQ004301,USER002578,40707,8
REQ004302,USER002460,46662,10
REQ004303,USER004070,69704,3
REQ004304,USER000415,84245,7
REQ004305,USER002304,13814,7
REQ004306,USER003117,2974,2
REQ004307,USER000754,52070,1
REQ004308,USER001646,46554,2
REQ004309,USER002946,60143,1
REQ004310,USER000136,38206,8
REQ004311,USER003818,55618,5
REQ004312,USER004370,86183,9
REQ004313,USER003423,68248,5
REQ004314,USER003422,7885,5
REQ004315,USER003378,54080,7
REQ004316,USER000796,78259,5
REQ004317,USER001118,37872,9
REQ004318,USER002769,17168,9
REQ004319,USER000417,23977,8
REQ004320,USER000709,15267,1
REQ004321,USER001169,85500,3
REQ004322,USER002157,67647,9
REQ004323,USER000310,37545,2
REQ004324,USER002202,39404,9
REQ004325,USER004110,70687,8
REQ004326,USER003148,42109,8
REQ004327,USER002738,77003,5
REQ004328,USER002458,46750,2
REQ004329,USER001946,72394,4
REQ004330,USER003085,66065,6
REQ004331,USER004100,74061,6
REQ004332,USER002570,68226,5
REQ004333,USER000783,19722,10
REQ004334,USER004772,83688,3
REQ004335,USER001281,23463,1
REQ004336,USER004981,60733,2
REQ004337,USER002763,19360,6
REQ004338,USER002832,19378,3
REQ004339,USER002037,62144,9
REQ004340,USER000877,63962,4
REQ004341,USER000851,38145,8
REQ004342,USER003180,79333,4
REQ004343,USER003386,27610,8
REQ004344,USER004532,74615,8
REQ004345,USER001480,48364,9
REQ004346,USER003564,69183,6
REQ004347,USER000643,18590,10
REQ004348,USER003881,22754,6
REQ004349,USER004595,41516,3
REQ004350,USER000970,65603,3
REQ004351,USER003404,32194,3
REQ004352,USER000302,74991,5
REQ004353,USER001479,9978,6
REQ004354,USER001945,66026,4
REQ004355,USER004065,41641,2
REQ004356,USER002118,40693,9
REQ004357,USER002713,22706,6
REQ004358,USER002988,1194,4
REQ004359,USER004738,49977,3
REQ004360,USER002571,64364,3
REQ004361,USER001427,52394,10
REQ004362,USER000015,59632,2
REQ004363,USER002862,1608,4
REQ004364,USER003079,16762,5
REQ004365,USER003752,80226,5
REQ004366,USER003868,34461,7
REQ004367,USER002943,48724,8
REQ004368,USER002587,22263,6
REQ004369,USER003782,48259,6
REQ004370,USER004968,19817,6
REQ004371,USER004177,27775,5
REQ004372,USER003416,82516,3
REQ004373,USER002533,66522,1
REQ004374,USER000101,43156,8
REQ004375,USER002775,36568,5
REQ004376,USER002507,2173,6
REQ004377,USER000775,46515,3
REQ004378,USER001400,39547,3
REQ004379,USER001409,3445,1
REQ004380,USER004893,1012,3
REQ004381,USER003302,50817,6
REQ004382,USER002909,3026,1
REQ004383,USER001819,1610,1
REQ004384,USER000597,15619,3
REQ004385,USER001534,59896,10
REQ004386,USER000127,44360,3
REQ004387,USER000255,81840,6
REQ004388,USER004986,47276,7
REQ004389,USER002864,71710,9
REQ004390,USER004698,20271,1
REQ004391,USER000380,77710,4
REQ004392,USER000942,85797,2
REQ004393,USER003612,45250,6
REQ004394,USER002813,70846,1
REQ004395,USER003598,66698,1
REQ004396,USER003149,25962,10
REQ004397,USER001585,6714,10
REQ004398,USER004453,83584,1
REQ004399,USER003846,81044,4
REQ004400,USER003240,73561,7
REQ004401,USER003374,58012,6
REQ004402,USER001822,75950,5
REQ004403,USER002667,8957,9
REQ004404,USER004341,82969,2
REQ004405,USER004938,23374,4
REQ004406,USER004208,60120,9
REQ004407,USER003648,46449,8
REQ004408,USER000434,3086,1
REQ004409,USER003811,33214,7
REQ004410,USER004370,63437,5
REQ004411,USER000361,65645,6
REQ004412,USER001061,48210,6
REQ004413,USER004196,49593,1
REQ004414,USER004108,13925,5
REQ004415,USER004667,56529,10
REQ004416,USER000389,78651,7
REQ004417,USER004733,39608,8
REQ004418,USER004938,74529,7
REQ004419,USER002100,83641,9
REQ004420,USER000519,73483,5
REQ004421,USER004748,45719,10
REQ004422,USER000271,65495,5
REQ004423,USER000939,13890,3
REQ004424,USER000258,34066,7
REQ004425,USER000365,70328,2
REQ004426,USER004589,41146,3
REQ004427,USER001000,37646,3
REQ004428,USER003182,43225,9
REQ004429,USER003719,18887,10
REQ004430,USER003993,9082,1
REQ004431,USER003061,5808,3
REQ004432,USER001800,49659,6
REQ004433,USER003702,62438,8
REQ004434,USER002971,64186,10
REQ004435,USER003976,79755,4
REQ004436,USER002729,12359,4
REQ004437,USER000107,14404,4
REQ004438,USER000797,40416,5
REQ004439,USER001533,61950,1
REQ004440,USER002694,5581,6
REQ004441,USER001448,38333,1
REQ004442,USER001671,74796,8
REQ004443,USER000474,77081,4
REQ004444,USER002823,44424,8
REQ004445,USER004136,7857,10
REQ004446,USER003023,40175,4
REQ004447,USER004432,12935,9
REQ004448,USER003361,5256,3
REQ004449,USER004391,25597,4
REQ004450,USER002432,60539,7
REQ004451,USER003416,8492,2
REQ004452,USER001536,43045,1
REQ004453,USER003023,3010,3
REQ004454,USER000714,79352,4
REQ004455,USER000778,43936,10
REQ004456,USER003047,17025,4
REQ004457,USER001447,20560,8
REQ004458,USER001672,79248,3
REQ004459,USER003330,16278,6
REQ004460,USER001244,81856,5
REQ004461,USER001472,85588,1
REQ004462,USER002497,30910,7
REQ004463,USER004357,74329,9
REQ004464,USER000344,25850,9
REQ004465,USER000412,18369,8
REQ004466,USER002072,61548,10
REQ004467,USER002863,29191,4
REQ004468,USER003884,12100,7
REQ004469,USER002754,39489,7
REQ004470,USER000198,6909,4
REQ004471,USER001286,9263,6
REQ004472,USER002558,74349,5
REQ004473,USER002717,64866,6
REQ004474,USER002331,52309,2
REQ004475,USER004364,80018,8
REQ004476,USER002723,50754,6
REQ004477,USER001876,67162,2
REQ004478,USER003237,15890,3
REQ004479,USER001457,67319,7
REQ004480,USER000072,70920,4
REQ004481,USER002684,78224,4
REQ004482,USER003223,48329,9
REQ004483,USER000775,32490,8
REQ004484,USER000649,74647,7
REQ004485,USER003054,64778,5
REQ004486,USER004189,46830,10
REQ004487,USER000707,54196,10
REQ004488,USER000449,27916,1
REQ004489,USER001113,11748,3
REQ004490,USER001752,10522,2
REQ004491,USER003436,58073,1
REQ004492,USER000553,54455,4
REQ004493,USER003185,22408,8
REQ004494,USER000896,58210,10
REQ004495,USER000854,71497,5
REQ004496,USER003809,9474,5
REQ004497,USER001460,81401,3
REQ004498,USER003788,35287,2
REQ004499,USER000287,47802,7
REQ004500,USER002397,80395,7
REQ004501,USER003584,58929,3
REQ004502,USER001003,14453,3
REQ004503,USER002574,5244,10
REQ004504,USER001177,75019,4
REQ004505,USER002174,4196,4
REQ004506,USER001698,53853,8
REQ004507,USER004673,75567,8
REQ004508,USER002951,40868,9
REQ004509,USER004795,4937,6
REQ004510,USER001819,6777,10
REQ004511,USER002761,57772,5
REQ004512,USER004467,70701,10
REQ004513,USER001496,9821,7
REQ004514,USER004734,50315,9
REQ004515,USER003079,60124,5
REQ004516,USER000404,51651,7
REQ004517,USER001502,58683,5
REQ004518,USER002765,52080,5
REQ004519,USER002393,1518,2
REQ004520,USER003276,39488,5
REQ004521,USER000924,24580,3
REQ004522,USER003816,76288,9
REQ004523,USER001459,1983,1
REQ004524,USER003211,45141,1
REQ004525,USER003377,83200,4
REQ004526,USER000342,82845,9
REQ004527,USER000013,13799,1
REQ004528,USER000303,14412,9
REQ004529,USER003399,81582,6
REQ004530,USER000394,42669,2
REQ004531,USER000133,782,10
REQ004532,USER003530,64490,1
REQ004533,USER002252,8335,7
REQ004534,USER001214,67499,8
REQ004535,USER003093,13291,3
REQ004536,USER000118,54406,8
REQ004537,USER003764,75582,4
REQ004538,USER003865,3658,2
REQ004539,USER000908,69720,8
REQ004540,USER002426,24772,1
REQ004541,USER004072,4184,6
REQ004542,USER001374,78290,9
REQ004543,USER004498,46050,9
REQ004544,USER002224,31112,1
REQ004545,USER003740,13278,9
REQ004546,USER001935,38064,9
REQ004547,USER004289,48576,9
REQ004548,USER002818,14420,7
REQ004549,USER002241,49696,5
REQ004550,USER001724,30937,8
REQ004551,USER001511,45881,5
REQ004552,USER001687,56567,1
REQ004553,USER004723,5697,10
REQ004554,USER001725,75611,4
REQ004555,USER002762,56416,10
REQ004556,USER002528,57198,8
REQ004557,USER002706,25127,7
REQ004558,USER004843,48500,6
REQ004559,USER001676,61851,10
REQ004560,USER001988,77970,4
REQ004561,USER000560,43079,5
REQ004562,USER002089,73743,1
REQ004563,USER002840,52309,5
REQ004564,USER001696,83725,9
REQ004565,USER004102,56305,8
REQ004566,USER001134,50537,1
REQ004567,USER002997,21541,10
REQ004568,USER004444,22182,10
REQ004569,USER001214,28007,8
REQ004570,USER002004,20868,8
REQ004571,USER004575,60398,4
REQ004572,USER004809,46359,5
REQ004573,USER004784,57914,10
REQ004574,USER004609,58581,10
REQ004575,USER002094,84840,5
REQ004576,USER002993,71568,2
REQ004577,USER001494,44960,4
REQ004578,USER003479,28753,3
REQ004579,USER003295,85191,10
REQ004580,USER004719,81120,1
REQ004581,USER000956,83684,3
REQ004582,USER002318,24660,4
REQ004583,USER000105,40982,4
REQ004584,USER002971,82531,2
REQ004585,USER004091,10035,7
REQ004586,USER003148,60797,8
REQ004587,USER001237,47634,3
REQ004588,USER003567,40526,1
REQ004589,USER001309,20671,1
REQ004590,USER004991,38966,6
REQ004591,USER000638,66998,2
REQ004592,USER000814,38546,6
REQ004593,USER000337,33072,10
REQ004594,USER001370,16938,2
REQ004595,USER001493,34519,8
REQ004596,USER004730,39281,9
REQ004597,USER000307,58002,5
REQ004598,USER003399,76883,7
REQ004599,USER003440,36634,8
REQ004600,USER001122,18107,1
REQ004601,USER002543,32618,3
REQ004602,USER001011,45560,6
REQ004603,USER002167,82993,8
REQ004604,USER001150,49990,7
REQ004605,USER004500,71845,6
REQ004606,USER002681,47258,5
REQ004607,USER003685,74249,6
REQ004608,USER001495,75178,1
REQ004609,USER002174,19711,9
REQ004610,USER001748,48851,8
REQ004611,USER000818,44459,1
REQ004612,USER002372,63125,6
REQ004613,USER001467,43216,10
REQ004614,USER004767,17536,8
REQ004615,USER001358,32319,5
REQ004616,USER000270,40381,2
REQ004617,USER000701,42170,4
REQ004618,USER003254,33967,5
REQ004619,USER002039,70878,4
REQ004620,USER003776,34669,9
REQ004621,USER001622,80041,3
REQ004622,USER001119,31130,6
REQ004623,USER003147,80532,5
REQ004624,USER000511,9199,5
REQ004625,USER004171,82358,1
REQ004626,USER003907,7653,3
REQ004627,USER000015,13930,6
REQ004628,USER002035,38734,8
REQ004629,USER001169,77137,7
REQ004630,USER003159,62797,4
REQ004631,USER000297,739,6
REQ004632,USER004451,46165,3
REQ004633,USER002018,52096,8
REQ004634,USER003381,20160,5
REQ004635,USER001057,22532,5
REQ004636,USER002942,25855,6
REQ004637,USER002154,46336,7
REQ004638,USER000453,671,3
REQ004639,USER001936,71794,7
REQ004640,USER004219,20062,2
REQ004641,USER001598,14351,2
REQ004642,USER001691,41518,6
REQ004643,USER004820,11550,2
REQ004644,USER001830,33830,9
REQ004645,USER003739,54579,1
REQ004646,USER002166,40386,4
REQ004647,USER004131,68690,3
REQ004648,USER000287,49001,7
REQ004649,USER002453,7238,3
REQ004650,USER001317,60130,2
REQ004651,USER004195,14829,8
REQ004652,USER002542,10205,6
REQ004653,USER000001,69113,5
REQ004654,USER000293,50860,3
REQ004655,USER004860,1942,4
REQ004656,USER003449,62441,1
REQ004657,USER001660,19706,3
REQ004658,USER001165,40925,3
REQ004659,USER002564,3687,5
REQ004660,USER003690,29464,2
REQ004661,USER001646,17705,7
REQ004662,USER004973,79320,6
REQ004663,USER002457,80431,4
REQ004664,USER004817,13155,4
REQ004665,USER002245,45159,8
REQ004666,USER003913,64899,9
REQ004667,USER004950,31883,2
REQ004668,USER003634,14881,8
REQ004669,USER001155,73103,7
REQ004670,USER002804,68923,1
REQ004671,USER002146,69807,10
REQ004672,USER001423,42285,2
REQ004673,USER001759,47464,5
REQ004674,USER004630,82776,2
REQ004675,USER003066,68403,1
REQ004676,USER000640,78840,9
REQ004677,USER000504,39499,7
REQ004678,USER000856,11626,5
REQ004679,USER001100,17220,2
REQ004680,USER000866,64857,10
REQ004681,USER002104,42731,6
REQ004682,USER001669,54168,6
REQ004683,USER003031,13358,5
REQ004684,USER004538,42349,4
REQ004685,USER004836,10265,1
REQ004686,USER001177,55819,7
REQ004687,USER003226,3218,7
REQ004688,USER002687,84428,1
REQ004689,USER001809,9727,1
REQ004690,USER000593,46176,8
REQ004691,USER001862,51297,7
REQ004692,USER003600,30167,6
REQ004693,USER002008,77739,2
REQ004694,USER000601,28152,3
REQ004695,USER000584,42693,5
REQ004696,USER001859,5379,6
REQ004697,USER001016,63558,4
REQ004698,USER000315,5391,3
REQ004699,USER004069,20409,3
REQ004700,USER002153,47490,4
REQ004701,USER000330,51083,2
REQ004702,USER002331,64872,6
REQ004703,USER004219,2590,5
REQ004704,USER000984,83372,6
REQ004705,USER004418,47941,4
REQ004706,USER001541,28253,4
REQ004707,USER004066,25745,3
REQ004708,USER002017,65770,7
REQ004709,USER001475,50409,10
REQ004710,USER000872,71202,2
REQ004711,USER002512,74126,7
REQ004712,USER000551,59564,4
REQ004713,USER001583,9552,5
REQ004714,USER003716,29863,2
REQ004715,USER003507,71383,3
REQ004716,USER004493,59781,4
REQ004717,USER000630,8979,3
REQ004718,USER001007,37648,6
REQ004719,USER004946,11132,5
REQ004720,USER002198,64381,6
REQ004721,USER001634,73481,7
REQ004722,USER004060,63491,2
REQ004723,USER000294,28375,8
REQ004724,USER004182,57404,7
REQ004725,USER001612,59941,8
REQ004726,USER000259,77316,1
REQ004727,USER004898,53961,8
REQ004728,USER002691,51012,7
REQ004729,USER003281,42603,5
REQ004730,USER002539,50279,6
REQ004731,USER001435,11298,3
REQ004732,USER002295,78286,8
REQ004733,USER000016,13246,1
REQ004734,USER000977,31390,1
REQ004735,USER003775,49332,4
REQ004736,USER004954,5952,10
REQ004737,USER001872,47239,3
REQ004738,USER004551,81904,1
REQ004739,USER003885,81864,8
REQ004740,USER003758,34375,7
REQ004741,USER002449,83806,5
REQ004742,USER001546,55345,1
REQ004743,USER002448,83812,4
REQ004744,USER000929,21442,2
REQ004745,USER002434,53984,8
REQ004746,USER001390,22145,1
REQ004747,USER001207,21954,10
REQ004748,USER004141,10751,10
REQ004749,USER003799,65217,2
REQ004750,USER001639,82049,7
REQ004751,USER004372,84922,7
REQ004752,USER002737,5207,5
REQ004753,USER003532,72033,1
REQ004754,USER002260,35829,2
REQ004755,USER000060,50491,9
REQ004756,USER001878,20934,10
REQ004757,USER000849,3251,9
REQ004758,USER003400,15693,10
REQ004759,USER000287,18999,9
REQ004760,USER000556,48723,2
REQ004761,USER001744,83481,6
REQ004762,USER000234,24089,9
REQ004763,USER003816,67979,6
REQ004764,USER003790,76132,2
REQ004765,USER003467,29300,6
REQ004766,USER003970,12023,6
REQ004767,USER002364,38581,4
REQ004768,USER004750,13755,3
REQ004769,USER004800,13217,2
REQ004770,USER001308,85217,1
REQ004771,USER000271,70766,4
REQ004772,USER002947,7312,7
REQ004773,USER000642,13667,1
REQ004774,USER000788,53622,3
REQ004775,USER000969,26281,2
REQ004776,USER000746,37614,3
REQ004777,USER004906,85415,2
REQ004778,USER001654,62952,5
REQ004779,USER000973,15119,7
REQ004780,USER004909,12000,10
REQ004781,USER001755,20878,8
REQ004782,USER004928,1284,1
REQ004783,USER004069,34293,2
REQ004784,USER000587,31465,8
REQ004785,USER001109,35212,8
REQ004786,USER003724,78331,10
REQ004787,USER002767,45147,9
REQ004788,USER002878,47184,9
REQ004789,USER000365,31048,10
REQ004790,USER002234,33898,6
REQ004791,USER001141,15179,6
REQ004792,USER003386,23223,8
REQ004793,USER001429,13272,9
REQ004794,USER004110,36225,7
REQ004795,USER004531,73702,9
REQ004796,USER003533,41829,10
REQ004797,USER001568,4071,3
REQ004798,USER002245,6292,2
REQ004799,USER004364,27637,9
REQ004800,USER001805,73094,1
REQ004801,USER003964,62012,3
REQ004802,USER004869,7319,8
REQ004803,USER001856,79957,1
REQ004804,USER004075,7139,6
REQ004805,USER000615,64027,8
REQ004806,USER004320,25544,1
REQ004807,USER003373,8363,8
REQ004808,USER003838,9397,8
REQ004809,USER003042,75647,7
REQ004810,USER004540,65734,4
REQ004811,USER004400,41652,5
REQ004812,USER002651,69790,10
REQ004813,USER002679,4474,10
REQ004814,USER002257,50187,6
REQ004815,USER002568,41119,5
REQ004816,USER000615,40698,7
REQ004817,USER004109,47611,6
REQ004818,USER004480,41001,3
REQ004819,USER003948,68344,6
REQ004820,USER002971,44745,10
REQ004821,USER000506,37228,7
REQ004822,USER001263,60014,5
REQ004823,USER002615,71166,3
REQ004824,USER003274,19236,1
REQ004825,USER001383,61628,5
REQ004826,USER002242,38911,1
REQ004827,USER000940,38485,7
REQ004828,USER004605,34427,7
REQ004829,USER000147,22970,1
REQ004830,USER004110,30499,2
REQ004831,USER003793,64445,3
REQ004832,USER004720,4717,10
REQ004833,USER001413,51195,2
REQ004834,USER003434,11476,9
REQ004835,USER002554,82105,8
REQ004836,USER003786,45327,2
REQ004837,USER004175,38872,10
REQ004838,USER004636,36613,1
REQ004839,USER002136,66221,3
REQ004840,USER001320,63629,5
REQ004841,USER001433,8699,4
REQ004842,USER002461,50549,8
REQ004843,USER000724,25806,2
REQ004844,USER004164,16091,3
REQ004845,USER003194,75564,5
REQ004846,USER000429,78766,5
REQ004847,USER000886,13517,3
REQ004848,USER002209,29424,9
REQ004849,USER004440,65118,8
REQ004850,USER002907,71694,6
REQ004851,USER004625,48580,5
REQ004852,USER001913,76149,4
REQ004853,USER000489,19591,1
REQ004854,USER000121,32191,5
REQ004855,USER003458,78449,4
REQ004856,USER003858,37761,2
REQ004857,USER003784,12105,9
REQ004858,USER003482,17872,9
REQ004859,USER004708,3881,2
REQ004860,USER001634,68572,5
REQ004861,USER004657,81127,6
REQ004862,USER003230,51779,1
REQ004863,USER002105,15182,7
REQ004864,USER002915,16281,4
REQ004865,USER002881,27788,3
REQ004866,USER002040,5346,7
REQ004867,USER004143,58176,10
REQ004868,USER002264,77801,7
REQ004869,USER001078,61679,8
REQ004870,USER002857,62526,9
REQ004871,USER001646,40293,9
REQ004872,USER003472,13611,2
REQ004873,USER001843,20730,3
REQ004874,USER003744,27849,8
REQ004875,USER003044,862,7
REQ004876,USER002412,61689,3
REQ004877,USER002953,612,1
REQ004878,USER002028,30998,4
REQ004879,USER004083,69861,4
REQ004880,USER004240,16542,7
REQ004881,USER004361,75607,1
REQ004882,USER003063,61781,3
REQ004883,USER000643,4032,8
REQ004884,USER001528,7369,3
REQ004885,USER000992,66585,4
REQ004886,USER004070,13465,2
REQ004887,USER001654,39496,8
REQ004888,USER002009,12171,9
REQ004889,USER002387,66625,8
REQ004890,USER002485,85434,3
REQ004891,USER004434,45854,7
REQ004892,USER003950,53508,6
REQ004893,USER002052,33421,7
REQ004894,USER003086,1024,4
REQ004895,USER000689,59508,9
REQ004896,USER001222,68875,1
REQ004897,USER000345,68714,6
REQ004898,USER000439,61537,10
REQ004899,USER002558,66184,8
REQ004900,USER000517,33574,1
REQ004901,USER003472,20595,8
REQ004902,USER000769,83003,4
REQ004903,USER004968,2127,6
REQ004904,USER002713,23352,9
REQ004905,USER004989,18447,3
REQ004906,USER003936,11559,8
REQ004907,USER001469,62699,5
REQ004908,USER000998,30666,5
REQ004909,USER001506,28825,4
REQ004910,USER001359,52487,7
REQ004911,USER002935,2684,6
REQ004912,USER001032,40992,7
REQ004913,USER000961,33115,2
REQ004914,USER001420,29103,3
REQ004915,USER000006,37597,1
REQ004916,USER003302,19654,1
REQ004917,USER000591,60203,2
REQ004918,USER002038,42873,7
REQ004919,USER004802,69433,6
REQ004920,USER004814,28161,2
REQ004921,USER003409,65205,10
REQ004922,USER001197,9280,3
REQ004923,USER002476,44687,2
REQ004924,USER002762,72488,6
REQ004925,USER002786,28764,7
REQ004926,USER004994,37448,7
REQ004927,USER002338,47,5
REQ004928,USER002762,65136,3
REQ004929,USER001091,58811,7
REQ004930,USER003294,24477,2
REQ004931,USER004933,38773,8
REQ004932,USER004124,74748,5
REQ004933,USER001415,29529,8
REQ004934,USER000645,11235,2
REQ004935,USER003723,5817,3
REQ004936,USER004914,64648,6
REQ004937,USER000572,57915,9
REQ004938,USER003682,63656,1
REQ004939,USER000430,54362,5
REQ004940,USER002188,38887,7
REQ004941,USER001041,55555,3
REQ004942,USER001369,40747,5
REQ004943,USER001854,47851,1
REQ004944,USER000597,28020,9
REQ004945,USER001932,32999,5
REQ004946,USER004994,35009,7
REQ004947,USER003428,23827,2
REQ004948,USER000489,65752,10
REQ004949,USER002652,44939,4
REQ004950,USER002010,84521,9
REQ004951,USER004661,22508,3
REQ004952,USER003090,50839,7
REQ004953,USER000676,28116,3
REQ004954,USER003635,32632,1
REQ004955,USER001469,7208,9
REQ004956,USER002651,20391,8
REQ004957,USER000520,26533,3
REQ004958,USER003427,158,9
REQ004959,USER001428,34929,10
REQ004960,USER004647,24485,3
REQ004961,USER003448,60152,7
REQ004962,USER002604,8475,2
REQ004963,USER004447,56007,8
REQ004964,USER004208,14323,1
REQ004965,USER003735,17751,1
REQ004966,USER000331,60353,8
REQ004967,USER003054,74137,7
REQ004968,USER002117,32127,1
REQ004969,USER001757,6314,4
REQ004970,USER002556,31220,8
REQ004971,USER003166,80907,9
REQ004972,USER001695,82273,1
REQ004973,USER001815,17061,5
REQ004974,USER003404,77211,9
REQ004975,USER004888,72255,9
REQ004976,USER000784,8781,7
REQ004977,USER003180,57953,5
REQ004978,USER004341,18725,9
REQ004979,USER000798,25427,4
REQ004980,USER001538,18259,3
REQ004981,USER001278,36224,5
REQ004982,USER002422,14384,8
REQ004983,USER003432,44555,6
REQ004984,USER003970,60469,3
REQ004985,USER002006,76197,3
REQ004986,USER004426,27304,2
REQ004987,USER004325,59010,9
REQ004988,USER000273,5705,7
REQ004989,USER001947,8361,6
REQ004990,USER004732,69707,7
REQ004991,USER001864,77810,6
REQ004992,USER003320,64107,8
REQ004993,USER002601,4019,2
REQ004994,USER004382,1904,10
REQ004995,USER002578,27655,1
REQ004996,USER000277,7299,7
REQ004997,USER000686,42617,8
REQ004998,USER000839,52461,10
REQ004999,USER002459,74800,8
REQ005000,USER003043,12381,3
